strategy_id,samples,pass_rate,avg_total_gap,median_total_gap,avg_annualized_gap,avg_drawdown_improvement,avg_strategy_return,avg_buy_hold_return,avg_var_5,avg_cvar_5,avg_turnover,avg_trades,bundle_warning,engine,approval_state,requires_exact_validation,requires_fund_rule_review,requires_user_approval_before_quantlab_write
bw99_boll_or_rsi_none_ma_trend_full_none,2000,0.998,-0.0008159295933601,-0.0002930099090281,-0.000141164300503,0.0011788818312678,0.1287532658874622,0.1295691954808224,-0.0276612507426735,-0.0477430942751811,1.300648685149056,207.592,,exact_backtest,external_evidence_only,False,False,True
bw99_none_none_ma_trend_full_none,2000,0.9965,-0.0007950589420142,-0.000175335335494,-3.607730291545019e-05,0.0022916263088584,0.1287741365388082,0.1295691954808224,-0.0275419778391654,-0.0475272706320578,1.1239710894626882,232.782,,exact_backtest,external_evidence_only,False,False,True
bw98_boll_or_rsi_none_ma_trend_full_none,2000,0.9945,-0.001631207689334,-0.0005954313320454,-0.0002843476528379,0.0022422453473377,0.1279379877914883,0.1295691954808224,-0.0277551551338039,-0.047959853440906,1.5997470951695396,207.6105,,exact_backtest,external_evidence_only,False,False,True
