strategy_id,samples,pass_rate,avg_total_gap,median_total_gap,avg_annualized_gap,avg_drawdown_improvement,avg_strategy_return,avg_buy_hold_return,avg_var_5,avg_cvar_5,avg_turnover,avg_trades,bundle_warning,engine,approval_state,requires_exact_validation,requires_fund_rule_review,requires_user_approval_before_quantlab_write
bw99_boll_or_rsi_none_ma_trend_full_none,4000,0.9985,-0.0008271113529676,-0.0002486260374552,-5.1746640069859266e-05,0.0013103581049877,0.1183659471061323,0.1191930584591,-0.0281112705956485,-0.0484480063411865,1.3128836033256988,212.58825,,exact_backtest,external_evidence_only,False,False,True
bw99_none_none_ma_trend_full_none,4000,0.99775,-0.000700337575985,-6.837320172459194e-05,0.0001346218514575,0.0024927670627021,0.1184927208831149,0.1191930584591,-0.0279645665607979,-0.0481916690283796,1.1304059809080258,239.08275,,exact_backtest,external_evidence_only,False,False,True
bw98_boll_or_rsi_none_ma_trend_full_none,4000,0.994,-0.0016542402259702,-0.0004987811149256,-0.0001066470266709,0.0024703478379345,0.1175388182331297,0.1191930584591,-0.0282964185957915,-0.0488252367768728,1.6241526393374537,212.625,,exact_backtest,external_evidence_only,False,False,True
