market_id,country_iso3,country_name_zh,index_name,instrument_type,return_type,currency,timezone,latitude,longitude,session_date,open_ts_utc,close_ts_utc,close,source,source_symbol,source_retrieved_at
SYN_A,AAA,合成市场A,合成指数A,cash_index,price,AAA,Etc/UTC,35.0,-95.0,2024-01-02,2024-01-02T00:00:00Z,2024-01-02T06:00:00Z,101.32836518,GELA_SYNTHETIC_FIXTURE,SYN_A,2026-07-26T00:00:00Z
SYN_B,BBB,合成市场B,合成指数B,cash_index,price,BBB,Etc/UTC,37.0,127.0,2024-01-02,2024-01-02T08:00:00Z,2024-01-02T14:00:00Z,100.58041533,GELA_SYNTHETIC_FIXTURE,SYN_B,2026-07-26T00:00:00Z
SYN_C,CCC,合成市场C,合成指数C,cash_index,price,CCC,Etc/UTC,51.0,10.0,2024-01-02,2024-01-02T15:00:00Z,2024-01-02T21:00:00Z,98.32828784,GELA_SYNTHETIC_FIXTURE,SYN_C,2026-07-26T00:00:00Z
SYN_A,AAA,合成市场A,合成指数A,cash_index,price,AAA,Etc/UTC,35.0,-95.0,2024-01-03,2024-01-03T00:00:00Z,2024-01-03T06:00:00Z,101.06295256,GELA_SYNTHETIC_FIXTURE,SYN_A,2026-07-26T00:00:00Z
SYN_B,BBB,合成市场B,合成指数B,cash_index,price,BBB,Etc/UTC,37.0,127.0,2024-01-03,2024-01-03T08:00:00Z,2024-01-03T14:00:00Z,100.35031939,GELA_SYNTHETIC_FIXTURE,SYN_B,2026-07-26T00:00:00Z
SYN_C,CCC,合成市场C,合成指数C,cash_index,price,CCC,Etc/UTC,51.0,10.0,2024-01-03,2024-01-03T15:00:00Z,2024-01-03T21:00:00Z,98.69300332,GELA_SYNTHETIC_FIXTURE,SYN_C,2026-07-26T00:00:00Z
SYN_A,AAA,合成市场A,合成指数A,cash_index,price,AAA,Etc/UTC,35.0,-95.0,2024-01-04,2024-01-04T00:00:00Z,2024-01-04T06:00:00Z,99.80746823,GELA_SYNTHETIC_FIXTURE,SYN_A,2026-07-26T00:00:00Z
SYN_B,BBB,合成市场B,合成指数B,cash_index,price,BBB,Etc/UTC,37.0,127.0,2024-01-04,2024-01-04T08:00:00Z,2024-01-04T14:00:00Z,100.15685035,GELA_SYNTHETIC_FIXTURE,SYN_B,2026-07-26T00:00:00Z
SYN_C,CCC,合成市场C,合成指数C,cash_index,price,CCC,Etc/UTC,51.0,10.0,2024-01-04,2024-01-04T15:00:00Z,2024-01-04T21:00:00Z,98.57484094,GELA_SYNTHETIC_FIXTURE,SYN_C,2026-07-26T00:00:00Z
SYN_A,AAA,合成市场A,合成指数A,cash_index,price,AAA,Etc/UTC,35.0,-95.0,2024-01-05,2024-01-05T00:00:00Z,2024-01-05T06:00:00Z,99.62025209,GELA_SYNTHETIC_FIXTURE,SYN_A,2026-07-26T00:00:00Z
SYN_B,BBB,合成市场B,合成指数B,cash_index,price,BBB,Etc/UTC,37.0,127.0,2024-01-05,2024-01-05T08:00:00Z,2024-01-05T14:00:00Z,99.80544429,GELA_SYNTHETIC_FIXTURE,SYN_B,2026-07-26T00:00:00Z
SYN_C,CCC,合成市场C,合成指数C,cash_index,price,CCC,Etc/UTC,51.0,10.0,2024-01-05,2024-01-05T15:00:00Z,2024-01-05T21:00:00Z,98.50419555,GELA_SYNTHETIC_FIXTURE,SYN_C,2026-07-26T00:00:00Z
SYN_A,AAA,合成市场A,合成指数A,cash_index,price,AAA,Etc/UTC,35.0,-95.0,2024-01-08,2024-01-08T00:00:00Z,2024-01-08T06:00:00Z,99.97552986,GELA_SYNTHETIC_FIXTURE,SYN_A,2026-07-26T00:00:00Z
SYN_B,BBB,合成市场B,合成指数B,cash_index,price,BBB,Etc/UTC,37.0,127.0,2024-01-08,2024-01-08T08:00:00Z,2024-01-08T14:00:00Z,100.21278926,GELA_SYNTHETIC_FIXTURE,SYN_B,2026-07-26T00:00:00Z
SYN_C,CCC,合成市场C,合成指数C,cash_index,price,CCC,Etc/UTC,51.0,10.0,2024-01-08,2024-01-08T15:00:00Z,2024-01-08T21:00:00Z,99.08429331,GELA_SYNTHETIC_FIXTURE,SYN_C,2026-07-26T00:00:00Z
SYN_A,AAA,合成市场A,合成指数A,cash_index,price,AAA,Etc/UTC,35.0,-95.0,2024-01-09,2024-01-09T00:00:00Z,2024-01-09T06:00:00Z,100.10701531,GELA_SYNTHETIC_FIXTURE,SYN_A,2026-07-26T00:00:00Z
SYN_B,BBB,合成市场B,合成指数B,cash_index,price,BBB,Etc/UTC,37.0,127.0,2024-01-09,2024-01-09T08:00:00Z,2024-01-09T14:00:00Z,99.97421265,GELA_SYNTHETIC_FIXTURE,SYN_B,2026-07-26T00:00:00Z
SYN_C,CCC,合成市场C,合成指数C,cash_index,price,CCC,Etc/UTC,51.0,10.0,2024-01-09,2024-01-09T15:00:00Z,2024-01-09T21:00:00Z,100.02395247,GELA_SYNTHETIC_FIXTURE,SYN_C,2026-07-26T00:00:00Z
SYN_A,AAA,合成市场A,合成指数A,cash_index,price,AAA,Etc/UTC,35.0,-95.0,2024-01-10,2024-01-10T00:00:00Z,2024-01-10T06:00:00Z,101.11270141,GELA_SYNTHETIC_FIXTURE,SYN_A,2026-07-26T00:00:00Z
SYN_B,BBB,合成市场B,合成指数B,cash_index,price,BBB,Etc/UTC,37.0,127.0,2024-01-10,2024-01-10T08:00:00Z,2024-01-10T14:00:00Z,100.99899676,GELA_SYNTHETIC_FIXTURE,SYN_B,2026-07-26T00:00:00Z
SYN_C,CCC,合成市场C,合成指数C,cash_index,price,CCC,Etc/UTC,51.0,10.0,2024-01-10,2024-01-10T15:00:00Z,2024-01-10T21:00:00Z,100.92737378,GELA_SYNTHETIC_FIXTURE,SYN_C,2026-07-26T00:00:00Z
SYN_A,AAA,合成市场A,合成指数A,cash_index,price,AAA,Etc/UTC,35.0,-95.0,2024-01-11,2024-01-11T00:00:00Z,2024-01-11T06:00:00Z,102.39276978,GELA_SYNTHETIC_FIXTURE,SYN_A,2026-07-26T00:00:00Z
SYN_B,BBB,合成市场B,合成指数B,cash_index,price,BBB,Etc/UTC,37.0,127.0,2024-01-11,2024-01-11T08:00:00Z,2024-01-11T14:00:00Z,101.66179312,GELA_SYNTHETIC_FIXTURE,SYN_B,2026-07-26T00:00:00Z
SYN_C,CCC,合成市场C,合成指数C,cash_index,price,CCC,Etc/UTC,51.0,10.0,2024-01-11,2024-01-11T15:00:00Z,2024-01-11T21:00:00Z,100.48839458,GELA_SYNTHETIC_FIXTURE,SYN_C,2026-07-26T00:00:00Z
SYN_A,AAA,合成市场A,合成指数A,cash_index,price,AAA,Etc/UTC,35.0,-95.0,2024-01-12,2024-01-12T00:00:00Z,2024-01-12T06:00:00Z,101.71189798,GELA_SYNTHETIC_FIXTURE,SYN_A,2026-07-26T00:00:00Z
SYN_B,BBB,合成市场B,合成指数B,cash_index,price,BBB,Etc/UTC,37.0,127.0,2024-01-12,2024-01-12T08:00:00Z,2024-01-12T14:00:00Z,101.39458095,GELA_SYNTHETIC_FIXTURE,SYN_B,2026-07-26T00:00:00Z
SYN_C,CCC,合成市场C,合成指数C,cash_index,price,CCC,Etc/UTC,51.0,10.0,2024-01-12,2024-01-12T15:00:00Z,2024-01-12T21:00:00Z,100.68363470,GELA_SYNTHETIC_FIXTURE,SYN_C,2026-07-26T00:00:00Z
SYN_A,AAA,合成市场A,合成指数A,cash_index,price,AAA,Etc/UTC,35.0,-95.0,2024-01-15,2024-01-15T00:00:00Z,2024-01-15T06:00:00Z,102.06368655,GELA_SYNTHETIC_FIXTURE,SYN_A,2026-07-26T00:00:00Z
SYN_B,BBB,合成市场B,合成指数B,cash_index,price,BBB,Etc/UTC,37.0,127.0,2024-01-15,2024-01-15T08:00:00Z,2024-01-15T14:00:00Z,102.35297357,GELA_SYNTHETIC_FIXTURE,SYN_B,2026-07-26T00:00:00Z
SYN_C,CCC,合成市场C,合成指数C,cash_index,price,CCC,Etc/UTC,51.0,10.0,2024-01-15,2024-01-15T15:00:00Z,2024-01-15T21:00:00Z,101.19802154,GELA_SYNTHETIC_FIXTURE,SYN_C,2026-07-26T00:00:00Z
SYN_A,AAA,合成市场A,合成指数A,cash_index,price,AAA,Etc/UTC,35.0,-95.0,2024-01-16,2024-01-16T00:00:00Z,2024-01-16T06:00:00Z,103.22896766,GELA_SYNTHETIC_FIXTURE,SYN_A,2026-07-26T00:00:00Z
SYN_B,BBB,合成市场B,合成指数B,cash_index,price,BBB,Etc/UTC,37.0,127.0,2024-01-16,2024-01-16T08:00:00Z,2024-01-16T14:00:00Z,102.91935873,GELA_SYNTHETIC_FIXTURE,SYN_B,2026-07-26T00:00:00Z
SYN_C,CCC,合成市场C,合成指数C,cash_index,price,CCC,Etc/UTC,51.0,10.0,2024-01-16,2024-01-16T15:00:00Z,2024-01-16T21:00:00Z,101.49465411,GELA_SYNTHETIC_FIXTURE,SYN_C,2026-07-26T00:00:00Z
SYN_A,AAA,合成市场A,合成指数A,cash_index,price,AAA,Etc/UTC,35.0,-95.0,2024-01-17,2024-01-17T00:00:00Z,2024-01-17T06:00:00Z,102.51230544,GELA_SYNTHETIC_FIXTURE,SYN_A,2026-07-26T00:00:00Z
SYN_B,BBB,合成市场B,合成指数B,cash_index,price,BBB,Etc/UTC,37.0,127.0,2024-01-17,2024-01-17T08:00:00Z,2024-01-17T14:00:00Z,102.46821248,GELA_SYNTHETIC_FIXTURE,SYN_B,2026-07-26T00:00:00Z
SYN_C,CCC,合成市场C,合成指数C,cash_index,price,CCC,Etc/UTC,51.0,10.0,2024-01-17,2024-01-17T15:00:00Z,2024-01-17T21:00:00Z,100.08565804,GELA_SYNTHETIC_FIXTURE,SYN_C,2026-07-26T00:00:00Z
SYN_A,AAA,合成市场A,合成指数A,cash_index,price,AAA,Etc/UTC,35.0,-95.0,2024-01-18,2024-01-18T00:00:00Z,2024-01-18T06:00:00Z,102.66502460,GELA_SYNTHETIC_FIXTURE,SYN_A,2026-07-26T00:00:00Z
SYN_B,BBB,合成市场B,合成指数B,cash_index,price,BBB,Etc/UTC,37.0,127.0,2024-01-18,2024-01-18T08:00:00Z,2024-01-18T14:00:00Z,102.55398666,GELA_SYNTHETIC_FIXTURE,SYN_B,2026-07-26T00:00:00Z
SYN_C,CCC,合成市场C,合成指数C,cash_index,price,CCC,Etc/UTC,51.0,10.0,2024-01-18,2024-01-18T15:00:00Z,2024-01-18T21:00:00Z,99.08770447,GELA_SYNTHETIC_FIXTURE,SYN_C,2026-07-26T00:00:00Z
SYN_A,AAA,合成市场A,合成指数A,cash_index,price,AAA,Etc/UTC,35.0,-95.0,2024-01-19,2024-01-19T00:00:00Z,2024-01-19T06:00:00Z,103.36987807,GELA_SYNTHETIC_FIXTURE,SYN_A,2026-07-26T00:00:00Z
SYN_B,BBB,合成市场B,合成指数B,cash_index,price,BBB,Etc/UTC,37.0,127.0,2024-01-19,2024-01-19T08:00:00Z,2024-01-19T14:00:00Z,103.33890610,GELA_SYNTHETIC_FIXTURE,SYN_B,2026-07-26T00:00:00Z
SYN_C,CCC,合成市场C,合成指数C,cash_index,price,CCC,Etc/UTC,51.0,10.0,2024-01-19,2024-01-19T15:00:00Z,2024-01-19T21:00:00Z,98.21234060,GELA_SYNTHETIC_FIXTURE,SYN_C,2026-07-26T00:00:00Z
SYN_A,AAA,合成市场A,合成指数A,cash_index,price,AAA,Etc/UTC,35.0,-95.0,2024-01-22,2024-01-22T00:00:00Z,2024-01-22T06:00:00Z,104.60244260,GELA_SYNTHETIC_FIXTURE,SYN_A,2026-07-26T00:00:00Z
SYN_B,BBB,合成市场B,合成指数B,cash_index,price,BBB,Etc/UTC,37.0,127.0,2024-01-22,2024-01-22T08:00:00Z,2024-01-22T14:00:00Z,104.33002947,GELA_SYNTHETIC_FIXTURE,SYN_B,2026-07-26T00:00:00Z
SYN_C,CCC,合成市场C,合成指数C,cash_index,price,CCC,Etc/UTC,51.0,10.0,2024-01-22,2024-01-22T15:00:00Z,2024-01-22T21:00:00Z,100.86459300,GELA_SYNTHETIC_FIXTURE,SYN_C,2026-07-26T00:00:00Z
SYN_A,AAA,合成市场A,合成指数A,cash_index,price,AAA,Etc/UTC,35.0,-95.0,2024-01-23,2024-01-23T00:00:00Z,2024-01-23T06:00:00Z,104.79450917,GELA_SYNTHETIC_FIXTURE,SYN_A,2026-07-26T00:00:00Z
SYN_B,BBB,合成市场B,合成指数B,cash_index,price,BBB,Etc/UTC,37.0,127.0,2024-01-23,2024-01-23T08:00:00Z,2024-01-23T14:00:00Z,104.27456018,GELA_SYNTHETIC_FIXTURE,SYN_B,2026-07-26T00:00:00Z
SYN_C,CCC,合成市场C,合成指数C,cash_index,price,CCC,Etc/UTC,51.0,10.0,2024-01-23,2024-01-23T15:00:00Z,2024-01-23T21:00:00Z,101.17775555,GELA_SYNTHETIC_FIXTURE,SYN_C,2026-07-26T00:00:00Z
SYN_A,AAA,合成市场A,合成指数A,cash_index,price,AAA,Etc/UTC,35.0,-95.0,2024-01-24,2024-01-24T00:00:00Z,2024-01-24T06:00:00Z,105.15995848,GELA_SYNTHETIC_FIXTURE,SYN_A,2026-07-26T00:00:00Z
SYN_B,BBB,合成市场B,合成指数B,cash_index,price,BBB,Etc/UTC,37.0,127.0,2024-01-24,2024-01-24T08:00:00Z,2024-01-24T14:00:00Z,104.85823410,GELA_SYNTHETIC_FIXTURE,SYN_B,2026-07-26T00:00:00Z
SYN_C,CCC,合成市场C,合成指数C,cash_index,price,CCC,Etc/UTC,51.0,10.0,2024-01-24,2024-01-24T15:00:00Z,2024-01-24T21:00:00Z,100.27069725,GELA_SYNTHETIC_FIXTURE,SYN_C,2026-07-26T00:00:00Z
SYN_A,AAA,合成市场A,合成指数A,cash_index,price,AAA,Etc/UTC,35.0,-95.0,2024-01-25,2024-01-25T00:00:00Z,2024-01-25T06:00:00Z,103.71240210,GELA_SYNTHETIC_FIXTURE,SYN_A,2026-07-26T00:00:00Z
SYN_B,BBB,合成市场B,合成指数B,cash_index,price,BBB,Etc/UTC,37.0,127.0,2024-01-25,2024-01-25T08:00:00Z,2024-01-25T14:00:00Z,104.26855505,GELA_SYNTHETIC_FIXTURE,SYN_B,2026-07-26T00:00:00Z
SYN_C,CCC,合成市场C,合成指数C,cash_index,price,CCC,Etc/UTC,51.0,10.0,2024-01-25,2024-01-25T15:00:00Z,2024-01-25T21:00:00Z,98.45773398,GELA_SYNTHETIC_FIXTURE,SYN_C,2026-07-26T00:00:00Z
SYN_A,AAA,合成市场A,合成指数A,cash_index,price,AAA,Etc/UTC,35.0,-95.0,2024-01-26,2024-01-26T00:00:00Z,2024-01-26T06:00:00Z,104.17326315,GELA_SYNTHETIC_FIXTURE,SYN_A,2026-07-26T00:00:00Z
SYN_B,BBB,合成市场B,合成指数B,cash_index,price,BBB,Etc/UTC,37.0,127.0,2024-01-26,2024-01-26T08:00:00Z,2024-01-26T14:00:00Z,104.57375044,GELA_SYNTHETIC_FIXTURE,SYN_B,2026-07-26T00:00:00Z
SYN_C,CCC,合成市场C,合成指数C,cash_index,price,CCC,Etc/UTC,51.0,10.0,2024-01-26,2024-01-26T15:00:00Z,2024-01-26T21:00:00Z,99.24502831,GELA_SYNTHETIC_FIXTURE,SYN_C,2026-07-26T00:00:00Z
SYN_A,AAA,合成市场A,合成指数A,cash_index,price,AAA,Etc/UTC,35.0,-95.0,2024-01-29,2024-01-29T00:00:00Z,2024-01-29T06:00:00Z,105.79252494,GELA_SYNTHETIC_FIXTURE,SYN_A,2026-07-26T00:00:00Z
SYN_B,BBB,合成市场B,合成指数B,cash_index,price,BBB,Etc/UTC,37.0,127.0,2024-01-29,2024-01-29T08:00:00Z,2024-01-29T14:00:00Z,105.22229743,GELA_SYNTHETIC_FIXTURE,SYN_B,2026-07-26T00:00:00Z
SYN_C,CCC,合成市场C,合成指数C,cash_index,price,CCC,Etc/UTC,51.0,10.0,2024-01-29,2024-01-29T15:00:00Z,2024-01-29T21:00:00Z,99.68829732,GELA_SYNTHETIC_FIXTURE,SYN_C,2026-07-26T00:00:00Z
SYN_A,AAA,合成市场A,合成指数A,cash_index,price,AAA,Etc/UTC,35.0,-95.0,2024-01-30,2024-01-30T00:00:00Z,2024-01-30T06:00:00Z,105.88073893,GELA_SYNTHETIC_FIXTURE,SYN_A,2026-07-26T00:00:00Z
SYN_B,BBB,合成市场B,合成指数B,cash_index,price,BBB,Etc/UTC,37.0,127.0,2024-01-30,2024-01-30T08:00:00Z,2024-01-30T14:00:00Z,104.74019360,GELA_SYNTHETIC_FIXTURE,SYN_B,2026-07-26T00:00:00Z
SYN_C,CCC,合成市场C,合成指数C,cash_index,price,CCC,Etc/UTC,51.0,10.0,2024-01-30,2024-01-30T15:00:00Z,2024-01-30T21:00:00Z,99.39351103,GELA_SYNTHETIC_FIXTURE,SYN_C,2026-07-26T00:00:00Z
SYN_A,AAA,合成市场A,合成指数A,cash_index,price,AAA,Etc/UTC,35.0,-95.0,2024-01-31,2024-01-31T00:00:00Z,2024-01-31T06:00:00Z,107.24528657,GELA_SYNTHETIC_FIXTURE,SYN_A,2026-07-26T00:00:00Z
SYN_B,BBB,合成市场B,合成指数B,cash_index,price,BBB,Etc/UTC,37.0,127.0,2024-01-31,2024-01-31T08:00:00Z,2024-01-31T14:00:00Z,105.96273070,GELA_SYNTHETIC_FIXTURE,SYN_B,2026-07-26T00:00:00Z
SYN_C,CCC,合成市场C,合成指数C,cash_index,price,CCC,Etc/UTC,51.0,10.0,2024-01-31,2024-01-31T15:00:00Z,2024-01-31T21:00:00Z,97.87531556,GELA_SYNTHETIC_FIXTURE,SYN_C,2026-07-26T00:00:00Z
SYN_A,AAA,合成市场A,合成指数A,cash_index,price,AAA,Etc/UTC,35.0,-95.0,2024-02-01,2024-02-01T00:00:00Z,2024-02-01T06:00:00Z,107.48233575,GELA_SYNTHETIC_FIXTURE,SYN_A,2026-07-26T00:00:00Z
SYN_B,BBB,合成市场B,合成指数B,cash_index,price,BBB,Etc/UTC,37.0,127.0,2024-02-01,2024-02-01T08:00:00Z,2024-02-01T14:00:00Z,106.24240912,GELA_SYNTHETIC_FIXTURE,SYN_B,2026-07-26T00:00:00Z
SYN_C,CCC,合成市场C,合成指数C,cash_index,price,CCC,Etc/UTC,51.0,10.0,2024-02-01,2024-02-01T15:00:00Z,2024-02-01T21:00:00Z,98.05099919,GELA_SYNTHETIC_FIXTURE,SYN_C,2026-07-26T00:00:00Z
SYN_A,AAA,合成市场A,合成指数A,cash_index,price,AAA,Etc/UTC,35.0,-95.0,2024-02-02,2024-02-02T00:00:00Z,2024-02-02T06:00:00Z,106.03513066,GELA_SYNTHETIC_FIXTURE,SYN_A,2026-07-26T00:00:00Z
SYN_B,BBB,合成市场B,合成指数B,cash_index,price,BBB,Etc/UTC,37.0,127.0,2024-02-02,2024-02-02T08:00:00Z,2024-02-02T14:00:00Z,104.75279425,GELA_SYNTHETIC_FIXTURE,SYN_B,2026-07-26T00:00:00Z
SYN_C,CCC,合成市场C,合成指数C,cash_index,price,CCC,Etc/UTC,51.0,10.0,2024-02-02,2024-02-02T15:00:00Z,2024-02-02T21:00:00Z,98.04804356,GELA_SYNTHETIC_FIXTURE,SYN_C,2026-07-26T00:00:00Z
SYN_A,AAA,合成市场A,合成指数A,cash_index,price,AAA,Etc/UTC,35.0,-95.0,2024-02-05,2024-02-05T00:00:00Z,2024-02-05T06:00:00Z,106.57288099,GELA_SYNTHETIC_FIXTURE,SYN_A,2026-07-26T00:00:00Z
SYN_B,BBB,合成市场B,合成指数B,cash_index,price,BBB,Etc/UTC,37.0,127.0,2024-02-05,2024-02-05T08:00:00Z,2024-02-05T14:00:00Z,105.40661177,GELA_SYNTHETIC_FIXTURE,SYN_B,2026-07-26T00:00:00Z
SYN_C,CCC,合成市场C,合成指数C,cash_index,price,CCC,Etc/UTC,51.0,10.0,2024-02-05,2024-02-05T15:00:00Z,2024-02-05T21:00:00Z,97.68674139,GELA_SYNTHETIC_FIXTURE,SYN_C,2026-07-26T00:00:00Z
SYN_A,AAA,合成市场A,合成指数A,cash_index,price,AAA,Etc/UTC,35.0,-95.0,2024-02-06,2024-02-06T00:00:00Z,2024-02-06T06:00:00Z,107.51600215,GELA_SYNTHETIC_FIXTURE,SYN_A,2026-07-26T00:00:00Z
SYN_B,BBB,合成市场B,合成指数B,cash_index,price,BBB,Etc/UTC,37.0,127.0,2024-02-06,2024-02-06T08:00:00Z,2024-02-06T14:00:00Z,106.60606774,GELA_SYNTHETIC_FIXTURE,SYN_B,2026-07-26T00:00:00Z
SYN_C,CCC,合成市场C,合成指数C,cash_index,price,CCC,Etc/UTC,51.0,10.0,2024-02-06,2024-02-06T15:00:00Z,2024-02-06T21:00:00Z,98.97097477,GELA_SYNTHETIC_FIXTURE,SYN_C,2026-07-26T00:00:00Z
SYN_A,AAA,合成市场A,合成指数A,cash_index,price,AAA,Etc/UTC,35.0,-95.0,2024-02-07,2024-02-07T00:00:00Z,2024-02-07T06:00:00Z,106.74253963,GELA_SYNTHETIC_FIXTURE,SYN_A,2026-07-26T00:00:00Z
SYN_B,BBB,合成市场B,合成指数B,cash_index,price,BBB,Etc/UTC,37.0,127.0,2024-02-07,2024-02-07T08:00:00Z,2024-02-07T14:00:00Z,105.60340447,GELA_SYNTHETIC_FIXTURE,SYN_B,2026-07-26T00:00:00Z
SYN_C,CCC,合成市场C,合成指数C,cash_index,price,CCC,Etc/UTC,51.0,10.0,2024-02-07,2024-02-07T15:00:00Z,2024-02-07T21:00:00Z,99.69784661,GELA_SYNTHETIC_FIXTURE,SYN_C,2026-07-26T00:00:00Z
SYN_A,AAA,合成市场A,合成指数A,cash_index,price,AAA,Etc/UTC,35.0,-95.0,2024-02-08,2024-02-08T00:00:00Z,2024-02-08T06:00:00Z,108.33928550,GELA_SYNTHETIC_FIXTURE,SYN_A,2026-07-26T00:00:00Z
SYN_B,BBB,合成市场B,合成指数B,cash_index,price,BBB,Etc/UTC,37.0,127.0,2024-02-08,2024-02-08T08:00:00Z,2024-02-08T14:00:00Z,107.66091435,GELA_SYNTHETIC_FIXTURE,SYN_B,2026-07-26T00:00:00Z
SYN_C,CCC,合成市场C,合成指数C,cash_index,price,CCC,Etc/UTC,51.0,10.0,2024-02-08,2024-02-08T15:00:00Z,2024-02-08T21:00:00Z,100.48636316,GELA_SYNTHETIC_FIXTURE,SYN_C,2026-07-26T00:00:00Z
SYN_A,AAA,合成市场A,合成指数A,cash_index,price,AAA,Etc/UTC,35.0,-95.0,2024-02-09,2024-02-09T00:00:00Z,2024-02-09T06:00:00Z,107.11266701,GELA_SYNTHETIC_FIXTURE,SYN_A,2026-07-26T00:00:00Z
SYN_B,BBB,合成市场B,合成指数B,cash_index,price,BBB,Etc/UTC,37.0,127.0,2024-02-09,2024-02-09T08:00:00Z,2024-02-09T14:00:00Z,107.11703603,GELA_SYNTHETIC_FIXTURE,SYN_B,2026-07-26T00:00:00Z
SYN_C,CCC,合成市场C,合成指数C,cash_index,price,CCC,Etc/UTC,51.0,10.0,2024-02-09,2024-02-09T15:00:00Z,2024-02-09T21:00:00Z,100.11746320,GELA_SYNTHETIC_FIXTURE,SYN_C,2026-07-26T00:00:00Z
SYN_A,AAA,合成市场A,合成指数A,cash_index,price,AAA,Etc/UTC,35.0,-95.0,2024-02-12,2024-02-12T00:00:00Z,2024-02-12T06:00:00Z,105.10386211,GELA_SYNTHETIC_FIXTURE,SYN_A,2026-07-26T00:00:00Z
SYN_B,BBB,合成市场B,合成指数B,cash_index,price,BBB,Etc/UTC,37.0,127.0,2024-02-12,2024-02-12T08:00:00Z,2024-02-12T14:00:00Z,105.30016204,GELA_SYNTHETIC_FIXTURE,SYN_B,2026-07-26T00:00:00Z
SYN_C,CCC,合成市场C,合成指数C,cash_index,price,CCC,Etc/UTC,51.0,10.0,2024-02-12,2024-02-12T15:00:00Z,2024-02-12T21:00:00Z,99.89333085,GELA_SYNTHETIC_FIXTURE,SYN_C,2026-07-26T00:00:00Z
SYN_A,AAA,合成市场A,合成指数A,cash_index,price,AAA,Etc/UTC,35.0,-95.0,2024-02-13,2024-02-13T00:00:00Z,2024-02-13T06:00:00Z,104.65783429,GELA_SYNTHETIC_FIXTURE,SYN_A,2026-07-26T00:00:00Z
SYN_B,BBB,合成市场B,合成指数B,cash_index,price,BBB,Etc/UTC,37.0,127.0,2024-02-13,2024-02-13T08:00:00Z,2024-02-13T14:00:00Z,104.33849235,GELA_SYNTHETIC_FIXTURE,SYN_B,2026-07-26T00:00:00Z
SYN_C,CCC,合成市场C,合成指数C,cash_index,price,CCC,Etc/UTC,51.0,10.0,2024-02-13,2024-02-13T15:00:00Z,2024-02-13T21:00:00Z,101.58133047,GELA_SYNTHETIC_FIXTURE,SYN_C,2026-07-26T00:00:00Z
SYN_A,AAA,合成市场A,合成指数A,cash_index,price,AAA,Etc/UTC,35.0,-95.0,2024-02-14,2024-02-14T00:00:00Z,2024-02-14T06:00:00Z,105.30633005,GELA_SYNTHETIC_FIXTURE,SYN_A,2026-07-26T00:00:00Z
SYN_B,BBB,合成市场B,合成指数B,cash_index,price,BBB,Etc/UTC,37.0,127.0,2024-02-14,2024-02-14T08:00:00Z,2024-02-14T14:00:00Z,104.02857501,GELA_SYNTHETIC_FIXTURE,SYN_B,2026-07-26T00:00:00Z
SYN_C,CCC,合成市场C,合成指数C,cash_index,price,CCC,Etc/UTC,51.0,10.0,2024-02-14,2024-02-14T15:00:00Z,2024-02-14T21:00:00Z,101.47632043,GELA_SYNTHETIC_FIXTURE,SYN_C,2026-07-26T00:00:00Z
SYN_A,AAA,合成市场A,合成指数A,cash_index,price,AAA,Etc/UTC,35.0,-95.0,2024-02-15,2024-02-15T00:00:00Z,2024-02-15T06:00:00Z,103.88779461,GELA_SYNTHETIC_FIXTURE,SYN_A,2026-07-26T00:00:00Z
SYN_B,BBB,合成市场B,合成指数B,cash_index,price,BBB,Etc/UTC,37.0,127.0,2024-02-15,2024-02-15T08:00:00Z,2024-02-15T14:00:00Z,103.33803597,GELA_SYNTHETIC_FIXTURE,SYN_B,2026-07-26T00:00:00Z
SYN_C,CCC,合成市场C,合成指数C,cash_index,price,CCC,Etc/UTC,51.0,10.0,2024-02-15,2024-02-15T15:00:00Z,2024-02-15T21:00:00Z,101.72600107,GELA_SYNTHETIC_FIXTURE,SYN_C,2026-07-26T00:00:00Z
SYN_A,AAA,合成市场A,合成指数A,cash_index,price,AAA,Etc/UTC,35.0,-95.0,2024-02-16,2024-02-16T00:00:00Z,2024-02-16T06:00:00Z,103.00656839,GELA_SYNTHETIC_FIXTURE,SYN_A,2026-07-26T00:00:00Z
SYN_B,BBB,合成市场B,合成指数B,cash_index,price,BBB,Etc/UTC,37.0,127.0,2024-02-16,2024-02-16T08:00:00Z,2024-02-16T14:00:00Z,102.51794152,GELA_SYNTHETIC_FIXTURE,SYN_B,2026-07-26T00:00:00Z
SYN_C,CCC,合成市场C,合成指数C,cash_index,price,CCC,Etc/UTC,51.0,10.0,2024-02-16,2024-02-16T15:00:00Z,2024-02-16T21:00:00Z,103.76686618,GELA_SYNTHETIC_FIXTURE,SYN_C,2026-07-26T00:00:00Z
SYN_A,AAA,合成市场A,合成指数A,cash_index,price,AAA,Etc/UTC,35.0,-95.0,2024-02-19,2024-02-19T00:00:00Z,2024-02-19T06:00:00Z,103.49631004,GELA_SYNTHETIC_FIXTURE,SYN_A,2026-07-26T00:00:00Z
SYN_B,BBB,合成市场B,合成指数B,cash_index,price,BBB,Etc/UTC,37.0,127.0,2024-02-19,2024-02-19T08:00:00Z,2024-02-19T14:00:00Z,102.35955924,GELA_SYNTHETIC_FIXTURE,SYN_B,2026-07-26T00:00:00Z
SYN_C,CCC,合成市场C,合成指数C,cash_index,price,CCC,Etc/UTC,51.0,10.0,2024-02-19,2024-02-19T15:00:00Z,2024-02-19T21:00:00Z,105.71713947,GELA_SYNTHETIC_FIXTURE,SYN_C,2026-07-26T00:00:00Z
SYN_A,AAA,合成市场A,合成指数A,cash_index,price,AAA,Etc/UTC,35.0,-95.0,2024-02-20,2024-02-20T00:00:00Z,2024-02-20T06:00:00Z,104.03373486,GELA_SYNTHETIC_FIXTURE,SYN_A,2026-07-26T00:00:00Z
SYN_B,BBB,合成市场B,合成指数B,cash_index,price,BBB,Etc/UTC,37.0,127.0,2024-02-20,2024-02-20T08:00:00Z,2024-02-20T14:00:00Z,103.09871917,GELA_SYNTHETIC_FIXTURE,SYN_B,2026-07-26T00:00:00Z
SYN_C,CCC,合成市场C,合成指数C,cash_index,price,CCC,Etc/UTC,51.0,10.0,2024-02-20,2024-02-20T15:00:00Z,2024-02-20T21:00:00Z,106.38373081,GELA_SYNTHETIC_FIXTURE,SYN_C,2026-07-26T00:00:00Z
SYN_A,AAA,合成市场A,合成指数A,cash_index,price,AAA,Etc/UTC,35.0,-95.0,2024-02-21,2024-02-21T00:00:00Z,2024-02-21T06:00:00Z,103.97812418,GELA_SYNTHETIC_FIXTURE,SYN_A,2026-07-26T00:00:00Z
SYN_B,BBB,合成市场B,合成指数B,cash_index,price,BBB,Etc/UTC,37.0,127.0,2024-02-21,2024-02-21T08:00:00Z,2024-02-21T14:00:00Z,103.18911085,GELA_SYNTHETIC_FIXTURE,SYN_B,2026-07-26T00:00:00Z
SYN_C,CCC,合成市场C,合成指数C,cash_index,price,CCC,Etc/UTC,51.0,10.0,2024-02-21,2024-02-21T15:00:00Z,2024-02-21T21:00:00Z,107.13210622,GELA_SYNTHETIC_FIXTURE,SYN_C,2026-07-26T00:00:00Z
SYN_A,AAA,合成市场A,合成指数A,cash_index,price,AAA,Etc/UTC,35.0,-95.0,2024-02-22,2024-02-22T00:00:00Z,2024-02-22T06:00:00Z,103.03958909,GELA_SYNTHETIC_FIXTURE,SYN_A,2026-07-26T00:00:00Z
SYN_B,BBB,合成市场B,合成指数B,cash_index,price,BBB,Etc/UTC,37.0,127.0,2024-02-22,2024-02-22T08:00:00Z,2024-02-22T14:00:00Z,102.74281949,GELA_SYNTHETIC_FIXTURE,SYN_B,2026-07-26T00:00:00Z
SYN_C,CCC,合成市场C,合成指数C,cash_index,price,CCC,Etc/UTC,51.0,10.0,2024-02-22,2024-02-22T15:00:00Z,2024-02-22T21:00:00Z,107.63666951,GELA_SYNTHETIC_FIXTURE,SYN_C,2026-07-26T00:00:00Z
SYN_A,AAA,合成市场A,合成指数A,cash_index,price,AAA,Etc/UTC,35.0,-95.0,2024-02-23,2024-02-23T00:00:00Z,2024-02-23T06:00:00Z,103.02302306,GELA_SYNTHETIC_FIXTURE,SYN_A,2026-07-26T00:00:00Z
SYN_B,BBB,合成市场B,合成指数B,cash_index,price,BBB,Etc/UTC,37.0,127.0,2024-02-23,2024-02-23T08:00:00Z,2024-02-23T14:00:00Z,102.26680335,GELA_SYNTHETIC_FIXTURE,SYN_B,2026-07-26T00:00:00Z
SYN_C,CCC,合成市场C,合成指数C,cash_index,price,CCC,Etc/UTC,51.0,10.0,2024-02-23,2024-02-23T15:00:00Z,2024-02-23T21:00:00Z,105.98459982,GELA_SYNTHETIC_FIXTURE,SYN_C,2026-07-26T00:00:00Z
SYN_A,AAA,合成市场A,合成指数A,cash_index,price,AAA,Etc/UTC,35.0,-95.0,2024-02-26,2024-02-26T00:00:00Z,2024-02-26T06:00:00Z,103.13718774,GELA_SYNTHETIC_FIXTURE,SYN_A,2026-07-26T00:00:00Z
SYN_B,BBB,合成市场B,合成指数B,cash_index,price,BBB,Etc/UTC,37.0,127.0,2024-02-26,2024-02-26T08:00:00Z,2024-02-26T14:00:00Z,102.47718988,GELA_SYNTHETIC_FIXTURE,SYN_B,2026-07-26T00:00:00Z
SYN_C,CCC,合成市场C,合成指数C,cash_index,price,CCC,Etc/UTC,51.0,10.0,2024-02-26,2024-02-26T15:00:00Z,2024-02-26T21:00:00Z,106.36372546,GELA_SYNTHETIC_FIXTURE,SYN_C,2026-07-26T00:00:00Z
SYN_A,AAA,合成市场A,合成指数A,cash_index,price,AAA,Etc/UTC,35.0,-95.0,2024-02-27,2024-02-27T00:00:00Z,2024-02-27T06:00:00Z,103.18201397,GELA_SYNTHETIC_FIXTURE,SYN_A,2026-07-26T00:00:00Z
SYN_B,BBB,合成市场B,合成指数B,cash_index,price,BBB,Etc/UTC,37.0,127.0,2024-02-27,2024-02-27T08:00:00Z,2024-02-27T14:00:00Z,101.78185206,GELA_SYNTHETIC_FIXTURE,SYN_B,2026-07-26T00:00:00Z
SYN_C,CCC,合成市场C,合成指数C,cash_index,price,CCC,Etc/UTC,51.0,10.0,2024-02-27,2024-02-27T15:00:00Z,2024-02-27T21:00:00Z,108.23555884,GELA_SYNTHETIC_FIXTURE,SYN_C,2026-07-26T00:00:00Z
SYN_A,AAA,合成市场A,合成指数A,cash_index,price,AAA,Etc/UTC,35.0,-95.0,2024-02-28,2024-02-28T00:00:00Z,2024-02-28T06:00:00Z,102.58934079,GELA_SYNTHETIC_FIXTURE,SYN_A,2026-07-26T00:00:00Z
SYN_B,BBB,合成市场B,合成指数B,cash_index,price,BBB,Etc/UTC,37.0,127.0,2024-02-28,2024-02-28T08:00:00Z,2024-02-28T14:00:00Z,101.26010912,GELA_SYNTHETIC_FIXTURE,SYN_B,2026-07-26T00:00:00Z
SYN_C,CCC,合成市场C,合成指数C,cash_index,price,CCC,Etc/UTC,51.0,10.0,2024-02-28,2024-02-28T15:00:00Z,2024-02-28T21:00:00Z,109.95089512,GELA_SYNTHETIC_FIXTURE,SYN_C,2026-07-26T00:00:00Z
SYN_A,AAA,合成市场A,合成指数A,cash_index,price,AAA,Etc/UTC,35.0,-95.0,2024-02-29,2024-02-29T00:00:00Z,2024-02-29T06:00:00Z,102.73047888,GELA_SYNTHETIC_FIXTURE,SYN_A,2026-07-26T00:00:00Z
SYN_B,BBB,合成市场B,合成指数B,cash_index,price,BBB,Etc/UTC,37.0,127.0,2024-02-29,2024-02-29T08:00:00Z,2024-02-29T14:00:00Z,101.32435042,GELA_SYNTHETIC_FIXTURE,SYN_B,2026-07-26T00:00:00Z
SYN_C,CCC,合成市场C,合成指数C,cash_index,price,CCC,Etc/UTC,51.0,10.0,2024-02-29,2024-02-29T15:00:00Z,2024-02-29T21:00:00Z,109.03734294,GELA_SYNTHETIC_FIXTURE,SYN_C,2026-07-26T00:00:00Z
SYN_A,AAA,合成市场A,合成指数A,cash_index,price,AAA,Etc/UTC,35.0,-95.0,2024-03-01,2024-03-01T00:00:00Z,2024-03-01T06:00:00Z,102.05313466,GELA_SYNTHETIC_FIXTURE,SYN_A,2026-07-26T00:00:00Z
SYN_B,BBB,合成市场B,合成指数B,cash_index,price,BBB,Etc/UTC,37.0,127.0,2024-03-01,2024-03-01T08:00:00Z,2024-03-01T14:00:00Z,99.61698110,GELA_SYNTHETIC_FIXTURE,SYN_B,2026-07-26T00:00:00Z
SYN_C,CCC,合成市场C,合成指数C,cash_index,price,CCC,Etc/UTC,51.0,10.0,2024-03-01,2024-03-01T15:00:00Z,2024-03-01T21:00:00Z,109.90572495,GELA_SYNTHETIC_FIXTURE,SYN_C,2026-07-26T00:00:00Z
SYN_A,AAA,合成市场A,合成指数A,cash_index,price,AAA,Etc/UTC,35.0,-95.0,2024-03-04,2024-03-04T00:00:00Z,2024-03-04T06:00:00Z,101.79857082,GELA_SYNTHETIC_FIXTURE,SYN_A,2026-07-26T00:00:00Z
SYN_B,BBB,合成市场B,合成指数B,cash_index,price,BBB,Etc/UTC,37.0,127.0,2024-03-04,2024-03-04T08:00:00Z,2024-03-04T14:00:00Z,99.41320837,GELA_SYNTHETIC_FIXTURE,SYN_B,2026-07-26T00:00:00Z
SYN_C,CCC,合成市场C,合成指数C,cash_index,price,CCC,Etc/UTC,51.0,10.0,2024-03-04,2024-03-04T15:00:00Z,2024-03-04T21:00:00Z,109.84302309,GELA_SYNTHETIC_FIXTURE,SYN_C,2026-07-26T00:00:00Z
SYN_A,AAA,合成市场A,合成指数A,cash_index,price,AAA,Etc/UTC,35.0,-95.0,2024-03-05,2024-03-05T00:00:00Z,2024-03-05T06:00:00Z,102.66685072,GELA_SYNTHETIC_FIXTURE,SYN_A,2026-07-26T00:00:00Z
SYN_B,BBB,合成市场B,合成指数B,cash_index,price,BBB,Etc/UTC,37.0,127.0,2024-03-05,2024-03-05T08:00:00Z,2024-03-05T14:00:00Z,100.20634560,GELA_SYNTHETIC_FIXTURE,SYN_B,2026-07-26T00:00:00Z
SYN_C,CCC,合成市场C,合成指数C,cash_index,price,CCC,Etc/UTC,51.0,10.0,2024-03-05,2024-03-05T15:00:00Z,2024-03-05T21:00:00Z,108.84689123,GELA_SYNTHETIC_FIXTURE,SYN_C,2026-07-26T00:00:00Z
SYN_A,AAA,合成市场A,合成指数A,cash_index,price,AAA,Etc/UTC,35.0,-95.0,2024-03-06,2024-03-06T00:00:00Z,2024-03-06T06:00:00Z,100.15554469,GELA_SYNTHETIC_FIXTURE,SYN_A,2026-07-26T00:00:00Z
SYN_B,BBB,合成市场B,合成指数B,cash_index,price,BBB,Etc/UTC,37.0,127.0,2024-03-06,2024-03-06T08:00:00Z,2024-03-06T14:00:00Z,97.89618242,GELA_SYNTHETIC_FIXTURE,SYN_B,2026-07-26T00:00:00Z
SYN_C,CCC,合成市场C,合成指数C,cash_index,price,CCC,Etc/UTC,51.0,10.0,2024-03-06,2024-03-06T15:00:00Z,2024-03-06T21:00:00Z,108.17569006,GELA_SYNTHETIC_FIXTURE,SYN_C,2026-07-26T00:00:00Z
SYN_A,AAA,合成市场A,合成指数A,cash_index,price,AAA,Etc/UTC,35.0,-95.0,2024-03-07,2024-03-07T00:00:00Z,2024-03-07T06:00:00Z,100.13201308,GELA_SYNTHETIC_FIXTURE,SYN_A,2026-07-26T00:00:00Z
SYN_B,BBB,合成市场B,合成指数B,cash_index,price,BBB,Etc/UTC,37.0,127.0,2024-03-07,2024-03-07T08:00:00Z,2024-03-07T14:00:00Z,98.10873862,GELA_SYNTHETIC_FIXTURE,SYN_B,2026-07-26T00:00:00Z
SYN_C,CCC,合成市场C,合成指数C,cash_index,price,CCC,Etc/UTC,51.0,10.0,2024-03-07,2024-03-07T15:00:00Z,2024-03-07T21:00:00Z,109.37797611,GELA_SYNTHETIC_FIXTURE,SYN_C,2026-07-26T00:00:00Z
SYN_A,AAA,合成市场A,合成指数A,cash_index,price,AAA,Etc/UTC,35.0,-95.0,2024-03-08,2024-03-08T00:00:00Z,2024-03-08T06:00:00Z,101.09796236,GELA_SYNTHETIC_FIXTURE,SYN_A,2026-07-26T00:00:00Z
SYN_B,BBB,合成市场B,合成指数B,cash_index,price,BBB,Etc/UTC,37.0,127.0,2024-03-08,2024-03-08T08:00:00Z,2024-03-08T14:00:00Z,98.57926680,GELA_SYNTHETIC_FIXTURE,SYN_B,2026-07-26T00:00:00Z
SYN_C,CCC,合成市场C,合成指数C,cash_index,price,CCC,Etc/UTC,51.0,10.0,2024-03-08,2024-03-08T15:00:00Z,2024-03-08T21:00:00Z,109.66252207,GELA_SYNTHETIC_FIXTURE,SYN_C,2026-07-26T00:00:00Z
SYN_A,AAA,合成市场A,合成指数A,cash_index,price,AAA,Etc/UTC,35.0,-95.0,2024-03-11,2024-03-11T00:00:00Z,2024-03-11T06:00:00Z,101.84412878,GELA_SYNTHETIC_FIXTURE,SYN_A,2026-07-26T00:00:00Z
SYN_B,BBB,合成市场B,合成指数B,cash_index,price,BBB,Etc/UTC,37.0,127.0,2024-03-11,2024-03-11T08:00:00Z,2024-03-11T14:00:00Z,99.14664884,GELA_SYNTHETIC_FIXTURE,SYN_B,2026-07-26T00:00:00Z
SYN_C,CCC,合成市场C,合成指数C,cash_index,price,CCC,Etc/UTC,51.0,10.0,2024-03-11,2024-03-11T15:00:00Z,2024-03-11T21:00:00Z,110.29546868,GELA_SYNTHETIC_FIXTURE,SYN_C,2026-07-26T00:00:00Z
SYN_A,AAA,合成市场A,合成指数A,cash_index,price,AAA,Etc/UTC,35.0,-95.0,2024-03-12,2024-03-12T00:00:00Z,2024-03-12T06:00:00Z,101.06713156,GELA_SYNTHETIC_FIXTURE,SYN_A,2026-07-26T00:00:00Z
SYN_B,BBB,合成市场B,合成指数B,cash_index,price,BBB,Etc/UTC,37.0,127.0,2024-03-12,2024-03-12T08:00:00Z,2024-03-12T14:00:00Z,98.53671298,GELA_SYNTHETIC_FIXTURE,SYN_B,2026-07-26T00:00:00Z
SYN_C,CCC,合成市场C,合成指数C,cash_index,price,CCC,Etc/UTC,51.0,10.0,2024-03-12,2024-03-12T15:00:00Z,2024-03-12T21:00:00Z,112.28935936,GELA_SYNTHETIC_FIXTURE,SYN_C,2026-07-26T00:00:00Z
SYN_A,AAA,合成市场A,合成指数A,cash_index,price,AAA,Etc/UTC,35.0,-95.0,2024-03-13,2024-03-13T00:00:00Z,2024-03-13T06:00:00Z,103.74595318,GELA_SYNTHETIC_FIXTURE,SYN_A,2026-07-26T00:00:00Z
SYN_B,BBB,合成市场B,合成指数B,cash_index,price,BBB,Etc/UTC,37.0,127.0,2024-03-13,2024-03-13T08:00:00Z,2024-03-13T14:00:00Z,100.72484880,GELA_SYNTHETIC_FIXTURE,SYN_B,2026-07-26T00:00:00Z
SYN_C,CCC,合成市场C,合成指数C,cash_index,price,CCC,Etc/UTC,51.0,10.0,2024-03-13,2024-03-13T15:00:00Z,2024-03-13T21:00:00Z,113.12785425,GELA_SYNTHETIC_FIXTURE,SYN_C,2026-07-26T00:00:00Z
SYN_A,AAA,合成市场A,合成指数A,cash_index,price,AAA,Etc/UTC,35.0,-95.0,2024-03-14,2024-03-14T00:00:00Z,2024-03-14T06:00:00Z,103.50463603,GELA_SYNTHETIC_FIXTURE,SYN_A,2026-07-26T00:00:00Z
SYN_B,BBB,合成市场B,合成指数B,cash_index,price,BBB,Etc/UTC,37.0,127.0,2024-03-14,2024-03-14T08:00:00Z,2024-03-14T14:00:00Z,100.74053739,GELA_SYNTHETIC_FIXTURE,SYN_B,2026-07-26T00:00:00Z
SYN_C,CCC,合成市场C,合成指数C,cash_index,price,CCC,Etc/UTC,51.0,10.0,2024-03-14,2024-03-14T15:00:00Z,2024-03-14T21:00:00Z,113.45697511,GELA_SYNTHETIC_FIXTURE,SYN_C,2026-07-26T00:00:00Z
SYN_A,AAA,合成市场A,合成指数A,cash_index,price,AAA,Etc/UTC,35.0,-95.0,2024-03-15,2024-03-15T00:00:00Z,2024-03-15T06:00:00Z,105.09003867,GELA_SYNTHETIC_FIXTURE,SYN_A,2026-07-26T00:00:00Z
SYN_B,BBB,合成市场B,合成指数B,cash_index,price,BBB,Etc/UTC,37.0,127.0,2024-03-15,2024-03-15T08:00:00Z,2024-03-15T14:00:00Z,102.56121199,GELA_SYNTHETIC_FIXTURE,SYN_B,2026-07-26T00:00:00Z
SYN_C,CCC,合成市场C,合成指数C,cash_index,price,CCC,Etc/UTC,51.0,10.0,2024-03-15,2024-03-15T15:00:00Z,2024-03-15T21:00:00Z,112.93772830,GELA_SYNTHETIC_FIXTURE,SYN_C,2026-07-26T00:00:00Z
SYN_A,AAA,合成市场A,合成指数A,cash_index,price,AAA,Etc/UTC,35.0,-95.0,2024-03-18,2024-03-18T00:00:00Z,2024-03-18T06:00:00Z,105.56999489,GELA_SYNTHETIC_FIXTURE,SYN_A,2026-07-26T00:00:00Z
SYN_B,BBB,合成市场B,合成指数B,cash_index,price,BBB,Etc/UTC,37.0,127.0,2024-03-18,2024-03-18T08:00:00Z,2024-03-18T14:00:00Z,102.55498938,GELA_SYNTHETIC_FIXTURE,SYN_B,2026-07-26T00:00:00Z
SYN_C,CCC,合成市场C,合成指数C,cash_index,price,CCC,Etc/UTC,51.0,10.0,2024-03-18,2024-03-18T15:00:00Z,2024-03-18T21:00:00Z,111.67177474,GELA_SYNTHETIC_FIXTURE,SYN_C,2026-07-26T00:00:00Z
SYN_A,AAA,合成市场A,合成指数A,cash_index,price,AAA,Etc/UTC,35.0,-95.0,2024-03-19,2024-03-19T00:00:00Z,2024-03-19T06:00:00Z,106.00526051,GELA_SYNTHETIC_FIXTURE,SYN_A,2026-07-26T00:00:00Z
SYN_B,BBB,合成市场B,合成指数B,cash_index,price,BBB,Etc/UTC,37.0,127.0,2024-03-19,2024-03-19T08:00:00Z,2024-03-19T14:00:00Z,102.80258934,GELA_SYNTHETIC_FIXTURE,SYN_B,2026-07-26T00:00:00Z
SYN_C,CCC,合成市场C,合成指数C,cash_index,price,CCC,Etc/UTC,51.0,10.0,2024-03-19,2024-03-19T15:00:00Z,2024-03-19T21:00:00Z,112.11616870,GELA_SYNTHETIC_FIXTURE,SYN_C,2026-07-26T00:00:00Z
SYN_A,AAA,合成市场A,合成指数A,cash_index,price,AAA,Etc/UTC,35.0,-95.0,2024-03-20,2024-03-20T00:00:00Z,2024-03-20T06:00:00Z,106.43394663,GELA_SYNTHETIC_FIXTURE,SYN_A,2026-07-26T00:00:00Z
SYN_B,BBB,合成市场B,合成指数B,cash_index,price,BBB,Etc/UTC,37.0,127.0,2024-03-20,2024-03-20T08:00:00Z,2024-03-20T14:00:00Z,103.46982896,GELA_SYNTHETIC_FIXTURE,SYN_B,2026-07-26T00:00:00Z
SYN_C,CCC,合成市场C,合成指数C,cash_index,price,CCC,Etc/UTC,51.0,10.0,2024-03-20,2024-03-20T15:00:00Z,2024-03-20T21:00:00Z,112.74474648,GELA_SYNTHETIC_FIXTURE,SYN_C,2026-07-26T00:00:00Z
SYN_A,AAA,合成市场A,合成指数A,cash_index,price,AAA,Etc/UTC,35.0,-95.0,2024-03-21,2024-03-21T00:00:00Z,2024-03-21T06:00:00Z,107.37097559,GELA_SYNTHETIC_FIXTURE,SYN_A,2026-07-26T00:00:00Z
SYN_B,BBB,合成市场B,合成指数B,cash_index,price,BBB,Etc/UTC,37.0,127.0,2024-03-21,2024-03-21T08:00:00Z,2024-03-21T14:00:00Z,104.27493161,GELA_SYNTHETIC_FIXTURE,SYN_B,2026-07-26T00:00:00Z
SYN_C,CCC,合成市场C,合成指数C,cash_index,price,CCC,Etc/UTC,51.0,10.0,2024-03-21,2024-03-21T15:00:00Z,2024-03-21T21:00:00Z,114.16949470,GELA_SYNTHETIC_FIXTURE,SYN_C,2026-07-26T00:00:00Z
SYN_A,AAA,合成市场A,合成指数A,cash_index,price,AAA,Etc/UTC,35.0,-95.0,2024-03-22,2024-03-22T00:00:00Z,2024-03-22T06:00:00Z,107.32323245,GELA_SYNTHETIC_FIXTURE,SYN_A,2026-07-26T00:00:00Z
SYN_B,BBB,合成市场B,合成指数B,cash_index,price,BBB,Etc/UTC,37.0,127.0,2024-03-22,2024-03-22T08:00:00Z,2024-03-22T14:00:00Z,104.57531565,GELA_SYNTHETIC_FIXTURE,SYN_B,2026-07-26T00:00:00Z
SYN_C,CCC,合成市场C,合成指数C,cash_index,price,CCC,Etc/UTC,51.0,10.0,2024-03-22,2024-03-22T15:00:00Z,2024-03-22T21:00:00Z,114.73933963,GELA_SYNTHETIC_FIXTURE,SYN_C,2026-07-26T00:00:00Z
SYN_A,AAA,合成市场A,合成指数A,cash_index,price,AAA,Etc/UTC,35.0,-95.0,2024-03-25,2024-03-25T00:00:00Z,2024-03-25T06:00:00Z,107.54936553,GELA_SYNTHETIC_FIXTURE,SYN_A,2026-07-26T00:00:00Z
SYN_B,BBB,合成市场B,合成指数B,cash_index,price,BBB,Etc/UTC,37.0,127.0,2024-03-25,2024-03-25T08:00:00Z,2024-03-25T14:00:00Z,105.40731222,GELA_SYNTHETIC_FIXTURE,SYN_B,2026-07-26T00:00:00Z
SYN_C,CCC,合成市场C,合成指数C,cash_index,price,CCC,Etc/UTC,51.0,10.0,2024-03-25,2024-03-25T15:00:00Z,2024-03-25T21:00:00Z,115.65452700,GELA_SYNTHETIC_FIXTURE,SYN_C,2026-07-26T00:00:00Z
SYN_A,AAA,合成市场A,合成指数A,cash_index,price,AAA,Etc/UTC,35.0,-95.0,2024-03-26,2024-03-26T00:00:00Z,2024-03-26T06:00:00Z,109.43601001,GELA_SYNTHETIC_FIXTURE,SYN_A,2026-07-26T00:00:00Z
SYN_B,BBB,合成市场B,合成指数B,cash_index,price,BBB,Etc/UTC,37.0,127.0,2024-03-26,2024-03-26T08:00:00Z,2024-03-26T14:00:00Z,106.43874459,GELA_SYNTHETIC_FIXTURE,SYN_B,2026-07-26T00:00:00Z
SYN_C,CCC,合成市场C,合成指数C,cash_index,price,CCC,Etc/UTC,51.0,10.0,2024-03-26,2024-03-26T15:00:00Z,2024-03-26T21:00:00Z,115.18951975,GELA_SYNTHETIC_FIXTURE,SYN_C,2026-07-26T00:00:00Z
SYN_A,AAA,合成市场A,合成指数A,cash_index,price,AAA,Etc/UTC,35.0,-95.0,2024-03-27,2024-03-27T00:00:00Z,2024-03-27T06:00:00Z,110.14934875,GELA_SYNTHETIC_FIXTURE,SYN_A,2026-07-26T00:00:00Z
SYN_B,BBB,合成市场B,合成指数B,cash_index,price,BBB,Etc/UTC,37.0,127.0,2024-03-27,2024-03-27T08:00:00Z,2024-03-27T14:00:00Z,107.15262963,GELA_SYNTHETIC_FIXTURE,SYN_B,2026-07-26T00:00:00Z
SYN_C,CCC,合成市场C,合成指数C,cash_index,price,CCC,Etc/UTC,51.0,10.0,2024-03-27,2024-03-27T15:00:00Z,2024-03-27T21:00:00Z,114.88704653,GELA_SYNTHETIC_FIXTURE,SYN_C,2026-07-26T00:00:00Z
SYN_A,AAA,合成市场A,合成指数A,cash_index,price,AAA,Etc/UTC,35.0,-95.0,2024-03-28,2024-03-28T00:00:00Z,2024-03-28T06:00:00Z,111.35430027,GELA_SYNTHETIC_FIXTURE,SYN_A,2026-07-26T00:00:00Z
SYN_B,BBB,合成市场B,合成指数B,cash_index,price,BBB,Etc/UTC,37.0,127.0,2024-03-28,2024-03-28T08:00:00Z,2024-03-28T14:00:00Z,108.80732350,GELA_SYNTHETIC_FIXTURE,SYN_B,2026-07-26T00:00:00Z
SYN_C,CCC,合成市场C,合成指数C,cash_index,price,CCC,Etc/UTC,51.0,10.0,2024-03-28,2024-03-28T15:00:00Z,2024-03-28T21:00:00Z,115.71628488,GELA_SYNTHETIC_FIXTURE,SYN_C,2026-07-26T00:00:00Z
SYN_A,AAA,合成市场A,合成指数A,cash_index,price,AAA,Etc/UTC,35.0,-95.0,2024-03-29,2024-03-29T00:00:00Z,2024-03-29T06:00:00Z,110.01627049,GELA_SYNTHETIC_FIXTURE,SYN_A,2026-07-26T00:00:00Z
SYN_B,BBB,合成市场B,合成指数B,cash_index,price,BBB,Etc/UTC,37.0,127.0,2024-03-29,2024-03-29T08:00:00Z,2024-03-29T14:00:00Z,108.24759393,GELA_SYNTHETIC_FIXTURE,SYN_B,2026-07-26T00:00:00Z
SYN_C,CCC,合成市场C,合成指数C,cash_index,price,CCC,Etc/UTC,51.0,10.0,2024-03-29,2024-03-29T15:00:00Z,2024-03-29T21:00:00Z,113.97957140,GELA_SYNTHETIC_FIXTURE,SYN_C,2026-07-26T00:00:00Z
SYN_A,AAA,合成市场A,合成指数A,cash_index,price,AAA,Etc/UTC,35.0,-95.0,2024-04-01,2024-04-01T00:00:00Z,2024-04-01T06:00:00Z,111.19118182,GELA_SYNTHETIC_FIXTURE,SYN_A,2026-07-26T00:00:00Z
SYN_B,BBB,合成市场B,合成指数B,cash_index,price,BBB,Etc/UTC,37.0,127.0,2024-04-01,2024-04-01T08:00:00Z,2024-04-01T14:00:00Z,109.21194651,GELA_SYNTHETIC_FIXTURE,SYN_B,2026-07-26T00:00:00Z
SYN_C,CCC,合成市场C,合成指数C,cash_index,price,CCC,Etc/UTC,51.0,10.0,2024-04-01,2024-04-01T15:00:00Z,2024-04-01T21:00:00Z,114.75392762,GELA_SYNTHETIC_FIXTURE,SYN_C,2026-07-26T00:00:00Z
SYN_A,AAA,合成市场A,合成指数A,cash_index,price,AAA,Etc/UTC,35.0,-95.0,2024-04-02,2024-04-02T00:00:00Z,2024-04-02T06:00:00Z,111.32524860,GELA_SYNTHETIC_FIXTURE,SYN_A,2026-07-26T00:00:00Z
SYN_B,BBB,合成市场B,合成指数B,cash_index,price,BBB,Etc/UTC,37.0,127.0,2024-04-02,2024-04-02T08:00:00Z,2024-04-02T14:00:00Z,109.14608485,GELA_SYNTHETIC_FIXTURE,SYN_B,2026-07-26T00:00:00Z
SYN_C,CCC,合成市场C,合成指数C,cash_index,price,CCC,Etc/UTC,51.0,10.0,2024-04-02,2024-04-02T15:00:00Z,2024-04-02T21:00:00Z,113.94766458,GELA_SYNTHETIC_FIXTURE,SYN_C,2026-07-26T00:00:00Z
SYN_A,AAA,合成市场A,合成指数A,cash_index,price,AAA,Etc/UTC,35.0,-95.0,2024-04-03,2024-04-03T00:00:00Z,2024-04-03T06:00:00Z,110.43168157,GELA_SYNTHETIC_FIXTURE,SYN_A,2026-07-26T00:00:00Z
SYN_B,BBB,合成市场B,合成指数B,cash_index,price,BBB,Etc/UTC,37.0,127.0,2024-04-03,2024-04-03T08:00:00Z,2024-04-03T14:00:00Z,108.54162941,GELA_SYNTHETIC_FIXTURE,SYN_B,2026-07-26T00:00:00Z
SYN_C,CCC,合成市场C,合成指数C,cash_index,price,CCC,Etc/UTC,51.0,10.0,2024-04-03,2024-04-03T15:00:00Z,2024-04-03T21:00:00Z,114.67139182,GELA_SYNTHETIC_FIXTURE,SYN_C,2026-07-26T00:00:00Z
SYN_A,AAA,合成市场A,合成指数A,cash_index,price,AAA,Etc/UTC,35.0,-95.0,2024-04-04,2024-04-04T00:00:00Z,2024-04-04T06:00:00Z,110.15561261,GELA_SYNTHETIC_FIXTURE,SYN_A,2026-07-26T00:00:00Z
SYN_B,BBB,合成市场B,合成指数B,cash_index,price,BBB,Etc/UTC,37.0,127.0,2024-04-04,2024-04-04T08:00:00Z,2024-04-04T14:00:00Z,108.51765881,GELA_SYNTHETIC_FIXTURE,SYN_B,2026-07-26T00:00:00Z
SYN_C,CCC,合成市场C,合成指数C,cash_index,price,CCC,Etc/UTC,51.0,10.0,2024-04-04,2024-04-04T15:00:00Z,2024-04-04T21:00:00Z,115.53178623,GELA_SYNTHETIC_FIXTURE,SYN_C,2026-07-26T00:00:00Z
SYN_A,AAA,合成市场A,合成指数A,cash_index,price,AAA,Etc/UTC,35.0,-95.0,2024-04-05,2024-04-05T00:00:00Z,2024-04-05T06:00:00Z,110.42276000,GELA_SYNTHETIC_FIXTURE,SYN_A,2026-07-26T00:00:00Z
SYN_B,BBB,合成市场B,合成指数B,cash_index,price,BBB,Etc/UTC,37.0,127.0,2024-04-05,2024-04-05T08:00:00Z,2024-04-05T14:00:00Z,108.75141773,GELA_SYNTHETIC_FIXTURE,SYN_B,2026-07-26T00:00:00Z
SYN_C,CCC,合成市场C,合成指数C,cash_index,price,CCC,Etc/UTC,51.0,10.0,2024-04-05,2024-04-05T15:00:00Z,2024-04-05T21:00:00Z,116.46217464,GELA_SYNTHETIC_FIXTURE,SYN_C,2026-07-26T00:00:00Z
SYN_A,AAA,合成市场A,合成指数A,cash_index,price,AAA,Etc/UTC,35.0,-95.0,2024-04-08,2024-04-08T00:00:00Z,2024-04-08T06:00:00Z,110.14856754,GELA_SYNTHETIC_FIXTURE,SYN_A,2026-07-26T00:00:00Z
SYN_B,BBB,合成市场B,合成指数B,cash_index,price,BBB,Etc/UTC,37.0,127.0,2024-04-08,2024-04-08T08:00:00Z,2024-04-08T14:00:00Z,108.81126620,GELA_SYNTHETIC_FIXTURE,SYN_B,2026-07-26T00:00:00Z
SYN_C,CCC,合成市场C,合成指数C,cash_index,price,CCC,Etc/UTC,51.0,10.0,2024-04-08,2024-04-08T15:00:00Z,2024-04-08T21:00:00Z,115.98439554,GELA_SYNTHETIC_FIXTURE,SYN_C,2026-07-26T00:00:00Z
SYN_A,AAA,合成市场A,合成指数A,cash_index,price,AAA,Etc/UTC,35.0,-95.0,2024-04-09,2024-04-09T00:00:00Z,2024-04-09T06:00:00Z,109.17352138,GELA_SYNTHETIC_FIXTURE,SYN_A,2026-07-26T00:00:00Z
SYN_B,BBB,合成市场B,合成指数B,cash_index,price,BBB,Etc/UTC,37.0,127.0,2024-04-09,2024-04-09T08:00:00Z,2024-04-09T14:00:00Z,107.58869498,GELA_SYNTHETIC_FIXTURE,SYN_B,2026-07-26T00:00:00Z
SYN_C,CCC,合成市场C,合成指数C,cash_index,price,CCC,Etc/UTC,51.0,10.0,2024-04-09,2024-04-09T15:00:00Z,2024-04-09T21:00:00Z,116.21946935,GELA_SYNTHETIC_FIXTURE,SYN_C,2026-07-26T00:00:00Z
SYN_A,AAA,合成市场A,合成指数A,cash_index,price,AAA,Etc/UTC,35.0,-95.0,2024-04-10,2024-04-10T00:00:00Z,2024-04-10T06:00:00Z,108.28920221,GELA_SYNTHETIC_FIXTURE,SYN_A,2026-07-26T00:00:00Z
SYN_B,BBB,合成市场B,合成指数B,cash_index,price,BBB,Etc/UTC,37.0,127.0,2024-04-10,2024-04-10T08:00:00Z,2024-04-10T14:00:00Z,107.16077436,GELA_SYNTHETIC_FIXTURE,SYN_B,2026-07-26T00:00:00Z
SYN_C,CCC,合成市场C,合成指数C,cash_index,price,CCC,Etc/UTC,51.0,10.0,2024-04-10,2024-04-10T15:00:00Z,2024-04-10T21:00:00Z,116.02577016,GELA_SYNTHETIC_FIXTURE,SYN_C,2026-07-26T00:00:00Z
SYN_A,AAA,合成市场A,合成指数A,cash_index,price,AAA,Etc/UTC,35.0,-95.0,2024-04-11,2024-04-11T00:00:00Z,2024-04-11T06:00:00Z,107.97033784,GELA_SYNTHETIC_FIXTURE,SYN_A,2026-07-26T00:00:00Z
SYN_B,BBB,合成市场B,合成指数B,cash_index,price,BBB,Etc/UTC,37.0,127.0,2024-04-11,2024-04-11T08:00:00Z,2024-04-11T14:00:00Z,107.30196553,GELA_SYNTHETIC_FIXTURE,SYN_B,2026-07-26T00:00:00Z
SYN_C,CCC,合成市场C,合成指数C,cash_index,price,CCC,Etc/UTC,51.0,10.0,2024-04-11,2024-04-11T15:00:00Z,2024-04-11T21:00:00Z,115.93118872,GELA_SYNTHETIC_FIXTURE,SYN_C,2026-07-26T00:00:00Z
SYN_A,AAA,合成市场A,合成指数A,cash_index,price,AAA,Etc/UTC,35.0,-95.0,2024-04-12,2024-04-12T00:00:00Z,2024-04-12T06:00:00Z,107.92143587,GELA_SYNTHETIC_FIXTURE,SYN_A,2026-07-26T00:00:00Z
SYN_B,BBB,合成市场B,合成指数B,cash_index,price,BBB,Etc/UTC,37.0,127.0,2024-04-12,2024-04-12T08:00:00Z,2024-04-12T14:00:00Z,108.18823880,GELA_SYNTHETIC_FIXTURE,SYN_B,2026-07-26T00:00:00Z
SYN_C,CCC,合成市场C,合成指数C,cash_index,price,CCC,Etc/UTC,51.0,10.0,2024-04-12,2024-04-12T15:00:00Z,2024-04-12T21:00:00Z,116.00776747,GELA_SYNTHETIC_FIXTURE,SYN_C,2026-07-26T00:00:00Z
SYN_A,AAA,合成市场A,合成指数A,cash_index,price,AAA,Etc/UTC,35.0,-95.0,2024-04-15,2024-04-15T00:00:00Z,2024-04-15T06:00:00Z,106.01862798,GELA_SYNTHETIC_FIXTURE,SYN_A,2026-07-26T00:00:00Z
SYN_B,BBB,合成市场B,合成指数B,cash_index,price,BBB,Etc/UTC,37.0,127.0,2024-04-15,2024-04-15T08:00:00Z,2024-04-15T14:00:00Z,106.27013847,GELA_SYNTHETIC_FIXTURE,SYN_B,2026-07-26T00:00:00Z
SYN_C,CCC,合成市场C,合成指数C,cash_index,price,CCC,Etc/UTC,51.0,10.0,2024-04-15,2024-04-15T15:00:00Z,2024-04-15T21:00:00Z,115.57841715,GELA_SYNTHETIC_FIXTURE,SYN_C,2026-07-26T00:00:00Z
SYN_A,AAA,合成市场A,合成指数A,cash_index,price,AAA,Etc/UTC,35.0,-95.0,2024-04-16,2024-04-16T00:00:00Z,2024-04-16T06:00:00Z,106.11195999,GELA_SYNTHETIC_FIXTURE,SYN_A,2026-07-26T00:00:00Z
SYN_B,BBB,合成市场B,合成指数B,cash_index,price,BBB,Etc/UTC,37.0,127.0,2024-04-16,2024-04-16T08:00:00Z,2024-04-16T14:00:00Z,106.16893258,GELA_SYNTHETIC_FIXTURE,SYN_B,2026-07-26T00:00:00Z
SYN_C,CCC,合成市场C,合成指数C,cash_index,price,CCC,Etc/UTC,51.0,10.0,2024-04-16,2024-04-16T15:00:00Z,2024-04-16T21:00:00Z,115.64877683,GELA_SYNTHETIC_FIXTURE,SYN_C,2026-07-26T00:00:00Z
SYN_A,AAA,合成市场A,合成指数A,cash_index,price,AAA,Etc/UTC,35.0,-95.0,2024-04-17,2024-04-17T00:00:00Z,2024-04-17T06:00:00Z,105.10101344,GELA_SYNTHETIC_FIXTURE,SYN_A,2026-07-26T00:00:00Z
SYN_B,BBB,合成市场B,合成指数B,cash_index,price,BBB,Etc/UTC,37.0,127.0,2024-04-17,2024-04-17T08:00:00Z,2024-04-17T14:00:00Z,105.49693120,GELA_SYNTHETIC_FIXTURE,SYN_B,2026-07-26T00:00:00Z
SYN_C,CCC,合成市场C,合成指数C,cash_index,price,CCC,Etc/UTC,51.0,10.0,2024-04-17,2024-04-17T15:00:00Z,2024-04-17T21:00:00Z,117.15561322,GELA_SYNTHETIC_FIXTURE,SYN_C,2026-07-26T00:00:00Z
SYN_A,AAA,合成市场A,合成指数A,cash_index,price,AAA,Etc/UTC,35.0,-95.0,2024-04-18,2024-04-18T00:00:00Z,2024-04-18T06:00:00Z,105.01659776,GELA_SYNTHETIC_FIXTURE,SYN_A,2026-07-26T00:00:00Z
SYN_B,BBB,合成市场B,合成指数B,cash_index,price,BBB,Etc/UTC,37.0,127.0,2024-04-18,2024-04-18T08:00:00Z,2024-04-18T14:00:00Z,104.91997281,GELA_SYNTHETIC_FIXTURE,SYN_B,2026-07-26T00:00:00Z
SYN_C,CCC,合成市场C,合成指数C,cash_index,price,CCC,Etc/UTC,51.0,10.0,2024-04-18,2024-04-18T15:00:00Z,2024-04-18T21:00:00Z,118.10283764,GELA_SYNTHETIC_FIXTURE,SYN_C,2026-07-26T00:00:00Z
SYN_A,AAA,合成市场A,合成指数A,cash_index,price,AAA,Etc/UTC,35.0,-95.0,2024-04-19,2024-04-19T00:00:00Z,2024-04-19T06:00:00Z,105.91735694,GELA_SYNTHETIC_FIXTURE,SYN_A,2026-07-26T00:00:00Z
SYN_B,BBB,合成市场B,合成指数B,cash_index,price,BBB,Etc/UTC,37.0,127.0,2024-04-19,2024-04-19T08:00:00Z,2024-04-19T14:00:00Z,105.76556997,GELA_SYNTHETIC_FIXTURE,SYN_B,2026-07-26T00:00:00Z
SYN_C,CCC,合成市场C,合成指数C,cash_index,price,CCC,Etc/UTC,51.0,10.0,2024-04-19,2024-04-19T15:00:00Z,2024-04-19T21:00:00Z,117.27956649,GELA_SYNTHETIC_FIXTURE,SYN_C,2026-07-26T00:00:00Z
SYN_A,AAA,合成市场A,合成指数A,cash_index,price,AAA,Etc/UTC,35.0,-95.0,2024-04-22,2024-04-22T00:00:00Z,2024-04-22T06:00:00Z,106.62633733,GELA_SYNTHETIC_FIXTURE,SYN_A,2026-07-26T00:00:00Z
SYN_B,BBB,合成市场B,合成指数B,cash_index,price,BBB,Etc/UTC,37.0,127.0,2024-04-22,2024-04-22T08:00:00Z,2024-04-22T14:00:00Z,106.88636951,GELA_SYNTHETIC_FIXTURE,SYN_B,2026-07-26T00:00:00Z
SYN_C,CCC,合成市场C,合成指数C,cash_index,price,CCC,Etc/UTC,51.0,10.0,2024-04-22,2024-04-22T15:00:00Z,2024-04-22T21:00:00Z,116.85712170,GELA_SYNTHETIC_FIXTURE,SYN_C,2026-07-26T00:00:00Z
SYN_A,AAA,合成市场A,合成指数A,cash_index,price,AAA,Etc/UTC,35.0,-95.0,2024-04-23,2024-04-23T00:00:00Z,2024-04-23T06:00:00Z,107.18799473,GELA_SYNTHETIC_FIXTURE,SYN_A,2026-07-26T00:00:00Z
SYN_B,BBB,合成市场B,合成指数B,cash_index,price,BBB,Etc/UTC,37.0,127.0,2024-04-23,2024-04-23T08:00:00Z,2024-04-23T14:00:00Z,107.27767130,GELA_SYNTHETIC_FIXTURE,SYN_B,2026-07-26T00:00:00Z
SYN_C,CCC,合成市场C,合成指数C,cash_index,price,CCC,Etc/UTC,51.0,10.0,2024-04-23,2024-04-23T15:00:00Z,2024-04-23T21:00:00Z,118.26594295,GELA_SYNTHETIC_FIXTURE,SYN_C,2026-07-26T00:00:00Z
SYN_A,AAA,合成市场A,合成指数A,cash_index,price,AAA,Etc/UTC,35.0,-95.0,2024-04-24,2024-04-24T00:00:00Z,2024-04-24T06:00:00Z,105.79788950,GELA_SYNTHETIC_FIXTURE,SYN_A,2026-07-26T00:00:00Z
SYN_B,BBB,合成市场B,合成指数B,cash_index,price,BBB,Etc/UTC,37.0,127.0,2024-04-24,2024-04-24T08:00:00Z,2024-04-24T14:00:00Z,106.45068264,GELA_SYNTHETIC_FIXTURE,SYN_B,2026-07-26T00:00:00Z
SYN_C,CCC,合成市场C,合成指数C,cash_index,price,CCC,Etc/UTC,51.0,10.0,2024-04-24,2024-04-24T15:00:00Z,2024-04-24T21:00:00Z,116.75901759,GELA_SYNTHETIC_FIXTURE,SYN_C,2026-07-26T00:00:00Z
SYN_A,AAA,合成市场A,合成指数A,cash_index,price,AAA,Etc/UTC,35.0,-95.0,2024-04-25,2024-04-25T00:00:00Z,2024-04-25T06:00:00Z,104.36133727,GELA_SYNTHETIC_FIXTURE,SYN_A,2026-07-26T00:00:00Z
SYN_B,BBB,合成市场B,合成指数B,cash_index,price,BBB,Etc/UTC,37.0,127.0,2024-04-25,2024-04-25T08:00:00Z,2024-04-25T14:00:00Z,105.42859754,GELA_SYNTHETIC_FIXTURE,SYN_B,2026-07-26T00:00:00Z
SYN_C,CCC,合成市场C,合成指数C,cash_index,price,CCC,Etc/UTC,51.0,10.0,2024-04-25,2024-04-25T15:00:00Z,2024-04-25T21:00:00Z,117.62995044,GELA_SYNTHETIC_FIXTURE,SYN_C,2026-07-26T00:00:00Z
SYN_A,AAA,合成市场A,合成指数A,cash_index,price,AAA,Etc/UTC,35.0,-95.0,2024-04-26,2024-04-26T00:00:00Z,2024-04-26T06:00:00Z,105.29086951,GELA_SYNTHETIC_FIXTURE,SYN_A,2026-07-26T00:00:00Z
SYN_B,BBB,合成市场B,合成指数B,cash_index,price,BBB,Etc/UTC,37.0,127.0,2024-04-26,2024-04-26T08:00:00Z,2024-04-26T14:00:00Z,106.24783825,GELA_SYNTHETIC_FIXTURE,SYN_B,2026-07-26T00:00:00Z
SYN_C,CCC,合成市场C,合成指数C,cash_index,price,CCC,Etc/UTC,51.0,10.0,2024-04-26,2024-04-26T15:00:00Z,2024-04-26T21:00:00Z,116.42512848,GELA_SYNTHETIC_FIXTURE,SYN_C,2026-07-26T00:00:00Z
SYN_A,AAA,合成市场A,合成指数A,cash_index,price,AAA,Etc/UTC,35.0,-95.0,2024-04-29,2024-04-29T00:00:00Z,2024-04-29T06:00:00Z,106.27010583,GELA_SYNTHETIC_FIXTURE,SYN_A,2026-07-26T00:00:00Z
SYN_B,BBB,合成市场B,合成指数B,cash_index,price,BBB,Etc/UTC,37.0,127.0,2024-04-29,2024-04-29T08:00:00Z,2024-04-29T14:00:00Z,107.54761756,GELA_SYNTHETIC_FIXTURE,SYN_B,2026-07-26T00:00:00Z
SYN_C,CCC,合成市场C,合成指数C,cash_index,price,CCC,Etc/UTC,51.0,10.0,2024-04-29,2024-04-29T15:00:00Z,2024-04-29T21:00:00Z,115.48909068,GELA_SYNTHETIC_FIXTURE,SYN_C,2026-07-26T00:00:00Z
SYN_A,AAA,合成市场A,合成指数A,cash_index,price,AAA,Etc/UTC,35.0,-95.0,2024-04-30,2024-04-30T00:00:00Z,2024-04-30T06:00:00Z,105.76335978,GELA_SYNTHETIC_FIXTURE,SYN_A,2026-07-26T00:00:00Z
SYN_B,BBB,合成市场B,合成指数B,cash_index,price,BBB,Etc/UTC,37.0,127.0,2024-04-30,2024-04-30T08:00:00Z,2024-04-30T14:00:00Z,107.29180324,GELA_SYNTHETIC_FIXTURE,SYN_B,2026-07-26T00:00:00Z
SYN_C,CCC,合成市场C,合成指数C,cash_index,price,CCC,Etc/UTC,51.0,10.0,2024-04-30,2024-04-30T15:00:00Z,2024-04-30T21:00:00Z,116.41911616,GELA_SYNTHETIC_FIXTURE,SYN_C,2026-07-26T00:00:00Z
SYN_A,AAA,合成市场A,合成指数A,cash_index,price,AAA,Etc/UTC,35.0,-95.0,2024-05-01,2024-05-01T00:00:00Z,2024-05-01T06:00:00Z,104.51867821,GELA_SYNTHETIC_FIXTURE,SYN_A,2026-07-26T00:00:00Z
SYN_B,BBB,合成市场B,合成指数B,cash_index,price,BBB,Etc/UTC,37.0,127.0,2024-05-01,2024-05-01T08:00:00Z,2024-05-01T14:00:00Z,106.70560542,GELA_SYNTHETIC_FIXTURE,SYN_B,2026-07-26T00:00:00Z
SYN_C,CCC,合成市场C,合成指数C,cash_index,price,CCC,Etc/UTC,51.0,10.0,2024-05-01,2024-05-01T15:00:00Z,2024-05-01T21:00:00Z,115.36804086,GELA_SYNTHETIC_FIXTURE,SYN_C,2026-07-26T00:00:00Z
SYN_A,AAA,合成市场A,合成指数A,cash_index,price,AAA,Etc/UTC,35.0,-95.0,2024-05-02,2024-05-02T00:00:00Z,2024-05-02T06:00:00Z,104.98860980,GELA_SYNTHETIC_FIXTURE,SYN_A,2026-07-26T00:00:00Z
SYN_B,BBB,合成市场B,合成指数B,cash_index,price,BBB,Etc/UTC,37.0,127.0,2024-05-02,2024-05-02T08:00:00Z,2024-05-02T14:00:00Z,106.90775761,GELA_SYNTHETIC_FIXTURE,SYN_B,2026-07-26T00:00:00Z
SYN_C,CCC,合成市场C,合成指数C,cash_index,price,CCC,Etc/UTC,51.0,10.0,2024-05-02,2024-05-02T15:00:00Z,2024-05-02T21:00:00Z,116.03491465,GELA_SYNTHETIC_FIXTURE,SYN_C,2026-07-26T00:00:00Z
SYN_A,AAA,合成市场A,合成指数A,cash_index,price,AAA,Etc/UTC,35.0,-95.0,2024-05-03,2024-05-03T00:00:00Z,2024-05-03T06:00:00Z,105.47157152,GELA_SYNTHETIC_FIXTURE,SYN_A,2026-07-26T00:00:00Z
SYN_B,BBB,合成市场B,合成指数B,cash_index,price,BBB,Etc/UTC,37.0,127.0,2024-05-03,2024-05-03T08:00:00Z,2024-05-03T14:00:00Z,106.78147229,GELA_SYNTHETIC_FIXTURE,SYN_B,2026-07-26T00:00:00Z
SYN_C,CCC,合成市场C,合成指数C,cash_index,price,CCC,Etc/UTC,51.0,10.0,2024-05-03,2024-05-03T15:00:00Z,2024-05-03T21:00:00Z,114.50591713,GELA_SYNTHETIC_FIXTURE,SYN_C,2026-07-26T00:00:00Z
SYN_A,AAA,合成市场A,合成指数A,cash_index,price,AAA,Etc/UTC,35.0,-95.0,2024-05-06,2024-05-06T00:00:00Z,2024-05-06T06:00:00Z,105.21926999,GELA_SYNTHETIC_FIXTURE,SYN_A,2026-07-26T00:00:00Z
SYN_B,BBB,合成市场B,合成指数B,cash_index,price,BBB,Etc/UTC,37.0,127.0,2024-05-06,2024-05-06T08:00:00Z,2024-05-06T14:00:00Z,107.34919595,GELA_SYNTHETIC_FIXTURE,SYN_B,2026-07-26T00:00:00Z
SYN_C,CCC,合成市场C,合成指数C,cash_index,price,CCC,Etc/UTC,51.0,10.0,2024-05-06,2024-05-06T15:00:00Z,2024-05-06T21:00:00Z,115.77044843,GELA_SYNTHETIC_FIXTURE,SYN_C,2026-07-26T00:00:00Z
SYN_A,AAA,合成市场A,合成指数A,cash_index,price,AAA,Etc/UTC,35.0,-95.0,2024-05-07,2024-05-07T00:00:00Z,2024-05-07T06:00:00Z,102.35573802,GELA_SYNTHETIC_FIXTURE,SYN_A,2026-07-26T00:00:00Z
SYN_B,BBB,合成市场B,合成指数B,cash_index,price,BBB,Etc/UTC,37.0,127.0,2024-05-07,2024-05-07T08:00:00Z,2024-05-07T14:00:00Z,105.22948800,GELA_SYNTHETIC_FIXTURE,SYN_B,2026-07-26T00:00:00Z
SYN_C,CCC,合成市场C,合成指数C,cash_index,price,CCC,Etc/UTC,51.0,10.0,2024-05-07,2024-05-07T15:00:00Z,2024-05-07T21:00:00Z,114.79457151,GELA_SYNTHETIC_FIXTURE,SYN_C,2026-07-26T00:00:00Z
SYN_A,AAA,合成市场A,合成指数A,cash_index,price,AAA,Etc/UTC,35.0,-95.0,2024-05-08,2024-05-08T00:00:00Z,2024-05-08T06:00:00Z,101.20900946,GELA_SYNTHETIC_FIXTURE,SYN_A,2026-07-26T00:00:00Z
SYN_B,BBB,合成市场B,合成指数B,cash_index,price,BBB,Etc/UTC,37.0,127.0,2024-05-08,2024-05-08T08:00:00Z,2024-05-08T14:00:00Z,103.86219835,GELA_SYNTHETIC_FIXTURE,SYN_B,2026-07-26T00:00:00Z
SYN_C,CCC,合成市场C,合成指数C,cash_index,price,CCC,Etc/UTC,51.0,10.0,2024-05-08,2024-05-08T15:00:00Z,2024-05-08T21:00:00Z,114.03046263,GELA_SYNTHETIC_FIXTURE,SYN_C,2026-07-26T00:00:00Z
SYN_A,AAA,合成市场A,合成指数A,cash_index,price,AAA,Etc/UTC,35.0,-95.0,2024-05-09,2024-05-09T00:00:00Z,2024-05-09T06:00:00Z,100.08331075,GELA_SYNTHETIC_FIXTURE,SYN_A,2026-07-26T00:00:00Z
SYN_B,BBB,合成市场B,合成指数B,cash_index,price,BBB,Etc/UTC,37.0,127.0,2024-05-09,2024-05-09T08:00:00Z,2024-05-09T14:00:00Z,102.71294983,GELA_SYNTHETIC_FIXTURE,SYN_B,2026-07-26T00:00:00Z
SYN_C,CCC,合成市场C,合成指数C,cash_index,price,CCC,Etc/UTC,51.0,10.0,2024-05-09,2024-05-09T15:00:00Z,2024-05-09T21:00:00Z,114.88943734,GELA_SYNTHETIC_FIXTURE,SYN_C,2026-07-26T00:00:00Z
SYN_A,AAA,合成市场A,合成指数A,cash_index,price,AAA,Etc/UTC,35.0,-95.0,2024-05-10,2024-05-10T00:00:00Z,2024-05-10T06:00:00Z,101.95979702,GELA_SYNTHETIC_FIXTURE,SYN_A,2026-07-26T00:00:00Z
SYN_B,BBB,合成市场B,合成指数B,cash_index,price,BBB,Etc/UTC,37.0,127.0,2024-05-10,2024-05-10T08:00:00Z,2024-05-10T14:00:00Z,104.68161171,GELA_SYNTHETIC_FIXTURE,SYN_B,2026-07-26T00:00:00Z
SYN_C,CCC,合成市场C,合成指数C,cash_index,price,CCC,Etc/UTC,51.0,10.0,2024-05-10,2024-05-10T15:00:00Z,2024-05-10T21:00:00Z,116.01674397,GELA_SYNTHETIC_FIXTURE,SYN_C,2026-07-26T00:00:00Z
SYN_A,AAA,合成市场A,合成指数A,cash_index,price,AAA,Etc/UTC,35.0,-95.0,2024-05-13,2024-05-13T00:00:00Z,2024-05-13T06:00:00Z,102.20913713,GELA_SYNTHETIC_FIXTURE,SYN_A,2026-07-26T00:00:00Z
SYN_B,BBB,合成市场B,合成指数B,cash_index,price,BBB,Etc/UTC,37.0,127.0,2024-05-13,2024-05-13T08:00:00Z,2024-05-13T14:00:00Z,105.45978342,GELA_SYNTHETIC_FIXTURE,SYN_B,2026-07-26T00:00:00Z
SYN_C,CCC,合成市场C,合成指数C,cash_index,price,CCC,Etc/UTC,51.0,10.0,2024-05-13,2024-05-13T15:00:00Z,2024-05-13T21:00:00Z,115.91248015,GELA_SYNTHETIC_FIXTURE,SYN_C,2026-07-26T00:00:00Z
SYN_A,AAA,合成市场A,合成指数A,cash_index,price,AAA,Etc/UTC,35.0,-95.0,2024-05-14,2024-05-14T00:00:00Z,2024-05-14T06:00:00Z,102.13549883,GELA_SYNTHETIC_FIXTURE,SYN_A,2026-07-26T00:00:00Z
SYN_B,BBB,合成市场B,合成指数B,cash_index,price,BBB,Etc/UTC,37.0,127.0,2024-05-14,2024-05-14T08:00:00Z,2024-05-14T14:00:00Z,104.54302438,GELA_SYNTHETIC_FIXTURE,SYN_B,2026-07-26T00:00:00Z
SYN_C,CCC,合成市场C,合成指数C,cash_index,price,CCC,Etc/UTC,51.0,10.0,2024-05-14,2024-05-14T15:00:00Z,2024-05-14T21:00:00Z,117.36869014,GELA_SYNTHETIC_FIXTURE,SYN_C,2026-07-26T00:00:00Z
SYN_A,AAA,合成市场A,合成指数A,cash_index,price,AAA,Etc/UTC,35.0,-95.0,2024-05-15,2024-05-15T00:00:00Z,2024-05-15T06:00:00Z,103.02767750,GELA_SYNTHETIC_FIXTURE,SYN_A,2026-07-26T00:00:00Z
SYN_B,BBB,合成市场B,合成指数B,cash_index,price,BBB,Etc/UTC,37.0,127.0,2024-05-15,2024-05-15T08:00:00Z,2024-05-15T14:00:00Z,105.21721159,GELA_SYNTHETIC_FIXTURE,SYN_B,2026-07-26T00:00:00Z
SYN_C,CCC,合成市场C,合成指数C,cash_index,price,CCC,Etc/UTC,51.0,10.0,2024-05-15,2024-05-15T15:00:00Z,2024-05-15T21:00:00Z,117.40484498,GELA_SYNTHETIC_FIXTURE,SYN_C,2026-07-26T00:00:00Z
SYN_A,AAA,合成市场A,合成指数A,cash_index,price,AAA,Etc/UTC,35.0,-95.0,2024-05-16,2024-05-16T00:00:00Z,2024-05-16T06:00:00Z,104.52553598,GELA_SYNTHETIC_FIXTURE,SYN_A,2026-07-26T00:00:00Z
SYN_B,BBB,合成市场B,合成指数B,cash_index,price,BBB,Etc/UTC,37.0,127.0,2024-05-16,2024-05-16T08:00:00Z,2024-05-16T14:00:00Z,106.56041270,GELA_SYNTHETIC_FIXTURE,SYN_B,2026-07-26T00:00:00Z
SYN_C,CCC,合成市场C,合成指数C,cash_index,price,CCC,Etc/UTC,51.0,10.0,2024-05-16,2024-05-16T15:00:00Z,2024-05-16T21:00:00Z,119.47185973,GELA_SYNTHETIC_FIXTURE,SYN_C,2026-07-26T00:00:00Z
SYN_A,AAA,合成市场A,合成指数A,cash_index,price,AAA,Etc/UTC,35.0,-95.0,2024-05-17,2024-05-17T00:00:00Z,2024-05-17T06:00:00Z,105.06659306,GELA_SYNTHETIC_FIXTURE,SYN_A,2026-07-26T00:00:00Z
SYN_B,BBB,合成市场B,合成指数B,cash_index,price,BBB,Etc/UTC,37.0,127.0,2024-05-17,2024-05-17T08:00:00Z,2024-05-17T14:00:00Z,106.61388854,GELA_SYNTHETIC_FIXTURE,SYN_B,2026-07-26T00:00:00Z
SYN_C,CCC,合成市场C,合成指数C,cash_index,price,CCC,Etc/UTC,51.0,10.0,2024-05-17,2024-05-17T15:00:00Z,2024-05-17T21:00:00Z,118.01149885,GELA_SYNTHETIC_FIXTURE,SYN_C,2026-07-26T00:00:00Z
SYN_A,AAA,合成市场A,合成指数A,cash_index,price,AAA,Etc/UTC,35.0,-95.0,2024-05-20,2024-05-20T00:00:00Z,2024-05-20T06:00:00Z,105.00963193,GELA_SYNTHETIC_FIXTURE,SYN_A,2026-07-26T00:00:00Z
SYN_B,BBB,合成市场B,合成指数B,cash_index,price,BBB,Etc/UTC,37.0,127.0,2024-05-20,2024-05-20T08:00:00Z,2024-05-20T14:00:00Z,106.75065248,GELA_SYNTHETIC_FIXTURE,SYN_B,2026-07-26T00:00:00Z
SYN_C,CCC,合成市场C,合成指数C,cash_index,price,CCC,Etc/UTC,51.0,10.0,2024-05-20,2024-05-20T15:00:00Z,2024-05-20T21:00:00Z,120.70878118,GELA_SYNTHETIC_FIXTURE,SYN_C,2026-07-26T00:00:00Z
SYN_A,AAA,合成市场A,合成指数A,cash_index,price,AAA,Etc/UTC,35.0,-95.0,2024-05-21,2024-05-21T00:00:00Z,2024-05-21T06:00:00Z,106.31413124,GELA_SYNTHETIC_FIXTURE,SYN_A,2026-07-26T00:00:00Z
SYN_B,BBB,合成市场B,合成指数B,cash_index,price,BBB,Etc/UTC,37.0,127.0,2024-05-21,2024-05-21T08:00:00Z,2024-05-21T14:00:00Z,107.63365390,GELA_SYNTHETIC_FIXTURE,SYN_B,2026-07-26T00:00:00Z
SYN_C,CCC,合成市场C,合成指数C,cash_index,price,CCC,Etc/UTC,51.0,10.0,2024-05-21,2024-05-21T15:00:00Z,2024-05-21T21:00:00Z,120.57478631,GELA_SYNTHETIC_FIXTURE,SYN_C,2026-07-26T00:00:00Z
SYN_A,AAA,合成市场A,合成指数A,cash_index,price,AAA,Etc/UTC,35.0,-95.0,2024-05-22,2024-05-22T00:00:00Z,2024-05-22T06:00:00Z,104.77000056,GELA_SYNTHETIC_FIXTURE,SYN_A,2026-07-26T00:00:00Z
SYN_B,BBB,合成市场B,合成指数B,cash_index,price,BBB,Etc/UTC,37.0,127.0,2024-05-22,2024-05-22T08:00:00Z,2024-05-22T14:00:00Z,106.10280371,GELA_SYNTHETIC_FIXTURE,SYN_B,2026-07-26T00:00:00Z
SYN_C,CCC,合成市场C,合成指数C,cash_index,price,CCC,Etc/UTC,51.0,10.0,2024-05-22,2024-05-22T15:00:00Z,2024-05-22T21:00:00Z,118.91305455,GELA_SYNTHETIC_FIXTURE,SYN_C,2026-07-26T00:00:00Z
SYN_A,AAA,合成市场A,合成指数A,cash_index,price,AAA,Etc/UTC,35.0,-95.0,2024-05-23,2024-05-23T00:00:00Z,2024-05-23T06:00:00Z,106.01971076,GELA_SYNTHETIC_FIXTURE,SYN_A,2026-07-26T00:00:00Z
SYN_B,BBB,合成市场B,合成指数B,cash_index,price,BBB,Etc/UTC,37.0,127.0,2024-05-23,2024-05-23T08:00:00Z,2024-05-23T14:00:00Z,107.22538913,GELA_SYNTHETIC_FIXTURE,SYN_B,2026-07-26T00:00:00Z
SYN_C,CCC,合成市场C,合成指数C,cash_index,price,CCC,Etc/UTC,51.0,10.0,2024-05-23,2024-05-23T15:00:00Z,2024-05-23T21:00:00Z,117.95140594,GELA_SYNTHETIC_FIXTURE,SYN_C,2026-07-26T00:00:00Z
SYN_A,AAA,合成市场A,合成指数A,cash_index,price,AAA,Etc/UTC,35.0,-95.0,2024-05-24,2024-05-24T00:00:00Z,2024-05-24T06:00:00Z,106.09375965,GELA_SYNTHETIC_FIXTURE,SYN_A,2026-07-26T00:00:00Z
SYN_B,BBB,合成市场B,合成指数B,cash_index,price,BBB,Etc/UTC,37.0,127.0,2024-05-24,2024-05-24T08:00:00Z,2024-05-24T14:00:00Z,107.18353595,GELA_SYNTHETIC_FIXTURE,SYN_B,2026-07-26T00:00:00Z
SYN_C,CCC,合成市场C,合成指数C,cash_index,price,CCC,Etc/UTC,51.0,10.0,2024-05-24,2024-05-24T15:00:00Z,2024-05-24T21:00:00Z,119.40700198,GELA_SYNTHETIC_FIXTURE,SYN_C,2026-07-26T00:00:00Z
SYN_A,AAA,合成市场A,合成指数A,cash_index,price,AAA,Etc/UTC,35.0,-95.0,2024-05-27,2024-05-27T00:00:00Z,2024-05-27T06:00:00Z,107.51206783,GELA_SYNTHETIC_FIXTURE,SYN_A,2026-07-26T00:00:00Z
SYN_B,BBB,合成市场B,合成指数B,cash_index,price,BBB,Etc/UTC,37.0,127.0,2024-05-27,2024-05-27T08:00:00Z,2024-05-27T14:00:00Z,108.61327187,GELA_SYNTHETIC_FIXTURE,SYN_B,2026-07-26T00:00:00Z
SYN_C,CCC,合成市场C,合成指数C,cash_index,price,CCC,Etc/UTC,51.0,10.0,2024-05-27,2024-05-27T15:00:00Z,2024-05-27T21:00:00Z,118.51448438,GELA_SYNTHETIC_FIXTURE,SYN_C,2026-07-26T00:00:00Z
SYN_A,AAA,合成市场A,合成指数A,cash_index,price,AAA,Etc/UTC,35.0,-95.0,2024-05-28,2024-05-28T00:00:00Z,2024-05-28T06:00:00Z,105.18500704,GELA_SYNTHETIC_FIXTURE,SYN_A,2026-07-26T00:00:00Z
SYN_B,BBB,合成市场B,合成指数B,cash_index,price,BBB,Etc/UTC,37.0,127.0,2024-05-28,2024-05-28T08:00:00Z,2024-05-28T14:00:00Z,105.74992820,GELA_SYNTHETIC_FIXTURE,SYN_B,2026-07-26T00:00:00Z
SYN_C,CCC,合成市场C,合成指数C,cash_index,price,CCC,Etc/UTC,51.0,10.0,2024-05-28,2024-05-28T15:00:00Z,2024-05-28T21:00:00Z,118.11554033,GELA_SYNTHETIC_FIXTURE,SYN_C,2026-07-26T00:00:00Z
SYN_A,AAA,合成市场A,合成指数A,cash_index,price,AAA,Etc/UTC,35.0,-95.0,2024-05-29,2024-05-29T00:00:00Z,2024-05-29T06:00:00Z,104.14064460,GELA_SYNTHETIC_FIXTURE,SYN_A,2026-07-26T00:00:00Z
SYN_B,BBB,合成市场B,合成指数B,cash_index,price,BBB,Etc/UTC,37.0,127.0,2024-05-29,2024-05-29T08:00:00Z,2024-05-29T14:00:00Z,103.94412612,GELA_SYNTHETIC_FIXTURE,SYN_B,2026-07-26T00:00:00Z
SYN_C,CCC,合成市场C,合成指数C,cash_index,price,CCC,Etc/UTC,51.0,10.0,2024-05-29,2024-05-29T15:00:00Z,2024-05-29T21:00:00Z,118.92487598,GELA_SYNTHETIC_FIXTURE,SYN_C,2026-07-26T00:00:00Z
SYN_A,AAA,合成市场A,合成指数A,cash_index,price,AAA,Etc/UTC,35.0,-95.0,2024-05-30,2024-05-30T00:00:00Z,2024-05-30T06:00:00Z,104.06559799,GELA_SYNTHETIC_FIXTURE,SYN_A,2026-07-26T00:00:00Z
SYN_B,BBB,合成市场B,合成指数B,cash_index,price,BBB,Etc/UTC,37.0,127.0,2024-05-30,2024-05-30T08:00:00Z,2024-05-30T14:00:00Z,103.92803649,GELA_SYNTHETIC_FIXTURE,SYN_B,2026-07-26T00:00:00Z
SYN_C,CCC,合成市场C,合成指数C,cash_index,price,CCC,Etc/UTC,51.0,10.0,2024-05-30,2024-05-30T15:00:00Z,2024-05-30T21:00:00Z,119.30139070,GELA_SYNTHETIC_FIXTURE,SYN_C,2026-07-26T00:00:00Z
SYN_A,AAA,合成市场A,合成指数A,cash_index,price,AAA,Etc/UTC,35.0,-95.0,2024-05-31,2024-05-31T00:00:00Z,2024-05-31T06:00:00Z,103.90089752,GELA_SYNTHETIC_FIXTURE,SYN_A,2026-07-26T00:00:00Z
SYN_B,BBB,合成市场B,合成指数B,cash_index,price,BBB,Etc/UTC,37.0,127.0,2024-05-31,2024-05-31T08:00:00Z,2024-05-31T14:00:00Z,102.97291509,GELA_SYNTHETIC_FIXTURE,SYN_B,2026-07-26T00:00:00Z
SYN_C,CCC,合成市场C,合成指数C,cash_index,price,CCC,Etc/UTC,51.0,10.0,2024-05-31,2024-05-31T15:00:00Z,2024-05-31T21:00:00Z,118.04310274,GELA_SYNTHETIC_FIXTURE,SYN_C,2026-07-26T00:00:00Z
SYN_A,AAA,合成市场A,合成指数A,cash_index,price,AAA,Etc/UTC,35.0,-95.0,2024-06-03,2024-06-03T00:00:00Z,2024-06-03T06:00:00Z,103.04194319,GELA_SYNTHETIC_FIXTURE,SYN_A,2026-07-26T00:00:00Z
SYN_B,BBB,合成市场B,合成指数B,cash_index,price,BBB,Etc/UTC,37.0,127.0,2024-06-03,2024-06-03T08:00:00Z,2024-06-03T14:00:00Z,101.70833973,GELA_SYNTHETIC_FIXTURE,SYN_B,2026-07-26T00:00:00Z
SYN_C,CCC,合成市场C,合成指数C,cash_index,price,CCC,Etc/UTC,51.0,10.0,2024-06-03,2024-06-03T15:00:00Z,2024-06-03T21:00:00Z,117.82353503,GELA_SYNTHETIC_FIXTURE,SYN_C,2026-07-26T00:00:00Z
SYN_A,AAA,合成市场A,合成指数A,cash_index,price,AAA,Etc/UTC,35.0,-95.0,2024-06-04,2024-06-04T00:00:00Z,2024-06-04T06:00:00Z,103.49236189,GELA_SYNTHETIC_FIXTURE,SYN_A,2026-07-26T00:00:00Z
SYN_B,BBB,合成市场B,合成指数B,cash_index,price,BBB,Etc/UTC,37.0,127.0,2024-06-04,2024-06-04T08:00:00Z,2024-06-04T14:00:00Z,101.30111863,GELA_SYNTHETIC_FIXTURE,SYN_B,2026-07-26T00:00:00Z
SYN_C,CCC,合成市场C,合成指数C,cash_index,price,CCC,Etc/UTC,51.0,10.0,2024-06-04,2024-06-04T15:00:00Z,2024-06-04T21:00:00Z,117.46466805,GELA_SYNTHETIC_FIXTURE,SYN_C,2026-07-26T00:00:00Z
SYN_A,AAA,合成市场A,合成指数A,cash_index,price,AAA,Etc/UTC,35.0,-95.0,2024-06-05,2024-06-05T00:00:00Z,2024-06-05T06:00:00Z,101.81355998,GELA_SYNTHETIC_FIXTURE,SYN_A,2026-07-26T00:00:00Z
SYN_B,BBB,合成市场B,合成指数B,cash_index,price,BBB,Etc/UTC,37.0,127.0,2024-06-05,2024-06-05T08:00:00Z,2024-06-05T14:00:00Z,100.00380365,GELA_SYNTHETIC_FIXTURE,SYN_B,2026-07-26T00:00:00Z
SYN_C,CCC,合成市场C,合成指数C,cash_index,price,CCC,Etc/UTC,51.0,10.0,2024-06-05,2024-06-05T15:00:00Z,2024-06-05T21:00:00Z,118.58912293,GELA_SYNTHETIC_FIXTURE,SYN_C,2026-07-26T00:00:00Z
SYN_A,AAA,合成市场A,合成指数A,cash_index,price,AAA,Etc/UTC,35.0,-95.0,2024-06-06,2024-06-06T00:00:00Z,2024-06-06T06:00:00Z,103.13375891,GELA_SYNTHETIC_FIXTURE,SYN_A,2026-07-26T00:00:00Z
SYN_B,BBB,合成市场B,合成指数B,cash_index,price,BBB,Etc/UTC,37.0,127.0,2024-06-06,2024-06-06T08:00:00Z,2024-06-06T14:00:00Z,101.07315785,GELA_SYNTHETIC_FIXTURE,SYN_B,2026-07-26T00:00:00Z
SYN_C,CCC,合成市场C,合成指数C,cash_index,price,CCC,Etc/UTC,51.0,10.0,2024-06-06,2024-06-06T15:00:00Z,2024-06-06T21:00:00Z,116.86243202,GELA_SYNTHETIC_FIXTURE,SYN_C,2026-07-26T00:00:00Z
SYN_A,AAA,合成市场A,合成指数A,cash_index,price,AAA,Etc/UTC,35.0,-95.0,2024-06-07,2024-06-07T00:00:00Z,2024-06-07T06:00:00Z,102.85596765,GELA_SYNTHETIC_FIXTURE,SYN_A,2026-07-26T00:00:00Z
SYN_B,BBB,合成市场B,合成指数B,cash_index,price,BBB,Etc/UTC,37.0,127.0,2024-06-07,2024-06-07T08:00:00Z,2024-06-07T14:00:00Z,101.18325718,GELA_SYNTHETIC_FIXTURE,SYN_B,2026-07-26T00:00:00Z
SYN_C,CCC,合成市场C,合成指数C,cash_index,price,CCC,Etc/UTC,51.0,10.0,2024-06-07,2024-06-07T15:00:00Z,2024-06-07T21:00:00Z,117.47980492,GELA_SYNTHETIC_FIXTURE,SYN_C,2026-07-26T00:00:00Z
SYN_A,AAA,合成市场A,合成指数A,cash_index,price,AAA,Etc/UTC,35.0,-95.0,2024-06-10,2024-06-10T00:00:00Z,2024-06-10T06:00:00Z,102.20666920,GELA_SYNTHETIC_FIXTURE,SYN_A,2026-07-26T00:00:00Z
SYN_B,BBB,合成市场B,合成指数B,cash_index,price,BBB,Etc/UTC,37.0,127.0,2024-06-10,2024-06-10T08:00:00Z,2024-06-10T14:00:00Z,101.09289986,GELA_SYNTHETIC_FIXTURE,SYN_B,2026-07-26T00:00:00Z
SYN_C,CCC,合成市场C,合成指数C,cash_index,price,CCC,Etc/UTC,51.0,10.0,2024-06-10,2024-06-10T15:00:00Z,2024-06-10T21:00:00Z,119.05074096,GELA_SYNTHETIC_FIXTURE,SYN_C,2026-07-26T00:00:00Z
SYN_A,AAA,合成市场A,合成指数A,cash_index,price,AAA,Etc/UTC,35.0,-95.0,2024-06-11,2024-06-11T00:00:00Z,2024-06-11T06:00:00Z,101.74699900,GELA_SYNTHETIC_FIXTURE,SYN_A,2026-07-26T00:00:00Z
SYN_B,BBB,合成市场B,合成指数B,cash_index,price,BBB,Etc/UTC,37.0,127.0,2024-06-11,2024-06-11T08:00:00Z,2024-06-11T14:00:00Z,100.95588252,GELA_SYNTHETIC_FIXTURE,SYN_B,2026-07-26T00:00:00Z
SYN_C,CCC,合成市场C,合成指数C,cash_index,price,CCC,Etc/UTC,51.0,10.0,2024-06-11,2024-06-11T15:00:00Z,2024-06-11T21:00:00Z,119.99040652,GELA_SYNTHETIC_FIXTURE,SYN_C,2026-07-26T00:00:00Z
SYN_A,AAA,合成市场A,合成指数A,cash_index,price,AAA,Etc/UTC,35.0,-95.0,2024-06-12,2024-06-12T00:00:00Z,2024-06-12T06:00:00Z,103.47575535,GELA_SYNTHETIC_FIXTURE,SYN_A,2026-07-26T00:00:00Z
SYN_B,BBB,合成市场B,合成指数B,cash_index,price,BBB,Etc/UTC,37.0,127.0,2024-06-12,2024-06-12T08:00:00Z,2024-06-12T14:00:00Z,102.28229022,GELA_SYNTHETIC_FIXTURE,SYN_B,2026-07-26T00:00:00Z
SYN_C,CCC,合成市场C,合成指数C,cash_index,price,CCC,Etc/UTC,51.0,10.0,2024-06-12,2024-06-12T15:00:00Z,2024-06-12T21:00:00Z,118.77909328,GELA_SYNTHETIC_FIXTURE,SYN_C,2026-07-26T00:00:00Z
SYN_A,AAA,合成市场A,合成指数A,cash_index,price,AAA,Etc/UTC,35.0,-95.0,2024-06-13,2024-06-13T00:00:00Z,2024-06-13T06:00:00Z,102.93031810,GELA_SYNTHETIC_FIXTURE,SYN_A,2026-07-26T00:00:00Z
SYN_B,BBB,合成市场B,合成指数B,cash_index,price,BBB,Etc/UTC,37.0,127.0,2024-06-13,2024-06-13T08:00:00Z,2024-06-13T14:00:00Z,102.54673671,GELA_SYNTHETIC_FIXTURE,SYN_B,2026-07-26T00:00:00Z
SYN_C,CCC,合成市场C,合成指数C,cash_index,price,CCC,Etc/UTC,51.0,10.0,2024-06-13,2024-06-13T15:00:00Z,2024-06-13T21:00:00Z,118.11564578,GELA_SYNTHETIC_FIXTURE,SYN_C,2026-07-26T00:00:00Z
SYN_A,AAA,合成市场A,合成指数A,cash_index,price,AAA,Etc/UTC,35.0,-95.0,2024-06-14,2024-06-14T00:00:00Z,2024-06-14T06:00:00Z,102.25309188,GELA_SYNTHETIC_FIXTURE,SYN_A,2026-07-26T00:00:00Z
SYN_B,BBB,合成市场B,合成指数B,cash_index,price,BBB,Etc/UTC,37.0,127.0,2024-06-14,2024-06-14T08:00:00Z,2024-06-14T14:00:00Z,101.49615459,GELA_SYNTHETIC_FIXTURE,SYN_B,2026-07-26T00:00:00Z
SYN_C,CCC,合成市场C,合成指数C,cash_index,price,CCC,Etc/UTC,51.0,10.0,2024-06-14,2024-06-14T15:00:00Z,2024-06-14T21:00:00Z,116.12733930,GELA_SYNTHETIC_FIXTURE,SYN_C,2026-07-26T00:00:00Z
SYN_A,AAA,合成市场A,合成指数A,cash_index,price,AAA,Etc/UTC,35.0,-95.0,2024-06-17,2024-06-17T00:00:00Z,2024-06-17T06:00:00Z,101.92624648,GELA_SYNTHETIC_FIXTURE,SYN_A,2026-07-26T00:00:00Z
SYN_B,BBB,合成市场B,合成指数B,cash_index,price,BBB,Etc/UTC,37.0,127.0,2024-06-17,2024-06-17T08:00:00Z,2024-06-17T14:00:00Z,101.27241687,GELA_SYNTHETIC_FIXTURE,SYN_B,2026-07-26T00:00:00Z
SYN_C,CCC,合成市场C,合成指数C,cash_index,price,CCC,Etc/UTC,51.0,10.0,2024-06-17,2024-06-17T15:00:00Z,2024-06-17T21:00:00Z,116.30347067,GELA_SYNTHETIC_FIXTURE,SYN_C,2026-07-26T00:00:00Z
SYN_A,AAA,合成市场A,合成指数A,cash_index,price,AAA,Etc/UTC,35.0,-95.0,2024-06-18,2024-06-18T00:00:00Z,2024-06-18T06:00:00Z,103.91968844,GELA_SYNTHETIC_FIXTURE,SYN_A,2026-07-26T00:00:00Z
SYN_B,BBB,合成市场B,合成指数B,cash_index,price,BBB,Etc/UTC,37.0,127.0,2024-06-18,2024-06-18T08:00:00Z,2024-06-18T14:00:00Z,102.45387992,GELA_SYNTHETIC_FIXTURE,SYN_B,2026-07-26T00:00:00Z
SYN_C,CCC,合成市场C,合成指数C,cash_index,price,CCC,Etc/UTC,51.0,10.0,2024-06-18,2024-06-18T15:00:00Z,2024-06-18T21:00:00Z,117.68622701,GELA_SYNTHETIC_FIXTURE,SYN_C,2026-07-26T00:00:00Z
SYN_A,AAA,合成市场A,合成指数A,cash_index,price,AAA,Etc/UTC,35.0,-95.0,2024-06-19,2024-06-19T00:00:00Z,2024-06-19T06:00:00Z,105.86403036,GELA_SYNTHETIC_FIXTURE,SYN_A,2026-07-26T00:00:00Z
SYN_B,BBB,合成市场B,合成指数B,cash_index,price,BBB,Etc/UTC,37.0,127.0,2024-06-19,2024-06-19T08:00:00Z,2024-06-19T14:00:00Z,103.70557260,GELA_SYNTHETIC_FIXTURE,SYN_B,2026-07-26T00:00:00Z
SYN_C,CCC,合成市场C,合成指数C,cash_index,price,CCC,Etc/UTC,51.0,10.0,2024-06-19,2024-06-19T15:00:00Z,2024-06-19T21:00:00Z,118.53913995,GELA_SYNTHETIC_FIXTURE,SYN_C,2026-07-26T00:00:00Z
SYN_A,AAA,合成市场A,合成指数A,cash_index,price,AAA,Etc/UTC,35.0,-95.0,2024-06-20,2024-06-20T00:00:00Z,2024-06-20T06:00:00Z,106.13311331,GELA_SYNTHETIC_FIXTURE,SYN_A,2026-07-26T00:00:00Z
SYN_B,BBB,合成市场B,合成指数B,cash_index,price,BBB,Etc/UTC,37.0,127.0,2024-06-20,2024-06-20T08:00:00Z,2024-06-20T14:00:00Z,103.93220295,GELA_SYNTHETIC_FIXTURE,SYN_B,2026-07-26T00:00:00Z
SYN_C,CCC,合成市场C,合成指数C,cash_index,price,CCC,Etc/UTC,51.0,10.0,2024-06-20,2024-06-20T15:00:00Z,2024-06-20T21:00:00Z,116.68274667,GELA_SYNTHETIC_FIXTURE,SYN_C,2026-07-26T00:00:00Z
SYN_A,AAA,合成市场A,合成指数A,cash_index,price,AAA,Etc/UTC,35.0,-95.0,2024-06-21,2024-06-21T00:00:00Z,2024-06-21T06:00:00Z,106.04302619,GELA_SYNTHETIC_FIXTURE,SYN_A,2026-07-26T00:00:00Z
SYN_B,BBB,合成市场B,合成指数B,cash_index,price,BBB,Etc/UTC,37.0,127.0,2024-06-21,2024-06-21T08:00:00Z,2024-06-21T14:00:00Z,104.00397474,GELA_SYNTHETIC_FIXTURE,SYN_B,2026-07-26T00:00:00Z
SYN_C,CCC,合成市场C,合成指数C,cash_index,price,CCC,Etc/UTC,51.0,10.0,2024-06-21,2024-06-21T15:00:00Z,2024-06-21T21:00:00Z,117.93972377,GELA_SYNTHETIC_FIXTURE,SYN_C,2026-07-26T00:00:00Z
SYN_A,AAA,合成市场A,合成指数A,cash_index,price,AAA,Etc/UTC,35.0,-95.0,2024-06-24,2024-06-24T00:00:00Z,2024-06-24T06:00:00Z,106.26786332,GELA_SYNTHETIC_FIXTURE,SYN_A,2026-07-26T00:00:00Z
SYN_B,BBB,合成市场B,合成指数B,cash_index,price,BBB,Etc/UTC,37.0,127.0,2024-06-24,2024-06-24T08:00:00Z,2024-06-24T14:00:00Z,104.28966890,GELA_SYNTHETIC_FIXTURE,SYN_B,2026-07-26T00:00:00Z
SYN_C,CCC,合成市场C,合成指数C,cash_index,price,CCC,Etc/UTC,51.0,10.0,2024-06-24,2024-06-24T15:00:00Z,2024-06-24T21:00:00Z,117.25649457,GELA_SYNTHETIC_FIXTURE,SYN_C,2026-07-26T00:00:00Z
SYN_A,AAA,合成市场A,合成指数A,cash_index,price,AAA,Etc/UTC,35.0,-95.0,2024-06-25,2024-06-25T00:00:00Z,2024-06-25T06:00:00Z,106.56068782,GELA_SYNTHETIC_FIXTURE,SYN_A,2026-07-26T00:00:00Z
SYN_B,BBB,合成市场B,合成指数B,cash_index,price,BBB,Etc/UTC,37.0,127.0,2024-06-25,2024-06-25T08:00:00Z,2024-06-25T14:00:00Z,103.99051350,GELA_SYNTHETIC_FIXTURE,SYN_B,2026-07-26T00:00:00Z
SYN_C,CCC,合成市场C,合成指数C,cash_index,price,CCC,Etc/UTC,51.0,10.0,2024-06-25,2024-06-25T15:00:00Z,2024-06-25T21:00:00Z,116.09492363,GELA_SYNTHETIC_FIXTURE,SYN_C,2026-07-26T00:00:00Z
SYN_A,AAA,合成市场A,合成指数A,cash_index,price,AAA,Etc/UTC,35.0,-95.0,2024-06-26,2024-06-26T00:00:00Z,2024-06-26T06:00:00Z,106.41384253,GELA_SYNTHETIC_FIXTURE,SYN_A,2026-07-26T00:00:00Z
SYN_B,BBB,合成市场B,合成指数B,cash_index,price,BBB,Etc/UTC,37.0,127.0,2024-06-26,2024-06-26T08:00:00Z,2024-06-26T14:00:00Z,103.59076530,GELA_SYNTHETIC_FIXTURE,SYN_B,2026-07-26T00:00:00Z
SYN_C,CCC,合成市场C,合成指数C,cash_index,price,CCC,Etc/UTC,51.0,10.0,2024-06-26,2024-06-26T15:00:00Z,2024-06-26T21:00:00Z,116.94057909,GELA_SYNTHETIC_FIXTURE,SYN_C,2026-07-26T00:00:00Z
SYN_A,AAA,合成市场A,合成指数A,cash_index,price,AAA,Etc/UTC,35.0,-95.0,2024-06-27,2024-06-27T00:00:00Z,2024-06-27T06:00:00Z,105.40805432,GELA_SYNTHETIC_FIXTURE,SYN_A,2026-07-26T00:00:00Z
SYN_B,BBB,合成市场B,合成指数B,cash_index,price,BBB,Etc/UTC,37.0,127.0,2024-06-27,2024-06-27T08:00:00Z,2024-06-27T14:00:00Z,102.63423938,GELA_SYNTHETIC_FIXTURE,SYN_B,2026-07-26T00:00:00Z
SYN_C,CCC,合成市场C,合成指数C,cash_index,price,CCC,Etc/UTC,51.0,10.0,2024-06-27,2024-06-27T15:00:00Z,2024-06-27T21:00:00Z,116.13696624,GELA_SYNTHETIC_FIXTURE,SYN_C,2026-07-26T00:00:00Z
SYN_A,AAA,合成市场A,合成指数A,cash_index,price,AAA,Etc/UTC,35.0,-95.0,2024-06-28,2024-06-28T00:00:00Z,2024-06-28T06:00:00Z,105.23819612,GELA_SYNTHETIC_FIXTURE,SYN_A,2026-07-26T00:00:00Z
SYN_B,BBB,合成市场B,合成指数B,cash_index,price,BBB,Etc/UTC,37.0,127.0,2024-06-28,2024-06-28T08:00:00Z,2024-06-28T14:00:00Z,102.03689134,GELA_SYNTHETIC_FIXTURE,SYN_B,2026-07-26T00:00:00Z
SYN_C,CCC,合成市场C,合成指数C,cash_index,price,CCC,Etc/UTC,51.0,10.0,2024-06-28,2024-06-28T15:00:00Z,2024-06-28T21:00:00Z,116.10251651,GELA_SYNTHETIC_FIXTURE,SYN_C,2026-07-26T00:00:00Z
SYN_A,AAA,合成市场A,合成指数A,cash_index,price,AAA,Etc/UTC,35.0,-95.0,2024-07-01,2024-07-01T00:00:00Z,2024-07-01T06:00:00Z,107.09662228,GELA_SYNTHETIC_FIXTURE,SYN_A,2026-07-26T00:00:00Z
SYN_B,BBB,合成市场B,合成指数B,cash_index,price,BBB,Etc/UTC,37.0,127.0,2024-07-01,2024-07-01T08:00:00Z,2024-07-01T14:00:00Z,104.41795811,GELA_SYNTHETIC_FIXTURE,SYN_B,2026-07-26T00:00:00Z
SYN_C,CCC,合成市场C,合成指数C,cash_index,price,CCC,Etc/UTC,51.0,10.0,2024-07-01,2024-07-01T15:00:00Z,2024-07-01T21:00:00Z,115.57360255,GELA_SYNTHETIC_FIXTURE,SYN_C,2026-07-26T00:00:00Z
SYN_A,AAA,合成市场A,合成指数A,cash_index,price,AAA,Etc/UTC,35.0,-95.0,2024-07-02,2024-07-02T00:00:00Z,2024-07-02T06:00:00Z,107.49149304,GELA_SYNTHETIC_FIXTURE,SYN_A,2026-07-26T00:00:00Z
SYN_B,BBB,合成市场B,合成指数B,cash_index,price,BBB,Etc/UTC,37.0,127.0,2024-07-02,2024-07-02T08:00:00Z,2024-07-02T14:00:00Z,105.07775898,GELA_SYNTHETIC_FIXTURE,SYN_B,2026-07-26T00:00:00Z
SYN_C,CCC,合成市场C,合成指数C,cash_index,price,CCC,Etc/UTC,51.0,10.0,2024-07-02,2024-07-02T15:00:00Z,2024-07-02T21:00:00Z,113.94945966,GELA_SYNTHETIC_FIXTURE,SYN_C,2026-07-26T00:00:00Z
SYN_A,AAA,合成市场A,合成指数A,cash_index,price,AAA,Etc/UTC,35.0,-95.0,2024-07-03,2024-07-03T00:00:00Z,2024-07-03T06:00:00Z,108.51445360,GELA_SYNTHETIC_FIXTURE,SYN_A,2026-07-26T00:00:00Z
SYN_B,BBB,合成市场B,合成指数B,cash_index,price,BBB,Etc/UTC,37.0,127.0,2024-07-03,2024-07-03T08:00:00Z,2024-07-03T14:00:00Z,104.74559899,GELA_SYNTHETIC_FIXTURE,SYN_B,2026-07-26T00:00:00Z
SYN_C,CCC,合成市场C,合成指数C,cash_index,price,CCC,Etc/UTC,51.0,10.0,2024-07-03,2024-07-03T15:00:00Z,2024-07-03T21:00:00Z,113.15910080,GELA_SYNTHETIC_FIXTURE,SYN_C,2026-07-26T00:00:00Z
SYN_A,AAA,合成市场A,合成指数A,cash_index,price,AAA,Etc/UTC,35.0,-95.0,2024-07-04,2024-07-04T00:00:00Z,2024-07-04T06:00:00Z,109.45188498,GELA_SYNTHETIC_FIXTURE,SYN_A,2026-07-26T00:00:00Z
SYN_B,BBB,合成市场B,合成指数B,cash_index,price,BBB,Etc/UTC,37.0,127.0,2024-07-04,2024-07-04T08:00:00Z,2024-07-04T14:00:00Z,105.66627505,GELA_SYNTHETIC_FIXTURE,SYN_B,2026-07-26T00:00:00Z
SYN_C,CCC,合成市场C,合成指数C,cash_index,price,CCC,Etc/UTC,51.0,10.0,2024-07-04,2024-07-04T15:00:00Z,2024-07-04T21:00:00Z,113.85586296,GELA_SYNTHETIC_FIXTURE,SYN_C,2026-07-26T00:00:00Z
SYN_A,AAA,合成市场A,合成指数A,cash_index,price,AAA,Etc/UTC,35.0,-95.0,2024-07-05,2024-07-05T00:00:00Z,2024-07-05T06:00:00Z,111.15803172,GELA_SYNTHETIC_FIXTURE,SYN_A,2026-07-26T00:00:00Z
SYN_B,BBB,合成市场B,合成指数B,cash_index,price,BBB,Etc/UTC,37.0,127.0,2024-07-05,2024-07-05T08:00:00Z,2024-07-05T14:00:00Z,107.10881563,GELA_SYNTHETIC_FIXTURE,SYN_B,2026-07-26T00:00:00Z
SYN_C,CCC,合成市场C,合成指数C,cash_index,price,CCC,Etc/UTC,51.0,10.0,2024-07-05,2024-07-05T15:00:00Z,2024-07-05T21:00:00Z,113.28398853,GELA_SYNTHETIC_FIXTURE,SYN_C,2026-07-26T00:00:00Z
SYN_A,AAA,合成市场A,合成指数A,cash_index,price,AAA,Etc/UTC,35.0,-95.0,2024-07-08,2024-07-08T00:00:00Z,2024-07-08T06:00:00Z,111.30909799,GELA_SYNTHETIC_FIXTURE,SYN_A,2026-07-26T00:00:00Z
SYN_B,BBB,合成市场B,合成指数B,cash_index,price,BBB,Etc/UTC,37.0,127.0,2024-07-08,2024-07-08T08:00:00Z,2024-07-08T14:00:00Z,107.86883053,GELA_SYNTHETIC_FIXTURE,SYN_B,2026-07-26T00:00:00Z
SYN_C,CCC,合成市场C,合成指数C,cash_index,price,CCC,Etc/UTC,51.0,10.0,2024-07-08,2024-07-08T15:00:00Z,2024-07-08T21:00:00Z,113.02785103,GELA_SYNTHETIC_FIXTURE,SYN_C,2026-07-26T00:00:00Z
SYN_A,AAA,合成市场A,合成指数A,cash_index,price,AAA,Etc/UTC,35.0,-95.0,2024-07-09,2024-07-09T00:00:00Z,2024-07-09T06:00:00Z,109.82881037,GELA_SYNTHETIC_FIXTURE,SYN_A,2026-07-26T00:00:00Z
SYN_B,BBB,合成市场B,合成指数B,cash_index,price,BBB,Etc/UTC,37.0,127.0,2024-07-09,2024-07-09T08:00:00Z,2024-07-09T14:00:00Z,107.40215830,GELA_SYNTHETIC_FIXTURE,SYN_B,2026-07-26T00:00:00Z
SYN_C,CCC,合成市场C,合成指数C,cash_index,price,CCC,Etc/UTC,51.0,10.0,2024-07-09,2024-07-09T15:00:00Z,2024-07-09T21:00:00Z,113.42100328,GELA_SYNTHETIC_FIXTURE,SYN_C,2026-07-26T00:00:00Z
SYN_A,AAA,合成市场A,合成指数A,cash_index,price,AAA,Etc/UTC,35.0,-95.0,2024-07-10,2024-07-10T00:00:00Z,2024-07-10T06:00:00Z,109.21656547,GELA_SYNTHETIC_FIXTURE,SYN_A,2026-07-26T00:00:00Z
SYN_B,BBB,合成市场B,合成指数B,cash_index,price,BBB,Etc/UTC,37.0,127.0,2024-07-10,2024-07-10T08:00:00Z,2024-07-10T14:00:00Z,106.86484079,GELA_SYNTHETIC_FIXTURE,SYN_B,2026-07-26T00:00:00Z
SYN_C,CCC,合成市场C,合成指数C,cash_index,price,CCC,Etc/UTC,51.0,10.0,2024-07-10,2024-07-10T15:00:00Z,2024-07-10T21:00:00Z,114.22285255,GELA_SYNTHETIC_FIXTURE,SYN_C,2026-07-26T00:00:00Z
SYN_A,AAA,合成市场A,合成指数A,cash_index,price,AAA,Etc/UTC,35.0,-95.0,2024-07-11,2024-07-11T00:00:00Z,2024-07-11T06:00:00Z,109.43273539,GELA_SYNTHETIC_FIXTURE,SYN_A,2026-07-26T00:00:00Z
SYN_B,BBB,合成市场B,合成指数B,cash_index,price,BBB,Etc/UTC,37.0,127.0,2024-07-11,2024-07-11T08:00:00Z,2024-07-11T14:00:00Z,106.92353737,GELA_SYNTHETIC_FIXTURE,SYN_B,2026-07-26T00:00:00Z
SYN_C,CCC,合成市场C,合成指数C,cash_index,price,CCC,Etc/UTC,51.0,10.0,2024-07-11,2024-07-11T15:00:00Z,2024-07-11T21:00:00Z,114.99489161,GELA_SYNTHETIC_FIXTURE,SYN_C,2026-07-26T00:00:00Z
SYN_A,AAA,合成市场A,合成指数A,cash_index,price,AAA,Etc/UTC,35.0,-95.0,2024-07-12,2024-07-12T00:00:00Z,2024-07-12T06:00:00Z,108.95566854,GELA_SYNTHETIC_FIXTURE,SYN_A,2026-07-26T00:00:00Z
SYN_B,BBB,合成市场B,合成指数B,cash_index,price,BBB,Etc/UTC,37.0,127.0,2024-07-12,2024-07-12T08:00:00Z,2024-07-12T14:00:00Z,106.02140452,GELA_SYNTHETIC_FIXTURE,SYN_B,2026-07-26T00:00:00Z
SYN_C,CCC,合成市场C,合成指数C,cash_index,price,CCC,Etc/UTC,51.0,10.0,2024-07-12,2024-07-12T15:00:00Z,2024-07-12T21:00:00Z,113.75258430,GELA_SYNTHETIC_FIXTURE,SYN_C,2026-07-26T00:00:00Z
SYN_A,AAA,合成市场A,合成指数A,cash_index,price,AAA,Etc/UTC,35.0,-95.0,2024-07-15,2024-07-15T00:00:00Z,2024-07-15T06:00:00Z,108.21119308,GELA_SYNTHETIC_FIXTURE,SYN_A,2026-07-26T00:00:00Z
SYN_B,BBB,合成市场B,合成指数B,cash_index,price,BBB,Etc/UTC,37.0,127.0,2024-07-15,2024-07-15T08:00:00Z,2024-07-15T14:00:00Z,106.03557540,GELA_SYNTHETIC_FIXTURE,SYN_B,2026-07-26T00:00:00Z
SYN_C,CCC,合成市场C,合成指数C,cash_index,price,CCC,Etc/UTC,51.0,10.0,2024-07-15,2024-07-15T15:00:00Z,2024-07-15T21:00:00Z,114.95850866,GELA_SYNTHETIC_FIXTURE,SYN_C,2026-07-26T00:00:00Z
SYN_A,AAA,合成市场A,合成指数A,cash_index,price,AAA,Etc/UTC,35.0,-95.0,2024-07-16,2024-07-16T00:00:00Z,2024-07-16T06:00:00Z,108.91121951,GELA_SYNTHETIC_FIXTURE,SYN_A,2026-07-26T00:00:00Z
SYN_B,BBB,合成市场B,合成指数B,cash_index,price,BBB,Etc/UTC,37.0,127.0,2024-07-16,2024-07-16T08:00:00Z,2024-07-16T14:00:00Z,106.57317684,GELA_SYNTHETIC_FIXTURE,SYN_B,2026-07-26T00:00:00Z
SYN_C,CCC,合成市场C,合成指数C,cash_index,price,CCC,Etc/UTC,51.0,10.0,2024-07-16,2024-07-16T15:00:00Z,2024-07-16T21:00:00Z,115.74537618,GELA_SYNTHETIC_FIXTURE,SYN_C,2026-07-26T00:00:00Z
SYN_A,AAA,合成市场A,合成指数A,cash_index,price,AAA,Etc/UTC,35.0,-95.0,2024-07-17,2024-07-17T00:00:00Z,2024-07-17T06:00:00Z,109.69007374,GELA_SYNTHETIC_FIXTURE,SYN_A,2026-07-26T00:00:00Z
SYN_B,BBB,合成市场B,合成指数B,cash_index,price,BBB,Etc/UTC,37.0,127.0,2024-07-17,2024-07-17T08:00:00Z,2024-07-17T14:00:00Z,107.58898010,GELA_SYNTHETIC_FIXTURE,SYN_B,2026-07-26T00:00:00Z
SYN_C,CCC,合成市场C,合成指数C,cash_index,price,CCC,Etc/UTC,51.0,10.0,2024-07-17,2024-07-17T15:00:00Z,2024-07-17T21:00:00Z,115.01166285,GELA_SYNTHETIC_FIXTURE,SYN_C,2026-07-26T00:00:00Z
SYN_A,AAA,合成市场A,合成指数A,cash_index,price,AAA,Etc/UTC,35.0,-95.0,2024-07-18,2024-07-18T00:00:00Z,2024-07-18T06:00:00Z,111.19419776,GELA_SYNTHETIC_FIXTURE,SYN_A,2026-07-26T00:00:00Z
SYN_B,BBB,合成市场B,合成指数B,cash_index,price,BBB,Etc/UTC,37.0,127.0,2024-07-18,2024-07-18T08:00:00Z,2024-07-18T14:00:00Z,108.56072430,GELA_SYNTHETIC_FIXTURE,SYN_B,2026-07-26T00:00:00Z
SYN_C,CCC,合成市场C,合成指数C,cash_index,price,CCC,Etc/UTC,51.0,10.0,2024-07-18,2024-07-18T15:00:00Z,2024-07-18T21:00:00Z,116.06422712,GELA_SYNTHETIC_FIXTURE,SYN_C,2026-07-26T00:00:00Z
SYN_A,AAA,合成市场A,合成指数A,cash_index,price,AAA,Etc/UTC,35.0,-95.0,2024-07-19,2024-07-19T00:00:00Z,2024-07-19T06:00:00Z,111.82009184,GELA_SYNTHETIC_FIXTURE,SYN_A,2026-07-26T00:00:00Z
SYN_B,BBB,合成市场B,合成指数B,cash_index,price,BBB,Etc/UTC,37.0,127.0,2024-07-19,2024-07-19T08:00:00Z,2024-07-19T14:00:00Z,109.08738278,GELA_SYNTHETIC_FIXTURE,SYN_B,2026-07-26T00:00:00Z
SYN_C,CCC,合成市场C,合成指数C,cash_index,price,CCC,Etc/UTC,51.0,10.0,2024-07-19,2024-07-19T15:00:00Z,2024-07-19T21:00:00Z,115.15067222,GELA_SYNTHETIC_FIXTURE,SYN_C,2026-07-26T00:00:00Z
SYN_A,AAA,合成市场A,合成指数A,cash_index,price,AAA,Etc/UTC,35.0,-95.0,2024-07-22,2024-07-22T00:00:00Z,2024-07-22T06:00:00Z,112.54265546,GELA_SYNTHETIC_FIXTURE,SYN_A,2026-07-26T00:00:00Z
SYN_B,BBB,合成市场B,合成指数B,cash_index,price,BBB,Etc/UTC,37.0,127.0,2024-07-22,2024-07-22T08:00:00Z,2024-07-22T14:00:00Z,109.04912147,GELA_SYNTHETIC_FIXTURE,SYN_B,2026-07-26T00:00:00Z
SYN_C,CCC,合成市场C,合成指数C,cash_index,price,CCC,Etc/UTC,51.0,10.0,2024-07-22,2024-07-22T15:00:00Z,2024-07-22T21:00:00Z,115.00014840,GELA_SYNTHETIC_FIXTURE,SYN_C,2026-07-26T00:00:00Z
SYN_A,AAA,合成市场A,合成指数A,cash_index,price,AAA,Etc/UTC,35.0,-95.0,2024-07-23,2024-07-23T00:00:00Z,2024-07-23T06:00:00Z,114.37111405,GELA_SYNTHETIC_FIXTURE,SYN_A,2026-07-26T00:00:00Z
SYN_B,BBB,合成市场B,合成指数B,cash_index,price,BBB,Etc/UTC,37.0,127.0,2024-07-23,2024-07-23T08:00:00Z,2024-07-23T14:00:00Z,110.76163703,GELA_SYNTHETIC_FIXTURE,SYN_B,2026-07-26T00:00:00Z
SYN_C,CCC,合成市场C,合成指数C,cash_index,price,CCC,Etc/UTC,51.0,10.0,2024-07-23,2024-07-23T15:00:00Z,2024-07-23T21:00:00Z,114.52528297,GELA_SYNTHETIC_FIXTURE,SYN_C,2026-07-26T00:00:00Z
SYN_A,AAA,合成市场A,合成指数A,cash_index,price,AAA,Etc/UTC,35.0,-95.0,2024-07-24,2024-07-24T00:00:00Z,2024-07-24T06:00:00Z,113.79624787,GELA_SYNTHETIC_FIXTURE,SYN_A,2026-07-26T00:00:00Z
SYN_B,BBB,合成市场B,合成指数B,cash_index,price,BBB,Etc/UTC,37.0,127.0,2024-07-24,2024-07-24T08:00:00Z,2024-07-24T14:00:00Z,110.48782839,GELA_SYNTHETIC_FIXTURE,SYN_B,2026-07-26T00:00:00Z
SYN_C,CCC,合成市场C,合成指数C,cash_index,price,CCC,Etc/UTC,51.0,10.0,2024-07-24,2024-07-24T15:00:00Z,2024-07-24T21:00:00Z,115.90530800,GELA_SYNTHETIC_FIXTURE,SYN_C,2026-07-26T00:00:00Z
SYN_A,AAA,合成市场A,合成指数A,cash_index,price,AAA,Etc/UTC,35.0,-95.0,2024-07-25,2024-07-25T00:00:00Z,2024-07-25T06:00:00Z,113.83276948,GELA_SYNTHETIC_FIXTURE,SYN_A,2026-07-26T00:00:00Z
SYN_B,BBB,合成市场B,合成指数B,cash_index,price,BBB,Etc/UTC,37.0,127.0,2024-07-25,2024-07-25T08:00:00Z,2024-07-25T14:00:00Z,111.21547716,GELA_SYNTHETIC_FIXTURE,SYN_B,2026-07-26T00:00:00Z
SYN_C,CCC,合成市场C,合成指数C,cash_index,price,CCC,Etc/UTC,51.0,10.0,2024-07-25,2024-07-25T15:00:00Z,2024-07-25T21:00:00Z,114.99692343,GELA_SYNTHETIC_FIXTURE,SYN_C,2026-07-26T00:00:00Z
SYN_A,AAA,合成市场A,合成指数A,cash_index,price,AAA,Etc/UTC,35.0,-95.0,2024-07-26,2024-07-26T00:00:00Z,2024-07-26T06:00:00Z,112.96089353,GELA_SYNTHETIC_FIXTURE,SYN_A,2026-07-26T00:00:00Z
SYN_B,BBB,合成市场B,合成指数B,cash_index,price,BBB,Etc/UTC,37.0,127.0,2024-07-26,2024-07-26T08:00:00Z,2024-07-26T14:00:00Z,111.04463010,GELA_SYNTHETIC_FIXTURE,SYN_B,2026-07-26T00:00:00Z
SYN_C,CCC,合成市场C,合成指数C,cash_index,price,CCC,Etc/UTC,51.0,10.0,2024-07-26,2024-07-26T15:00:00Z,2024-07-26T21:00:00Z,115.94704363,GELA_SYNTHETIC_FIXTURE,SYN_C,2026-07-26T00:00:00Z
SYN_A,AAA,合成市场A,合成指数A,cash_index,price,AAA,Etc/UTC,35.0,-95.0,2024-07-29,2024-07-29T00:00:00Z,2024-07-29T06:00:00Z,113.70727489,GELA_SYNTHETIC_FIXTURE,SYN_A,2026-07-26T00:00:00Z
SYN_B,BBB,合成市场B,合成指数B,cash_index,price,BBB,Etc/UTC,37.0,127.0,2024-07-29,2024-07-29T08:00:00Z,2024-07-29T14:00:00Z,112.02065758,GELA_SYNTHETIC_FIXTURE,SYN_B,2026-07-26T00:00:00Z
SYN_C,CCC,合成市场C,合成指数C,cash_index,price,CCC,Etc/UTC,51.0,10.0,2024-07-29,2024-07-29T15:00:00Z,2024-07-29T21:00:00Z,115.49237985,GELA_SYNTHETIC_FIXTURE,SYN_C,2026-07-26T00:00:00Z
SYN_A,AAA,合成市场A,合成指数A,cash_index,price,AAA,Etc/UTC,35.0,-95.0,2024-07-30,2024-07-30T00:00:00Z,2024-07-30T06:00:00Z,113.85688937,GELA_SYNTHETIC_FIXTURE,SYN_A,2026-07-26T00:00:00Z
SYN_B,BBB,合成市场B,合成指数B,cash_index,price,BBB,Etc/UTC,37.0,127.0,2024-07-30,2024-07-30T08:00:00Z,2024-07-30T14:00:00Z,112.78356652,GELA_SYNTHETIC_FIXTURE,SYN_B,2026-07-26T00:00:00Z
SYN_C,CCC,合成市场C,合成指数C,cash_index,price,CCC,Etc/UTC,51.0,10.0,2024-07-30,2024-07-30T15:00:00Z,2024-07-30T21:00:00Z,116.10048665,GELA_SYNTHETIC_FIXTURE,SYN_C,2026-07-26T00:00:00Z
SYN_A,AAA,合成市场A,合成指数A,cash_index,price,AAA,Etc/UTC,35.0,-95.0,2024-07-31,2024-07-31T00:00:00Z,2024-07-31T06:00:00Z,114.65699137,GELA_SYNTHETIC_FIXTURE,SYN_A,2026-07-26T00:00:00Z
SYN_B,BBB,合成市场B,合成指数B,cash_index,price,BBB,Etc/UTC,37.0,127.0,2024-07-31,2024-07-31T08:00:00Z,2024-07-31T14:00:00Z,113.22283575,GELA_SYNTHETIC_FIXTURE,SYN_B,2026-07-26T00:00:00Z
SYN_C,CCC,合成市场C,合成指数C,cash_index,price,CCC,Etc/UTC,51.0,10.0,2024-07-31,2024-07-31T15:00:00Z,2024-07-31T21:00:00Z,115.15747632,GELA_SYNTHETIC_FIXTURE,SYN_C,2026-07-26T00:00:00Z
SYN_A,AAA,合成市场A,合成指数A,cash_index,price,AAA,Etc/UTC,35.0,-95.0,2024-08-01,2024-08-01T00:00:00Z,2024-08-01T06:00:00Z,114.86575460,GELA_SYNTHETIC_FIXTURE,SYN_A,2026-07-26T00:00:00Z
SYN_B,BBB,合成市场B,合成指数B,cash_index,price,BBB,Etc/UTC,37.0,127.0,2024-08-01,2024-08-01T08:00:00Z,2024-08-01T14:00:00Z,113.81938360,GELA_SYNTHETIC_FIXTURE,SYN_B,2026-07-26T00:00:00Z
SYN_C,CCC,合成市场C,合成指数C,cash_index,price,CCC,Etc/UTC,51.0,10.0,2024-08-01,2024-08-01T15:00:00Z,2024-08-01T21:00:00Z,115.57705851,GELA_SYNTHETIC_FIXTURE,SYN_C,2026-07-26T00:00:00Z
SYN_A,AAA,合成市场A,合成指数A,cash_index,price,AAA,Etc/UTC,35.0,-95.0,2024-08-02,2024-08-02T00:00:00Z,2024-08-02T06:00:00Z,115.83654453,GELA_SYNTHETIC_FIXTURE,SYN_A,2026-07-26T00:00:00Z
SYN_B,BBB,合成市场B,合成指数B,cash_index,price,BBB,Etc/UTC,37.0,127.0,2024-08-02,2024-08-02T08:00:00Z,2024-08-02T14:00:00Z,114.23926916,GELA_SYNTHETIC_FIXTURE,SYN_B,2026-07-26T00:00:00Z
SYN_C,CCC,合成市场C,合成指数C,cash_index,price,CCC,Etc/UTC,51.0,10.0,2024-08-02,2024-08-02T15:00:00Z,2024-08-02T21:00:00Z,114.92497846,GELA_SYNTHETIC_FIXTURE,SYN_C,2026-07-26T00:00:00Z
SYN_A,AAA,合成市场A,合成指数A,cash_index,price,AAA,Etc/UTC,35.0,-95.0,2024-08-05,2024-08-05T00:00:00Z,2024-08-05T06:00:00Z,114.18345815,GELA_SYNTHETIC_FIXTURE,SYN_A,2026-07-26T00:00:00Z
SYN_B,BBB,合成市场B,合成指数B,cash_index,price,BBB,Etc/UTC,37.0,127.0,2024-08-05,2024-08-05T08:00:00Z,2024-08-05T14:00:00Z,112.87343319,GELA_SYNTHETIC_FIXTURE,SYN_B,2026-07-26T00:00:00Z
SYN_C,CCC,合成市场C,合成指数C,cash_index,price,CCC,Etc/UTC,51.0,10.0,2024-08-05,2024-08-05T15:00:00Z,2024-08-05T21:00:00Z,115.75107969,GELA_SYNTHETIC_FIXTURE,SYN_C,2026-07-26T00:00:00Z
SYN_A,AAA,合成市场A,合成指数A,cash_index,price,AAA,Etc/UTC,35.0,-95.0,2024-08-06,2024-08-06T00:00:00Z,2024-08-06T06:00:00Z,113.32036399,GELA_SYNTHETIC_FIXTURE,SYN_A,2026-07-26T00:00:00Z
SYN_B,BBB,合成市场B,合成指数B,cash_index,price,BBB,Etc/UTC,37.0,127.0,2024-08-06,2024-08-06T08:00:00Z,2024-08-06T14:00:00Z,111.94132017,GELA_SYNTHETIC_FIXTURE,SYN_B,2026-07-26T00:00:00Z
SYN_C,CCC,合成市场C,合成指数C,cash_index,price,CCC,Etc/UTC,51.0,10.0,2024-08-06,2024-08-06T15:00:00Z,2024-08-06T21:00:00Z,119.10272275,GELA_SYNTHETIC_FIXTURE,SYN_C,2026-07-26T00:00:00Z
SYN_A,AAA,合成市场A,合成指数A,cash_index,price,AAA,Etc/UTC,35.0,-95.0,2024-08-07,2024-08-07T00:00:00Z,2024-08-07T06:00:00Z,113.00936762,GELA_SYNTHETIC_FIXTURE,SYN_A,2026-07-26T00:00:00Z
SYN_B,BBB,合成市场B,合成指数B,cash_index,price,BBB,Etc/UTC,37.0,127.0,2024-08-07,2024-08-07T08:00:00Z,2024-08-07T14:00:00Z,111.74173602,GELA_SYNTHETIC_FIXTURE,SYN_B,2026-07-26T00:00:00Z
SYN_C,CCC,合成市场C,合成指数C,cash_index,price,CCC,Etc/UTC,51.0,10.0,2024-08-07,2024-08-07T15:00:00Z,2024-08-07T21:00:00Z,120.11197551,GELA_SYNTHETIC_FIXTURE,SYN_C,2026-07-26T00:00:00Z
SYN_A,AAA,合成市场A,合成指数A,cash_index,price,AAA,Etc/UTC,35.0,-95.0,2024-08-08,2024-08-08T00:00:00Z,2024-08-08T06:00:00Z,111.61637229,GELA_SYNTHETIC_FIXTURE,SYN_A,2026-07-26T00:00:00Z
SYN_B,BBB,合成市场B,合成指数B,cash_index,price,BBB,Etc/UTC,37.0,127.0,2024-08-08,2024-08-08T08:00:00Z,2024-08-08T14:00:00Z,110.57081762,GELA_SYNTHETIC_FIXTURE,SYN_B,2026-07-26T00:00:00Z
SYN_C,CCC,合成市场C,合成指数C,cash_index,price,CCC,Etc/UTC,51.0,10.0,2024-08-08,2024-08-08T15:00:00Z,2024-08-08T21:00:00Z,120.55900807,GELA_SYNTHETIC_FIXTURE,SYN_C,2026-07-26T00:00:00Z
SYN_A,AAA,合成市场A,合成指数A,cash_index,price,AAA,Etc/UTC,35.0,-95.0,2024-08-09,2024-08-09T00:00:00Z,2024-08-09T06:00:00Z,111.92471158,GELA_SYNTHETIC_FIXTURE,SYN_A,2026-07-26T00:00:00Z
SYN_B,BBB,合成市场B,合成指数B,cash_index,price,BBB,Etc/UTC,37.0,127.0,2024-08-09,2024-08-09T08:00:00Z,2024-08-09T14:00:00Z,110.36294134,GELA_SYNTHETIC_FIXTURE,SYN_B,2026-07-26T00:00:00Z
SYN_C,CCC,合成市场C,合成指数C,cash_index,price,CCC,Etc/UTC,51.0,10.0,2024-08-09,2024-08-09T15:00:00Z,2024-08-09T21:00:00Z,120.98958252,GELA_SYNTHETIC_FIXTURE,SYN_C,2026-07-26T00:00:00Z
SYN_A,AAA,合成市场A,合成指数A,cash_index,price,AAA,Etc/UTC,35.0,-95.0,2024-08-12,2024-08-12T00:00:00Z,2024-08-12T06:00:00Z,113.07303481,GELA_SYNTHETIC_FIXTURE,SYN_A,2026-07-26T00:00:00Z
SYN_B,BBB,合成市场B,合成指数B,cash_index,price,BBB,Etc/UTC,37.0,127.0,2024-08-12,2024-08-12T08:00:00Z,2024-08-12T14:00:00Z,111.53398336,GELA_SYNTHETIC_FIXTURE,SYN_B,2026-07-26T00:00:00Z
SYN_C,CCC,合成市场C,合成指数C,cash_index,price,CCC,Etc/UTC,51.0,10.0,2024-08-12,2024-08-12T15:00:00Z,2024-08-12T21:00:00Z,121.00031495,GELA_SYNTHETIC_FIXTURE,SYN_C,2026-07-26T00:00:00Z
SYN_A,AAA,合成市场A,合成指数A,cash_index,price,AAA,Etc/UTC,35.0,-95.0,2024-08-13,2024-08-13T00:00:00Z,2024-08-13T06:00:00Z,113.52755910,GELA_SYNTHETIC_FIXTURE,SYN_A,2026-07-26T00:00:00Z
SYN_B,BBB,合成市场B,合成指数B,cash_index,price,BBB,Etc/UTC,37.0,127.0,2024-08-13,2024-08-13T08:00:00Z,2024-08-13T14:00:00Z,111.91733637,GELA_SYNTHETIC_FIXTURE,SYN_B,2026-07-26T00:00:00Z
SYN_C,CCC,合成市场C,合成指数C,cash_index,price,CCC,Etc/UTC,51.0,10.0,2024-08-13,2024-08-13T15:00:00Z,2024-08-13T21:00:00Z,120.26024589,GELA_SYNTHETIC_FIXTURE,SYN_C,2026-07-26T00:00:00Z
SYN_A,AAA,合成市场A,合成指数A,cash_index,price,AAA,Etc/UTC,35.0,-95.0,2024-08-14,2024-08-14T00:00:00Z,2024-08-14T06:00:00Z,114.74809785,GELA_SYNTHETIC_FIXTURE,SYN_A,2026-07-26T00:00:00Z
SYN_B,BBB,合成市场B,合成指数B,cash_index,price,BBB,Etc/UTC,37.0,127.0,2024-08-14,2024-08-14T08:00:00Z,2024-08-14T14:00:00Z,112.59733440,GELA_SYNTHETIC_FIXTURE,SYN_B,2026-07-26T00:00:00Z
SYN_C,CCC,合成市场C,合成指数C,cash_index,price,CCC,Etc/UTC,51.0,10.0,2024-08-14,2024-08-14T15:00:00Z,2024-08-14T21:00:00Z,120.00026880,GELA_SYNTHETIC_FIXTURE,SYN_C,2026-07-26T00:00:00Z
SYN_A,AAA,合成市场A,合成指数A,cash_index,price,AAA,Etc/UTC,35.0,-95.0,2024-08-15,2024-08-15T00:00:00Z,2024-08-15T06:00:00Z,115.10152067,GELA_SYNTHETIC_FIXTURE,SYN_A,2026-07-26T00:00:00Z
SYN_B,BBB,合成市场B,合成指数B,cash_index,price,BBB,Etc/UTC,37.0,127.0,2024-08-15,2024-08-15T08:00:00Z,2024-08-15T14:00:00Z,112.94060367,GELA_SYNTHETIC_FIXTURE,SYN_B,2026-07-26T00:00:00Z
SYN_C,CCC,合成市场C,合成指数C,cash_index,price,CCC,Etc/UTC,51.0,10.0,2024-08-15,2024-08-15T15:00:00Z,2024-08-15T21:00:00Z,122.23238480,GELA_SYNTHETIC_FIXTURE,SYN_C,2026-07-26T00:00:00Z
SYN_A,AAA,合成市场A,合成指数A,cash_index,price,AAA,Etc/UTC,35.0,-95.0,2024-08-16,2024-08-16T00:00:00Z,2024-08-16T06:00:00Z,114.73970488,GELA_SYNTHETIC_FIXTURE,SYN_A,2026-07-26T00:00:00Z
SYN_B,BBB,合成市场B,合成指数B,cash_index,price,BBB,Etc/UTC,37.0,127.0,2024-08-16,2024-08-16T08:00:00Z,2024-08-16T14:00:00Z,112.30772479,GELA_SYNTHETIC_FIXTURE,SYN_B,2026-07-26T00:00:00Z
SYN_C,CCC,合成市场C,合成指数C,cash_index,price,CCC,Etc/UTC,51.0,10.0,2024-08-16,2024-08-16T15:00:00Z,2024-08-16T21:00:00Z,121.18316287,GELA_SYNTHETIC_FIXTURE,SYN_C,2026-07-26T00:00:00Z
SYN_A,AAA,合成市场A,合成指数A,cash_index,price,AAA,Etc/UTC,35.0,-95.0,2024-08-19,2024-08-19T00:00:00Z,2024-08-19T06:00:00Z,114.69047975,GELA_SYNTHETIC_FIXTURE,SYN_A,2026-07-26T00:00:00Z
SYN_B,BBB,合成市场B,合成指数B,cash_index,price,BBB,Etc/UTC,37.0,127.0,2024-08-19,2024-08-19T08:00:00Z,2024-08-19T14:00:00Z,112.89887730,GELA_SYNTHETIC_FIXTURE,SYN_B,2026-07-26T00:00:00Z
SYN_C,CCC,合成市场C,合成指数C,cash_index,price,CCC,Etc/UTC,51.0,10.0,2024-08-19,2024-08-19T15:00:00Z,2024-08-19T21:00:00Z,122.52977230,GELA_SYNTHETIC_FIXTURE,SYN_C,2026-07-26T00:00:00Z
SYN_A,AAA,合成市场A,合成指数A,cash_index,price,AAA,Etc/UTC,35.0,-95.0,2024-08-20,2024-08-20T00:00:00Z,2024-08-20T06:00:00Z,115.77783650,GELA_SYNTHETIC_FIXTURE,SYN_A,2026-07-26T00:00:00Z
SYN_B,BBB,合成市场B,合成指数B,cash_index,price,BBB,Etc/UTC,37.0,127.0,2024-08-20,2024-08-20T08:00:00Z,2024-08-20T14:00:00Z,114.04172872,GELA_SYNTHETIC_FIXTURE,SYN_B,2026-07-26T00:00:00Z
SYN_C,CCC,合成市场C,合成指数C,cash_index,price,CCC,Etc/UTC,51.0,10.0,2024-08-20,2024-08-20T15:00:00Z,2024-08-20T21:00:00Z,123.11168123,GELA_SYNTHETIC_FIXTURE,SYN_C,2026-07-26T00:00:00Z
SYN_A,AAA,合成市场A,合成指数A,cash_index,price,AAA,Etc/UTC,35.0,-95.0,2024-08-21,2024-08-21T00:00:00Z,2024-08-21T06:00:00Z,114.29534986,GELA_SYNTHETIC_FIXTURE,SYN_A,2026-07-26T00:00:00Z
SYN_B,BBB,合成市场B,合成指数B,cash_index,price,BBB,Etc/UTC,37.0,127.0,2024-08-21,2024-08-21T08:00:00Z,2024-08-21T14:00:00Z,113.25133932,GELA_SYNTHETIC_FIXTURE,SYN_B,2026-07-26T00:00:00Z
SYN_C,CCC,合成市场C,合成指数C,cash_index,price,CCC,Etc/UTC,51.0,10.0,2024-08-21,2024-08-21T15:00:00Z,2024-08-21T21:00:00Z,122.60957237,GELA_SYNTHETIC_FIXTURE,SYN_C,2026-07-26T00:00:00Z
SYN_A,AAA,合成市场A,合成指数A,cash_index,price,AAA,Etc/UTC,35.0,-95.0,2024-08-22,2024-08-22T00:00:00Z,2024-08-22T06:00:00Z,113.96959889,GELA_SYNTHETIC_FIXTURE,SYN_A,2026-07-26T00:00:00Z
SYN_B,BBB,合成市场B,合成指数B,cash_index,price,BBB,Etc/UTC,37.0,127.0,2024-08-22,2024-08-22T08:00:00Z,2024-08-22T14:00:00Z,113.27844178,GELA_SYNTHETIC_FIXTURE,SYN_B,2026-07-26T00:00:00Z
SYN_C,CCC,合成市场C,合成指数C,cash_index,price,CCC,Etc/UTC,51.0,10.0,2024-08-22,2024-08-22T15:00:00Z,2024-08-22T21:00:00Z,123.32382269,GELA_SYNTHETIC_FIXTURE,SYN_C,2026-07-26T00:00:00Z
SYN_A,AAA,合成市场A,合成指数A,cash_index,price,AAA,Etc/UTC,35.0,-95.0,2024-08-23,2024-08-23T00:00:00Z,2024-08-23T06:00:00Z,114.34282822,GELA_SYNTHETIC_FIXTURE,SYN_A,2026-07-26T00:00:00Z
SYN_B,BBB,合成市场B,合成指数B,cash_index,price,BBB,Etc/UTC,37.0,127.0,2024-08-23,2024-08-23T08:00:00Z,2024-08-23T14:00:00Z,113.39228529,GELA_SYNTHETIC_FIXTURE,SYN_B,2026-07-26T00:00:00Z
SYN_C,CCC,合成市场C,合成指数C,cash_index,price,CCC,Etc/UTC,51.0,10.0,2024-08-23,2024-08-23T15:00:00Z,2024-08-23T21:00:00Z,123.35069537,GELA_SYNTHETIC_FIXTURE,SYN_C,2026-07-26T00:00:00Z
SYN_A,AAA,合成市场A,合成指数A,cash_index,price,AAA,Etc/UTC,35.0,-95.0,2024-08-26,2024-08-26T00:00:00Z,2024-08-26T06:00:00Z,115.04223781,GELA_SYNTHETIC_FIXTURE,SYN_A,2026-07-26T00:00:00Z
SYN_B,BBB,合成市场B,合成指数B,cash_index,price,BBB,Etc/UTC,37.0,127.0,2024-08-26,2024-08-26T08:00:00Z,2024-08-26T14:00:00Z,113.75217173,GELA_SYNTHETIC_FIXTURE,SYN_B,2026-07-26T00:00:00Z
SYN_C,CCC,合成市场C,合成指数C,cash_index,price,CCC,Etc/UTC,51.0,10.0,2024-08-26,2024-08-26T15:00:00Z,2024-08-26T21:00:00Z,124.74769465,GELA_SYNTHETIC_FIXTURE,SYN_C,2026-07-26T00:00:00Z
SYN_A,AAA,合成市场A,合成指数A,cash_index,price,AAA,Etc/UTC,35.0,-95.0,2024-08-27,2024-08-27T00:00:00Z,2024-08-27T06:00:00Z,115.92136114,GELA_SYNTHETIC_FIXTURE,SYN_A,2026-07-26T00:00:00Z
SYN_B,BBB,合成市场B,合成指数B,cash_index,price,BBB,Etc/UTC,37.0,127.0,2024-08-27,2024-08-27T08:00:00Z,2024-08-27T14:00:00Z,113.77983076,GELA_SYNTHETIC_FIXTURE,SYN_B,2026-07-26T00:00:00Z
SYN_C,CCC,合成市场C,合成指数C,cash_index,price,CCC,Etc/UTC,51.0,10.0,2024-08-27,2024-08-27T15:00:00Z,2024-08-27T21:00:00Z,123.45150367,GELA_SYNTHETIC_FIXTURE,SYN_C,2026-07-26T00:00:00Z
SYN_A,AAA,合成市场A,合成指数A,cash_index,price,AAA,Etc/UTC,35.0,-95.0,2024-08-28,2024-08-28T00:00:00Z,2024-08-28T06:00:00Z,115.03215649,GELA_SYNTHETIC_FIXTURE,SYN_A,2026-07-26T00:00:00Z
SYN_B,BBB,合成市场B,合成指数B,cash_index,price,BBB,Etc/UTC,37.0,127.0,2024-08-28,2024-08-28T08:00:00Z,2024-08-28T14:00:00Z,112.94596285,GELA_SYNTHETIC_FIXTURE,SYN_B,2026-07-26T00:00:00Z
SYN_C,CCC,合成市场C,合成指数C,cash_index,price,CCC,Etc/UTC,51.0,10.0,2024-08-28,2024-08-28T15:00:00Z,2024-08-28T21:00:00Z,122.28080842,GELA_SYNTHETIC_FIXTURE,SYN_C,2026-07-26T00:00:00Z
SYN_A,AAA,合成市场A,合成指数A,cash_index,price,AAA,Etc/UTC,35.0,-95.0,2024-08-29,2024-08-29T00:00:00Z,2024-08-29T06:00:00Z,114.61674123,GELA_SYNTHETIC_FIXTURE,SYN_A,2026-07-26T00:00:00Z
SYN_B,BBB,合成市场B,合成指数B,cash_index,price,BBB,Etc/UTC,37.0,127.0,2024-08-29,2024-08-29T08:00:00Z,2024-08-29T14:00:00Z,112.83022611,GELA_SYNTHETIC_FIXTURE,SYN_B,2026-07-26T00:00:00Z
SYN_C,CCC,合成市场C,合成指数C,cash_index,price,CCC,Etc/UTC,51.0,10.0,2024-08-29,2024-08-29T15:00:00Z,2024-08-29T21:00:00Z,120.53439499,GELA_SYNTHETIC_FIXTURE,SYN_C,2026-07-26T00:00:00Z
SYN_A,AAA,合成市场A,合成指数A,cash_index,price,AAA,Etc/UTC,35.0,-95.0,2024-08-30,2024-08-30T00:00:00Z,2024-08-30T06:00:00Z,114.18799205,GELA_SYNTHETIC_FIXTURE,SYN_A,2026-07-26T00:00:00Z
SYN_B,BBB,合成市场B,合成指数B,cash_index,price,BBB,Etc/UTC,37.0,127.0,2024-08-30,2024-08-30T08:00:00Z,2024-08-30T14:00:00Z,112.58500951,GELA_SYNTHETIC_FIXTURE,SYN_B,2026-07-26T00:00:00Z
SYN_C,CCC,合成市场C,合成指数C,cash_index,price,CCC,Etc/UTC,51.0,10.0,2024-08-30,2024-08-30T15:00:00Z,2024-08-30T21:00:00Z,120.51993193,GELA_SYNTHETIC_FIXTURE,SYN_C,2026-07-26T00:00:00Z
SYN_A,AAA,合成市场A,合成指数A,cash_index,price,AAA,Etc/UTC,35.0,-95.0,2024-09-02,2024-09-02T00:00:00Z,2024-09-02T06:00:00Z,115.10762707,GELA_SYNTHETIC_FIXTURE,SYN_A,2026-07-26T00:00:00Z
SYN_B,BBB,合成市场B,合成指数B,cash_index,price,BBB,Etc/UTC,37.0,127.0,2024-09-02,2024-09-02T08:00:00Z,2024-09-02T14:00:00Z,113.04104725,GELA_SYNTHETIC_FIXTURE,SYN_B,2026-07-26T00:00:00Z
SYN_C,CCC,合成市场C,合成指数C,cash_index,price,CCC,Etc/UTC,51.0,10.0,2024-09-02,2024-09-02T15:00:00Z,2024-09-02T21:00:00Z,121.07757964,GELA_SYNTHETIC_FIXTURE,SYN_C,2026-07-26T00:00:00Z
SYN_A,AAA,合成市场A,合成指数A,cash_index,price,AAA,Etc/UTC,35.0,-95.0,2024-09-03,2024-09-03T00:00:00Z,2024-09-03T06:00:00Z,115.94026806,GELA_SYNTHETIC_FIXTURE,SYN_A,2026-07-26T00:00:00Z
SYN_B,BBB,合成市场B,合成指数B,cash_index,price,BBB,Etc/UTC,37.0,127.0,2024-09-03,2024-09-03T08:00:00Z,2024-09-03T14:00:00Z,113.37306337,GELA_SYNTHETIC_FIXTURE,SYN_B,2026-07-26T00:00:00Z
SYN_C,CCC,合成市场C,合成指数C,cash_index,price,CCC,Etc/UTC,51.0,10.0,2024-09-03,2024-09-03T15:00:00Z,2024-09-03T21:00:00Z,120.05451550,GELA_SYNTHETIC_FIXTURE,SYN_C,2026-07-26T00:00:00Z
SYN_A,AAA,合成市场A,合成指数A,cash_index,price,AAA,Etc/UTC,35.0,-95.0,2024-09-04,2024-09-04T00:00:00Z,2024-09-04T06:00:00Z,116.68166852,GELA_SYNTHETIC_FIXTURE,SYN_A,2026-07-26T00:00:00Z
SYN_B,BBB,合成市场B,合成指数B,cash_index,price,BBB,Etc/UTC,37.0,127.0,2024-09-04,2024-09-04T08:00:00Z,2024-09-04T14:00:00Z,114.33018418,GELA_SYNTHETIC_FIXTURE,SYN_B,2026-07-26T00:00:00Z
SYN_C,CCC,合成市场C,合成指数C,cash_index,price,CCC,Etc/UTC,51.0,10.0,2024-09-04,2024-09-04T15:00:00Z,2024-09-04T21:00:00Z,120.37836125,GELA_SYNTHETIC_FIXTURE,SYN_C,2026-07-26T00:00:00Z
SYN_A,AAA,合成市场A,合成指数A,cash_index,price,AAA,Etc/UTC,35.0,-95.0,2024-09-05,2024-09-05T00:00:00Z,2024-09-05T06:00:00Z,118.51964976,GELA_SYNTHETIC_FIXTURE,SYN_A,2026-07-26T00:00:00Z
SYN_B,BBB,合成市场B,合成指数B,cash_index,price,BBB,Etc/UTC,37.0,127.0,2024-09-05,2024-09-05T08:00:00Z,2024-09-05T14:00:00Z,115.84251902,GELA_SYNTHETIC_FIXTURE,SYN_B,2026-07-26T00:00:00Z
SYN_C,CCC,合成市场C,合成指数C,cash_index,price,CCC,Etc/UTC,51.0,10.0,2024-09-05,2024-09-05T15:00:00Z,2024-09-05T21:00:00Z,120.56347309,GELA_SYNTHETIC_FIXTURE,SYN_C,2026-07-26T00:00:00Z
SYN_A,AAA,合成市场A,合成指数A,cash_index,price,AAA,Etc/UTC,35.0,-95.0,2024-09-06,2024-09-06T00:00:00Z,2024-09-06T06:00:00Z,118.43755227,GELA_SYNTHETIC_FIXTURE,SYN_A,2026-07-26T00:00:00Z
SYN_B,BBB,合成市场B,合成指数B,cash_index,price,BBB,Etc/UTC,37.0,127.0,2024-09-06,2024-09-06T08:00:00Z,2024-09-06T14:00:00Z,115.49531316,GELA_SYNTHETIC_FIXTURE,SYN_B,2026-07-26T00:00:00Z
SYN_C,CCC,合成市场C,合成指数C,cash_index,price,CCC,Etc/UTC,51.0,10.0,2024-09-06,2024-09-06T15:00:00Z,2024-09-06T21:00:00Z,120.46407930,GELA_SYNTHETIC_FIXTURE,SYN_C,2026-07-26T00:00:00Z
SYN_A,AAA,合成市场A,合成指数A,cash_index,price,AAA,Etc/UTC,35.0,-95.0,2024-09-09,2024-09-09T00:00:00Z,2024-09-09T06:00:00Z,119.86605594,GELA_SYNTHETIC_FIXTURE,SYN_A,2026-07-26T00:00:00Z
SYN_B,BBB,合成市场B,合成指数B,cash_index,price,BBB,Etc/UTC,37.0,127.0,2024-09-09,2024-09-09T08:00:00Z,2024-09-09T14:00:00Z,117.28678857,GELA_SYNTHETIC_FIXTURE,SYN_B,2026-07-26T00:00:00Z
SYN_C,CCC,合成市场C,合成指数C,cash_index,price,CCC,Etc/UTC,51.0,10.0,2024-09-09,2024-09-09T15:00:00Z,2024-09-09T21:00:00Z,118.54102684,GELA_SYNTHETIC_FIXTURE,SYN_C,2026-07-26T00:00:00Z
SYN_A,AAA,合成市场A,合成指数A,cash_index,price,AAA,Etc/UTC,35.0,-95.0,2024-09-10,2024-09-10T00:00:00Z,2024-09-10T06:00:00Z,119.09725534,GELA_SYNTHETIC_FIXTURE,SYN_A,2026-07-26T00:00:00Z
SYN_B,BBB,合成市场B,合成指数B,cash_index,price,BBB,Etc/UTC,37.0,127.0,2024-09-10,2024-09-10T08:00:00Z,2024-09-10T14:00:00Z,117.17596534,GELA_SYNTHETIC_FIXTURE,SYN_B,2026-07-26T00:00:00Z
SYN_C,CCC,合成市场C,合成指数C,cash_index,price,CCC,Etc/UTC,51.0,10.0,2024-09-10,2024-09-10T15:00:00Z,2024-09-10T21:00:00Z,118.16866300,GELA_SYNTHETIC_FIXTURE,SYN_C,2026-07-26T00:00:00Z
SYN_A,AAA,合成市场A,合成指数A,cash_index,price,AAA,Etc/UTC,35.0,-95.0,2024-09-11,2024-09-11T00:00:00Z,2024-09-11T06:00:00Z,119.40749087,GELA_SYNTHETIC_FIXTURE,SYN_A,2026-07-26T00:00:00Z
SYN_B,BBB,合成市场B,合成指数B,cash_index,price,BBB,Etc/UTC,37.0,127.0,2024-09-11,2024-09-11T08:00:00Z,2024-09-11T14:00:00Z,117.23460217,GELA_SYNTHETIC_FIXTURE,SYN_B,2026-07-26T00:00:00Z
SYN_C,CCC,合成市场C,合成指数C,cash_index,price,CCC,Etc/UTC,51.0,10.0,2024-09-11,2024-09-11T15:00:00Z,2024-09-11T21:00:00Z,119.21135496,GELA_SYNTHETIC_FIXTURE,SYN_C,2026-07-26T00:00:00Z
SYN_A,AAA,合成市场A,合成指数A,cash_index,price,AAA,Etc/UTC,35.0,-95.0,2024-09-12,2024-09-12T00:00:00Z,2024-09-12T06:00:00Z,119.27426163,GELA_SYNTHETIC_FIXTURE,SYN_A,2026-07-26T00:00:00Z
SYN_B,BBB,合成市场B,合成指数B,cash_index,price,BBB,Etc/UTC,37.0,127.0,2024-09-12,2024-09-12T08:00:00Z,2024-09-12T14:00:00Z,116.86702891,GELA_SYNTHETIC_FIXTURE,SYN_B,2026-07-26T00:00:00Z
SYN_C,CCC,合成市场C,合成指数C,cash_index,price,CCC,Etc/UTC,51.0,10.0,2024-09-12,2024-09-12T15:00:00Z,2024-09-12T21:00:00Z,119.41784456,GELA_SYNTHETIC_FIXTURE,SYN_C,2026-07-26T00:00:00Z
SYN_A,AAA,合成市场A,合成指数A,cash_index,price,AAA,Etc/UTC,35.0,-95.0,2024-09-13,2024-09-13T00:00:00Z,2024-09-13T06:00:00Z,119.28648057,GELA_SYNTHETIC_FIXTURE,SYN_A,2026-07-26T00:00:00Z
SYN_B,BBB,合成市场B,合成指数B,cash_index,price,BBB,Etc/UTC,37.0,127.0,2024-09-13,2024-09-13T08:00:00Z,2024-09-13T14:00:00Z,117.18389685,GELA_SYNTHETIC_FIXTURE,SYN_B,2026-07-26T00:00:00Z
SYN_C,CCC,合成市场C,合成指数C,cash_index,price,CCC,Etc/UTC,51.0,10.0,2024-09-13,2024-09-13T15:00:00Z,2024-09-13T21:00:00Z,117.52759354,GELA_SYNTHETIC_FIXTURE,SYN_C,2026-07-26T00:00:00Z
SYN_A,AAA,合成市场A,合成指数A,cash_index,price,AAA,Etc/UTC,35.0,-95.0,2024-09-16,2024-09-16T00:00:00Z,2024-09-16T06:00:00Z,119.52868497,GELA_SYNTHETIC_FIXTURE,SYN_A,2026-07-26T00:00:00Z
SYN_B,BBB,合成市场B,合成指数B,cash_index,price,BBB,Etc/UTC,37.0,127.0,2024-09-16,2024-09-16T08:00:00Z,2024-09-16T14:00:00Z,117.55411040,GELA_SYNTHETIC_FIXTURE,SYN_B,2026-07-26T00:00:00Z
SYN_C,CCC,合成市场C,合成指数C,cash_index,price,CCC,Etc/UTC,51.0,10.0,2024-09-16,2024-09-16T15:00:00Z,2024-09-16T21:00:00Z,118.22367091,GELA_SYNTHETIC_FIXTURE,SYN_C,2026-07-26T00:00:00Z
SYN_A,AAA,合成市场A,合成指数A,cash_index,price,AAA,Etc/UTC,35.0,-95.0,2024-09-17,2024-09-17T00:00:00Z,2024-09-17T06:00:00Z,121.52665521,GELA_SYNTHETIC_FIXTURE,SYN_A,2026-07-26T00:00:00Z
SYN_B,BBB,合成市场B,合成指数B,cash_index,price,BBB,Etc/UTC,37.0,127.0,2024-09-17,2024-09-17T08:00:00Z,2024-09-17T14:00:00Z,119.37788674,GELA_SYNTHETIC_FIXTURE,SYN_B,2026-07-26T00:00:00Z
SYN_C,CCC,合成市场C,合成指数C,cash_index,price,CCC,Etc/UTC,51.0,10.0,2024-09-17,2024-09-17T15:00:00Z,2024-09-17T21:00:00Z,117.49999195,GELA_SYNTHETIC_FIXTURE,SYN_C,2026-07-26T00:00:00Z
SYN_A,AAA,合成市场A,合成指数A,cash_index,price,AAA,Etc/UTC,35.0,-95.0,2024-09-18,2024-09-18T00:00:00Z,2024-09-18T06:00:00Z,121.86304277,GELA_SYNTHETIC_FIXTURE,SYN_A,2026-07-26T00:00:00Z
SYN_B,BBB,合成市场B,合成指数B,cash_index,price,BBB,Etc/UTC,37.0,127.0,2024-09-18,2024-09-18T08:00:00Z,2024-09-18T14:00:00Z,119.24808768,GELA_SYNTHETIC_FIXTURE,SYN_B,2026-07-26T00:00:00Z
SYN_C,CCC,合成市场C,合成指数C,cash_index,price,CCC,Etc/UTC,51.0,10.0,2024-09-18,2024-09-18T15:00:00Z,2024-09-18T21:00:00Z,116.68410658,GELA_SYNTHETIC_FIXTURE,SYN_C,2026-07-26T00:00:00Z
SYN_A,AAA,合成市场A,合成指数A,cash_index,price,AAA,Etc/UTC,35.0,-95.0,2024-09-19,2024-09-19T00:00:00Z,2024-09-19T06:00:00Z,122.27228757,GELA_SYNTHETIC_FIXTURE,SYN_A,2026-07-26T00:00:00Z
SYN_B,BBB,合成市场B,合成指数B,cash_index,price,BBB,Etc/UTC,37.0,127.0,2024-09-19,2024-09-19T08:00:00Z,2024-09-19T14:00:00Z,119.88890885,GELA_SYNTHETIC_FIXTURE,SYN_B,2026-07-26T00:00:00Z
SYN_C,CCC,合成市场C,合成指数C,cash_index,price,CCC,Etc/UTC,51.0,10.0,2024-09-19,2024-09-19T15:00:00Z,2024-09-19T21:00:00Z,115.56754212,GELA_SYNTHETIC_FIXTURE,SYN_C,2026-07-26T00:00:00Z
SYN_A,AAA,合成市场A,合成指数A,cash_index,price,AAA,Etc/UTC,35.0,-95.0,2024-09-20,2024-09-20T00:00:00Z,2024-09-20T06:00:00Z,123.08602441,GELA_SYNTHETIC_FIXTURE,SYN_A,2026-07-26T00:00:00Z
SYN_B,BBB,合成市场B,合成指数B,cash_index,price,BBB,Etc/UTC,37.0,127.0,2024-09-20,2024-09-20T08:00:00Z,2024-09-20T14:00:00Z,120.86593279,GELA_SYNTHETIC_FIXTURE,SYN_B,2026-07-26T00:00:00Z
SYN_C,CCC,合成市场C,合成指数C,cash_index,price,CCC,Etc/UTC,51.0,10.0,2024-09-20,2024-09-20T15:00:00Z,2024-09-20T21:00:00Z,114.78204555,GELA_SYNTHETIC_FIXTURE,SYN_C,2026-07-26T00:00:00Z
SYN_A,AAA,合成市场A,合成指数A,cash_index,price,AAA,Etc/UTC,35.0,-95.0,2024-09-23,2024-09-23T00:00:00Z,2024-09-23T06:00:00Z,121.30945049,GELA_SYNTHETIC_FIXTURE,SYN_A,2026-07-26T00:00:00Z
SYN_B,BBB,合成市场B,合成指数B,cash_index,price,BBB,Etc/UTC,37.0,127.0,2024-09-23,2024-09-23T08:00:00Z,2024-09-23T14:00:00Z,119.47301571,GELA_SYNTHETIC_FIXTURE,SYN_B,2026-07-26T00:00:00Z
SYN_C,CCC,合成市场C,合成指数C,cash_index,price,CCC,Etc/UTC,51.0,10.0,2024-09-23,2024-09-23T15:00:00Z,2024-09-23T21:00:00Z,113.52828740,GELA_SYNTHETIC_FIXTURE,SYN_C,2026-07-26T00:00:00Z
SYN_A,AAA,合成市场A,合成指数A,cash_index,price,AAA,Etc/UTC,35.0,-95.0,2024-09-24,2024-09-24T00:00:00Z,2024-09-24T06:00:00Z,120.25517737,GELA_SYNTHETIC_FIXTURE,SYN_A,2026-07-26T00:00:00Z
SYN_B,BBB,合成市场B,合成指数B,cash_index,price,BBB,Etc/UTC,37.0,127.0,2024-09-24,2024-09-24T08:00:00Z,2024-09-24T14:00:00Z,118.02888871,GELA_SYNTHETIC_FIXTURE,SYN_B,2026-07-26T00:00:00Z
SYN_C,CCC,合成市场C,合成指数C,cash_index,price,CCC,Etc/UTC,51.0,10.0,2024-09-24,2024-09-24T15:00:00Z,2024-09-24T21:00:00Z,113.02939412,GELA_SYNTHETIC_FIXTURE,SYN_C,2026-07-26T00:00:00Z
SYN_A,AAA,合成市场A,合成指数A,cash_index,price,AAA,Etc/UTC,35.0,-95.0,2024-09-25,2024-09-25T00:00:00Z,2024-09-25T06:00:00Z,117.99452553,GELA_SYNTHETIC_FIXTURE,SYN_A,2026-07-26T00:00:00Z
SYN_B,BBB,合成市场B,合成指数B,cash_index,price,BBB,Etc/UTC,37.0,127.0,2024-09-25,2024-09-25T08:00:00Z,2024-09-25T14:00:00Z,116.25801749,GELA_SYNTHETIC_FIXTURE,SYN_B,2026-07-26T00:00:00Z
SYN_C,CCC,合成市场C,合成指数C,cash_index,price,CCC,Etc/UTC,51.0,10.0,2024-09-25,2024-09-25T15:00:00Z,2024-09-25T21:00:00Z,112.42513478,GELA_SYNTHETIC_FIXTURE,SYN_C,2026-07-26T00:00:00Z
SYN_A,AAA,合成市场A,合成指数A,cash_index,price,AAA,Etc/UTC,35.0,-95.0,2024-09-26,2024-09-26T00:00:00Z,2024-09-26T06:00:00Z,117.15937359,GELA_SYNTHETIC_FIXTURE,SYN_A,2026-07-26T00:00:00Z
SYN_B,BBB,合成市场B,合成指数B,cash_index,price,BBB,Etc/UTC,37.0,127.0,2024-09-26,2024-09-26T08:00:00Z,2024-09-26T14:00:00Z,115.80654953,GELA_SYNTHETIC_FIXTURE,SYN_B,2026-07-26T00:00:00Z
SYN_C,CCC,合成市场C,合成指数C,cash_index,price,CCC,Etc/UTC,51.0,10.0,2024-09-26,2024-09-26T15:00:00Z,2024-09-26T21:00:00Z,113.15365435,GELA_SYNTHETIC_FIXTURE,SYN_C,2026-07-26T00:00:00Z
SYN_A,AAA,合成市场A,合成指数A,cash_index,price,AAA,Etc/UTC,35.0,-95.0,2024-09-27,2024-09-27T00:00:00Z,2024-09-27T06:00:00Z,116.11493359,GELA_SYNTHETIC_FIXTURE,SYN_A,2026-07-26T00:00:00Z
SYN_B,BBB,合成市场B,合成指数B,cash_index,price,BBB,Etc/UTC,37.0,127.0,2024-09-27,2024-09-27T08:00:00Z,2024-09-27T14:00:00Z,114.99115106,GELA_SYNTHETIC_FIXTURE,SYN_B,2026-07-26T00:00:00Z
SYN_C,CCC,合成市场C,合成指数C,cash_index,price,CCC,Etc/UTC,51.0,10.0,2024-09-27,2024-09-27T15:00:00Z,2024-09-27T21:00:00Z,115.75477998,GELA_SYNTHETIC_FIXTURE,SYN_C,2026-07-26T00:00:00Z
SYN_A,AAA,合成市场A,合成指数A,cash_index,price,AAA,Etc/UTC,35.0,-95.0,2024-09-30,2024-09-30T00:00:00Z,2024-09-30T06:00:00Z,116.18048072,GELA_SYNTHETIC_FIXTURE,SYN_A,2026-07-26T00:00:00Z
SYN_B,BBB,合成市场B,合成指数B,cash_index,price,BBB,Etc/UTC,37.0,127.0,2024-09-30,2024-09-30T08:00:00Z,2024-09-30T14:00:00Z,115.72178825,GELA_SYNTHETIC_FIXTURE,SYN_B,2026-07-26T00:00:00Z
SYN_C,CCC,合成市场C,合成指数C,cash_index,price,CCC,Etc/UTC,51.0,10.0,2024-09-30,2024-09-30T15:00:00Z,2024-09-30T21:00:00Z,116.57990639,GELA_SYNTHETIC_FIXTURE,SYN_C,2026-07-26T00:00:00Z
SYN_A,AAA,合成市场A,合成指数A,cash_index,price,AAA,Etc/UTC,35.0,-95.0,2024-10-01,2024-10-01T00:00:00Z,2024-10-01T06:00:00Z,117.15988764,GELA_SYNTHETIC_FIXTURE,SYN_A,2026-07-26T00:00:00Z
SYN_B,BBB,合成市场B,合成指数B,cash_index,price,BBB,Etc/UTC,37.0,127.0,2024-10-01,2024-10-01T08:00:00Z,2024-10-01T14:00:00Z,116.19813156,GELA_SYNTHETIC_FIXTURE,SYN_B,2026-07-26T00:00:00Z
SYN_C,CCC,合成市场C,合成指数C,cash_index,price,CCC,Etc/UTC,51.0,10.0,2024-10-01,2024-10-01T15:00:00Z,2024-10-01T21:00:00Z,117.00642127,GELA_SYNTHETIC_FIXTURE,SYN_C,2026-07-26T00:00:00Z
SYN_A,AAA,合成市场A,合成指数A,cash_index,price,AAA,Etc/UTC,35.0,-95.0,2024-10-02,2024-10-02T00:00:00Z,2024-10-02T06:00:00Z,116.44775770,GELA_SYNTHETIC_FIXTURE,SYN_A,2026-07-26T00:00:00Z
SYN_B,BBB,合成市场B,合成指数B,cash_index,price,BBB,Etc/UTC,37.0,127.0,2024-10-02,2024-10-02T08:00:00Z,2024-10-02T14:00:00Z,115.89486456,GELA_SYNTHETIC_FIXTURE,SYN_B,2026-07-26T00:00:00Z
SYN_C,CCC,合成市场C,合成指数C,cash_index,price,CCC,Etc/UTC,51.0,10.0,2024-10-02,2024-10-02T15:00:00Z,2024-10-02T21:00:00Z,118.94551844,GELA_SYNTHETIC_FIXTURE,SYN_C,2026-07-26T00:00:00Z
SYN_A,AAA,合成市场A,合成指数A,cash_index,price,AAA,Etc/UTC,35.0,-95.0,2024-10-03,2024-10-03T00:00:00Z,2024-10-03T06:00:00Z,116.87175531,GELA_SYNTHETIC_FIXTURE,SYN_A,2026-07-26T00:00:00Z
SYN_B,BBB,合成市场B,合成指数B,cash_index,price,BBB,Etc/UTC,37.0,127.0,2024-10-03,2024-10-03T08:00:00Z,2024-10-03T14:00:00Z,116.36447726,GELA_SYNTHETIC_FIXTURE,SYN_B,2026-07-26T00:00:00Z
SYN_C,CCC,合成市场C,合成指数C,cash_index,price,CCC,Etc/UTC,51.0,10.0,2024-10-03,2024-10-03T15:00:00Z,2024-10-03T21:00:00Z,120.18800628,GELA_SYNTHETIC_FIXTURE,SYN_C,2026-07-26T00:00:00Z
SYN_A,AAA,合成市场A,合成指数A,cash_index,price,AAA,Etc/UTC,35.0,-95.0,2024-10-04,2024-10-04T00:00:00Z,2024-10-04T06:00:00Z,115.33030309,GELA_SYNTHETIC_FIXTURE,SYN_A,2026-07-26T00:00:00Z
SYN_B,BBB,合成市场B,合成指数B,cash_index,price,BBB,Etc/UTC,37.0,127.0,2024-10-04,2024-10-04T08:00:00Z,2024-10-04T14:00:00Z,115.66966576,GELA_SYNTHETIC_FIXTURE,SYN_B,2026-07-26T00:00:00Z
SYN_C,CCC,合成市场C,合成指数C,cash_index,price,CCC,Etc/UTC,51.0,10.0,2024-10-04,2024-10-04T15:00:00Z,2024-10-04T21:00:00Z,119.49414886,GELA_SYNTHETIC_FIXTURE,SYN_C,2026-07-26T00:00:00Z
SYN_A,AAA,合成市场A,合成指数A,cash_index,price,AAA,Etc/UTC,35.0,-95.0,2024-10-07,2024-10-07T00:00:00Z,2024-10-07T06:00:00Z,115.10859852,GELA_SYNTHETIC_FIXTURE,SYN_A,2026-07-26T00:00:00Z
SYN_B,BBB,合成市场B,合成指数B,cash_index,price,BBB,Etc/UTC,37.0,127.0,2024-10-07,2024-10-07T08:00:00Z,2024-10-07T14:00:00Z,115.06274096,GELA_SYNTHETIC_FIXTURE,SYN_B,2026-07-26T00:00:00Z
SYN_C,CCC,合成市场C,合成指数C,cash_index,price,CCC,Etc/UTC,51.0,10.0,2024-10-07,2024-10-07T15:00:00Z,2024-10-07T21:00:00Z,120.25507800,GELA_SYNTHETIC_FIXTURE,SYN_C,2026-07-26T00:00:00Z
SYN_A,AAA,合成市场A,合成指数A,cash_index,price,AAA,Etc/UTC,35.0,-95.0,2024-10-08,2024-10-08T00:00:00Z,2024-10-08T06:00:00Z,116.61142026,GELA_SYNTHETIC_FIXTURE,SYN_A,2026-07-26T00:00:00Z
SYN_B,BBB,合成市场B,合成指数B,cash_index,price,BBB,Etc/UTC,37.0,127.0,2024-10-08,2024-10-08T08:00:00Z,2024-10-08T14:00:00Z,116.30516182,GELA_SYNTHETIC_FIXTURE,SYN_B,2026-07-26T00:00:00Z
SYN_C,CCC,合成市场C,合成指数C,cash_index,price,CCC,Etc/UTC,51.0,10.0,2024-10-08,2024-10-08T15:00:00Z,2024-10-08T21:00:00Z,121.34769331,GELA_SYNTHETIC_FIXTURE,SYN_C,2026-07-26T00:00:00Z
SYN_A,AAA,合成市场A,合成指数A,cash_index,price,AAA,Etc/UTC,35.0,-95.0,2024-10-09,2024-10-09T00:00:00Z,2024-10-09T06:00:00Z,117.57188116,GELA_SYNTHETIC_FIXTURE,SYN_A,2026-07-26T00:00:00Z
SYN_B,BBB,合成市场B,合成指数B,cash_index,price,BBB,Etc/UTC,37.0,127.0,2024-10-09,2024-10-09T08:00:00Z,2024-10-09T14:00:00Z,116.44089207,GELA_SYNTHETIC_FIXTURE,SYN_B,2026-07-26T00:00:00Z
SYN_C,CCC,合成市场C,合成指数C,cash_index,price,CCC,Etc/UTC,51.0,10.0,2024-10-09,2024-10-09T15:00:00Z,2024-10-09T21:00:00Z,120.42059082,GELA_SYNTHETIC_FIXTURE,SYN_C,2026-07-26T00:00:00Z
SYN_A,AAA,合成市场A,合成指数A,cash_index,price,AAA,Etc/UTC,35.0,-95.0,2024-10-10,2024-10-10T00:00:00Z,2024-10-10T06:00:00Z,118.52540282,GELA_SYNTHETIC_FIXTURE,SYN_A,2026-07-26T00:00:00Z
SYN_B,BBB,合成市场B,合成指数B,cash_index,price,BBB,Etc/UTC,37.0,127.0,2024-10-10,2024-10-10T08:00:00Z,2024-10-10T14:00:00Z,117.26837073,GELA_SYNTHETIC_FIXTURE,SYN_B,2026-07-26T00:00:00Z
SYN_C,CCC,合成市场C,合成指数C,cash_index,price,CCC,Etc/UTC,51.0,10.0,2024-10-10,2024-10-10T15:00:00Z,2024-10-10T21:00:00Z,120.98650648,GELA_SYNTHETIC_FIXTURE,SYN_C,2026-07-26T00:00:00Z
SYN_A,AAA,合成市场A,合成指数A,cash_index,price,AAA,Etc/UTC,35.0,-95.0,2024-10-11,2024-10-11T00:00:00Z,2024-10-11T06:00:00Z,116.38237721,GELA_SYNTHETIC_FIXTURE,SYN_A,2026-07-26T00:00:00Z
SYN_B,BBB,合成市场B,合成指数B,cash_index,price,BBB,Etc/UTC,37.0,127.0,2024-10-11,2024-10-11T08:00:00Z,2024-10-11T14:00:00Z,115.47175294,GELA_SYNTHETIC_FIXTURE,SYN_B,2026-07-26T00:00:00Z
SYN_C,CCC,合成市场C,合成指数C,cash_index,price,CCC,Etc/UTC,51.0,10.0,2024-10-11,2024-10-11T15:00:00Z,2024-10-11T21:00:00Z,120.39477736,GELA_SYNTHETIC_FIXTURE,SYN_C,2026-07-26T00:00:00Z
SYN_A,AAA,合成市场A,合成指数A,cash_index,price,AAA,Etc/UTC,35.0,-95.0,2024-10-14,2024-10-14T00:00:00Z,2024-10-14T06:00:00Z,117.10049505,GELA_SYNTHETIC_FIXTURE,SYN_A,2026-07-26T00:00:00Z
SYN_B,BBB,合成市场B,合成指数B,cash_index,price,BBB,Etc/UTC,37.0,127.0,2024-10-14,2024-10-14T08:00:00Z,2024-10-14T14:00:00Z,115.67841031,GELA_SYNTHETIC_FIXTURE,SYN_B,2026-07-26T00:00:00Z
SYN_C,CCC,合成市场C,合成指数C,cash_index,price,CCC,Etc/UTC,51.0,10.0,2024-10-14,2024-10-14T15:00:00Z,2024-10-14T21:00:00Z,120.76236093,GELA_SYNTHETIC_FIXTURE,SYN_C,2026-07-26T00:00:00Z
SYN_A,AAA,合成市场A,合成指数A,cash_index,price,AAA,Etc/UTC,35.0,-95.0,2024-10-15,2024-10-15T00:00:00Z,2024-10-15T06:00:00Z,117.36727383,GELA_SYNTHETIC_FIXTURE,SYN_A,2026-07-26T00:00:00Z
SYN_B,BBB,合成市场B,合成指数B,cash_index,price,BBB,Etc/UTC,37.0,127.0,2024-10-15,2024-10-15T08:00:00Z,2024-10-15T14:00:00Z,115.85672862,GELA_SYNTHETIC_FIXTURE,SYN_B,2026-07-26T00:00:00Z
SYN_C,CCC,合成市场C,合成指数C,cash_index,price,CCC,Etc/UTC,51.0,10.0,2024-10-15,2024-10-15T15:00:00Z,2024-10-15T21:00:00Z,119.60248803,GELA_SYNTHETIC_FIXTURE,SYN_C,2026-07-26T00:00:00Z
SYN_A,AAA,合成市场A,合成指数A,cash_index,price,AAA,Etc/UTC,35.0,-95.0,2024-10-16,2024-10-16T00:00:00Z,2024-10-16T06:00:00Z,117.06080078,GELA_SYNTHETIC_FIXTURE,SYN_A,2026-07-26T00:00:00Z
SYN_B,BBB,合成市场B,合成指数B,cash_index,price,BBB,Etc/UTC,37.0,127.0,2024-10-16,2024-10-16T08:00:00Z,2024-10-16T14:00:00Z,115.91271927,GELA_SYNTHETIC_FIXTURE,SYN_B,2026-07-26T00:00:00Z
SYN_C,CCC,合成市场C,合成指数C,cash_index,price,CCC,Etc/UTC,51.0,10.0,2024-10-16,2024-10-16T15:00:00Z,2024-10-16T21:00:00Z,120.63661488,GELA_SYNTHETIC_FIXTURE,SYN_C,2026-07-26T00:00:00Z
SYN_A,AAA,合成市场A,合成指数A,cash_index,price,AAA,Etc/UTC,35.0,-95.0,2024-10-17,2024-10-17T00:00:00Z,2024-10-17T06:00:00Z,116.91652354,GELA_SYNTHETIC_FIXTURE,SYN_A,2026-07-26T00:00:00Z
SYN_B,BBB,合成市场B,合成指数B,cash_index,price,BBB,Etc/UTC,37.0,127.0,2024-10-17,2024-10-17T08:00:00Z,2024-10-17T14:00:00Z,116.06767011,GELA_SYNTHETIC_FIXTURE,SYN_B,2026-07-26T00:00:00Z
SYN_C,CCC,合成市场C,合成指数C,cash_index,price,CCC,Etc/UTC,51.0,10.0,2024-10-17,2024-10-17T15:00:00Z,2024-10-17T21:00:00Z,121.33546598,GELA_SYNTHETIC_FIXTURE,SYN_C,2026-07-26T00:00:00Z
SYN_A,AAA,合成市场A,合成指数A,cash_index,price,AAA,Etc/UTC,35.0,-95.0,2024-10-18,2024-10-18T00:00:00Z,2024-10-18T06:00:00Z,114.76290952,GELA_SYNTHETIC_FIXTURE,SYN_A,2026-07-26T00:00:00Z
SYN_B,BBB,合成市场B,合成指数B,cash_index,price,BBB,Etc/UTC,37.0,127.0,2024-10-18,2024-10-18T08:00:00Z,2024-10-18T14:00:00Z,115.00508946,GELA_SYNTHETIC_FIXTURE,SYN_B,2026-07-26T00:00:00Z
SYN_C,CCC,合成市场C,合成指数C,cash_index,price,CCC,Etc/UTC,51.0,10.0,2024-10-18,2024-10-18T15:00:00Z,2024-10-18T21:00:00Z,121.15079137,GELA_SYNTHETIC_FIXTURE,SYN_C,2026-07-26T00:00:00Z
SYN_A,AAA,合成市场A,合成指数A,cash_index,price,AAA,Etc/UTC,35.0,-95.0,2024-10-21,2024-10-21T00:00:00Z,2024-10-21T06:00:00Z,113.94200461,GELA_SYNTHETIC_FIXTURE,SYN_A,2026-07-26T00:00:00Z
SYN_B,BBB,合成市场B,合成指数B,cash_index,price,BBB,Etc/UTC,37.0,127.0,2024-10-21,2024-10-21T08:00:00Z,2024-10-21T14:00:00Z,113.47309842,GELA_SYNTHETIC_FIXTURE,SYN_B,2026-07-26T00:00:00Z
SYN_C,CCC,合成市场C,合成指数C,cash_index,price,CCC,Etc/UTC,51.0,10.0,2024-10-21,2024-10-21T15:00:00Z,2024-10-21T21:00:00Z,120.85966815,GELA_SYNTHETIC_FIXTURE,SYN_C,2026-07-26T00:00:00Z
SYN_A,AAA,合成市场A,合成指数A,cash_index,price,AAA,Etc/UTC,35.0,-95.0,2024-10-22,2024-10-22T00:00:00Z,2024-10-22T06:00:00Z,113.60669277,GELA_SYNTHETIC_FIXTURE,SYN_A,2026-07-26T00:00:00Z
SYN_B,BBB,合成市场B,合成指数B,cash_index,price,BBB,Etc/UTC,37.0,127.0,2024-10-22,2024-10-22T08:00:00Z,2024-10-22T14:00:00Z,113.91304157,GELA_SYNTHETIC_FIXTURE,SYN_B,2026-07-26T00:00:00Z
SYN_C,CCC,合成市场C,合成指数C,cash_index,price,CCC,Etc/UTC,51.0,10.0,2024-10-22,2024-10-22T15:00:00Z,2024-10-22T21:00:00Z,119.79224759,GELA_SYNTHETIC_FIXTURE,SYN_C,2026-07-26T00:00:00Z
SYN_A,AAA,合成市场A,合成指数A,cash_index,price,AAA,Etc/UTC,35.0,-95.0,2024-10-23,2024-10-23T00:00:00Z,2024-10-23T06:00:00Z,112.96148534,GELA_SYNTHETIC_FIXTURE,SYN_A,2026-07-26T00:00:00Z
SYN_B,BBB,合成市场B,合成指数B,cash_index,price,BBB,Etc/UTC,37.0,127.0,2024-10-23,2024-10-23T08:00:00Z,2024-10-23T14:00:00Z,113.56448067,GELA_SYNTHETIC_FIXTURE,SYN_B,2026-07-26T00:00:00Z
SYN_C,CCC,合成市场C,合成指数C,cash_index,price,CCC,Etc/UTC,51.0,10.0,2024-10-23,2024-10-23T15:00:00Z,2024-10-23T21:00:00Z,119.81012799,GELA_SYNTHETIC_FIXTURE,SYN_C,2026-07-26T00:00:00Z
SYN_A,AAA,合成市场A,合成指数A,cash_index,price,AAA,Etc/UTC,35.0,-95.0,2024-10-24,2024-10-24T00:00:00Z,2024-10-24T06:00:00Z,112.27408292,GELA_SYNTHETIC_FIXTURE,SYN_A,2026-07-26T00:00:00Z
SYN_B,BBB,合成市场B,合成指数B,cash_index,price,BBB,Etc/UTC,37.0,127.0,2024-10-24,2024-10-24T08:00:00Z,2024-10-24T14:00:00Z,113.60628826,GELA_SYNTHETIC_FIXTURE,SYN_B,2026-07-26T00:00:00Z
SYN_C,CCC,合成市场C,合成指数C,cash_index,price,CCC,Etc/UTC,51.0,10.0,2024-10-24,2024-10-24T15:00:00Z,2024-10-24T21:00:00Z,120.46442097,GELA_SYNTHETIC_FIXTURE,SYN_C,2026-07-26T00:00:00Z
SYN_A,AAA,合成市场A,合成指数A,cash_index,price,AAA,Etc/UTC,35.0,-95.0,2024-10-25,2024-10-25T00:00:00Z,2024-10-25T06:00:00Z,110.62279166,GELA_SYNTHETIC_FIXTURE,SYN_A,2026-07-26T00:00:00Z
SYN_B,BBB,合成市场B,合成指数B,cash_index,price,BBB,Etc/UTC,37.0,127.0,2024-10-25,2024-10-25T08:00:00Z,2024-10-25T14:00:00Z,112.27712481,GELA_SYNTHETIC_FIXTURE,SYN_B,2026-07-26T00:00:00Z
SYN_C,CCC,合成市场C,合成指数C,cash_index,price,CCC,Etc/UTC,51.0,10.0,2024-10-25,2024-10-25T15:00:00Z,2024-10-25T21:00:00Z,120.27836340,GELA_SYNTHETIC_FIXTURE,SYN_C,2026-07-26T00:00:00Z
SYN_A,AAA,合成市场A,合成指数A,cash_index,price,AAA,Etc/UTC,35.0,-95.0,2024-10-28,2024-10-28T00:00:00Z,2024-10-28T06:00:00Z,110.49134002,GELA_SYNTHETIC_FIXTURE,SYN_A,2026-07-26T00:00:00Z
SYN_B,BBB,合成市场B,合成指数B,cash_index,price,BBB,Etc/UTC,37.0,127.0,2024-10-28,2024-10-28T08:00:00Z,2024-10-28T14:00:00Z,112.15139896,GELA_SYNTHETIC_FIXTURE,SYN_B,2026-07-26T00:00:00Z
SYN_C,CCC,合成市场C,合成指数C,cash_index,price,CCC,Etc/UTC,51.0,10.0,2024-10-28,2024-10-28T15:00:00Z,2024-10-28T21:00:00Z,118.70641762,GELA_SYNTHETIC_FIXTURE,SYN_C,2026-07-26T00:00:00Z
SYN_A,AAA,合成市场A,合成指数A,cash_index,price,AAA,Etc/UTC,35.0,-95.0,2024-10-29,2024-10-29T00:00:00Z,2024-10-29T06:00:00Z,110.65036101,GELA_SYNTHETIC_FIXTURE,SYN_A,2026-07-26T00:00:00Z
SYN_B,BBB,合成市场B,合成指数B,cash_index,price,BBB,Etc/UTC,37.0,127.0,2024-10-29,2024-10-29T08:00:00Z,2024-10-29T14:00:00Z,112.53727764,GELA_SYNTHETIC_FIXTURE,SYN_B,2026-07-26T00:00:00Z
SYN_C,CCC,合成市场C,合成指数C,cash_index,price,CCC,Etc/UTC,51.0,10.0,2024-10-29,2024-10-29T15:00:00Z,2024-10-29T21:00:00Z,117.86330961,GELA_SYNTHETIC_FIXTURE,SYN_C,2026-07-26T00:00:00Z
SYN_A,AAA,合成市场A,合成指数A,cash_index,price,AAA,Etc/UTC,35.0,-95.0,2024-10-30,2024-10-30T00:00:00Z,2024-10-30T06:00:00Z,111.10886306,GELA_SYNTHETIC_FIXTURE,SYN_A,2026-07-26T00:00:00Z
SYN_B,BBB,合成市场B,合成指数B,cash_index,price,BBB,Etc/UTC,37.0,127.0,2024-10-30,2024-10-30T08:00:00Z,2024-10-30T14:00:00Z,112.62225401,GELA_SYNTHETIC_FIXTURE,SYN_B,2026-07-26T00:00:00Z
SYN_C,CCC,合成市场C,合成指数C,cash_index,price,CCC,Etc/UTC,51.0,10.0,2024-10-30,2024-10-30T15:00:00Z,2024-10-30T21:00:00Z,117.05357652,GELA_SYNTHETIC_FIXTURE,SYN_C,2026-07-26T00:00:00Z
SYN_A,AAA,合成市场A,合成指数A,cash_index,price,AAA,Etc/UTC,35.0,-95.0,2024-10-31,2024-10-31T00:00:00Z,2024-10-31T06:00:00Z,109.70993467,GELA_SYNTHETIC_FIXTURE,SYN_A,2026-07-26T00:00:00Z
SYN_B,BBB,合成市场B,合成指数B,cash_index,price,BBB,Etc/UTC,37.0,127.0,2024-10-31,2024-10-31T08:00:00Z,2024-10-31T14:00:00Z,111.08193521,GELA_SYNTHETIC_FIXTURE,SYN_B,2026-07-26T00:00:00Z
SYN_C,CCC,合成市场C,合成指数C,cash_index,price,CCC,Etc/UTC,51.0,10.0,2024-10-31,2024-10-31T15:00:00Z,2024-10-31T21:00:00Z,115.97101291,GELA_SYNTHETIC_FIXTURE,SYN_C,2026-07-26T00:00:00Z
SYN_A,AAA,合成市场A,合成指数A,cash_index,price,AAA,Etc/UTC,35.0,-95.0,2024-11-01,2024-11-01T00:00:00Z,2024-11-01T06:00:00Z,111.95528054,GELA_SYNTHETIC_FIXTURE,SYN_A,2026-07-26T00:00:00Z
SYN_B,BBB,合成市场B,合成指数B,cash_index,price,BBB,Etc/UTC,37.0,127.0,2024-11-01,2024-11-01T08:00:00Z,2024-11-01T14:00:00Z,112.93137354,GELA_SYNTHETIC_FIXTURE,SYN_B,2026-07-26T00:00:00Z
SYN_C,CCC,合成市场C,合成指数C,cash_index,price,CCC,Etc/UTC,51.0,10.0,2024-11-01,2024-11-01T15:00:00Z,2024-11-01T21:00:00Z,116.33076444,GELA_SYNTHETIC_FIXTURE,SYN_C,2026-07-26T00:00:00Z
SYN_A,AAA,合成市场A,合成指数A,cash_index,price,AAA,Etc/UTC,35.0,-95.0,2024-11-04,2024-11-04T00:00:00Z,2024-11-04T06:00:00Z,110.33868118,GELA_SYNTHETIC_FIXTURE,SYN_A,2026-07-26T00:00:00Z
SYN_B,BBB,合成市场B,合成指数B,cash_index,price,BBB,Etc/UTC,37.0,127.0,2024-11-04,2024-11-04T08:00:00Z,2024-11-04T14:00:00Z,112.35425947,GELA_SYNTHETIC_FIXTURE,SYN_B,2026-07-26T00:00:00Z
SYN_C,CCC,合成市场C,合成指数C,cash_index,price,CCC,Etc/UTC,51.0,10.0,2024-11-04,2024-11-04T15:00:00Z,2024-11-04T21:00:00Z,117.43738424,GELA_SYNTHETIC_FIXTURE,SYN_C,2026-07-26T00:00:00Z
SYN_A,AAA,合成市场A,合成指数A,cash_index,price,AAA,Etc/UTC,35.0,-95.0,2024-11-05,2024-11-05T00:00:00Z,2024-11-05T06:00:00Z,109.19378486,GELA_SYNTHETIC_FIXTURE,SYN_A,2026-07-26T00:00:00Z
SYN_B,BBB,合成市场B,合成指数B,cash_index,price,BBB,Etc/UTC,37.0,127.0,2024-11-05,2024-11-05T08:00:00Z,2024-11-05T14:00:00Z,111.96477118,GELA_SYNTHETIC_FIXTURE,SYN_B,2026-07-26T00:00:00Z
SYN_C,CCC,合成市场C,合成指数C,cash_index,price,CCC,Etc/UTC,51.0,10.0,2024-11-05,2024-11-05T15:00:00Z,2024-11-05T21:00:00Z,118.59081705,GELA_SYNTHETIC_FIXTURE,SYN_C,2026-07-26T00:00:00Z
SYN_A,AAA,合成市场A,合成指数A,cash_index,price,AAA,Etc/UTC,35.0,-95.0,2024-11-06,2024-11-06T00:00:00Z,2024-11-06T06:00:00Z,107.45385306,GELA_SYNTHETIC_FIXTURE,SYN_A,2026-07-26T00:00:00Z
SYN_B,BBB,合成市场B,合成指数B,cash_index,price,BBB,Etc/UTC,37.0,127.0,2024-11-06,2024-11-06T08:00:00Z,2024-11-06T14:00:00Z,110.23023984,GELA_SYNTHETIC_FIXTURE,SYN_B,2026-07-26T00:00:00Z
SYN_C,CCC,合成市场C,合成指数C,cash_index,price,CCC,Etc/UTC,51.0,10.0,2024-11-06,2024-11-06T15:00:00Z,2024-11-06T21:00:00Z,117.75134777,GELA_SYNTHETIC_FIXTURE,SYN_C,2026-07-26T00:00:00Z
SYN_A,AAA,合成市场A,合成指数A,cash_index,price,AAA,Etc/UTC,35.0,-95.0,2024-11-07,2024-11-07T00:00:00Z,2024-11-07T06:00:00Z,106.30106486,GELA_SYNTHETIC_FIXTURE,SYN_A,2026-07-26T00:00:00Z
SYN_B,BBB,合成市场B,合成指数B,cash_index,price,BBB,Etc/UTC,37.0,127.0,2024-11-07,2024-11-07T08:00:00Z,2024-11-07T14:00:00Z,109.06364596,GELA_SYNTHETIC_FIXTURE,SYN_B,2026-07-26T00:00:00Z
SYN_C,CCC,合成市场C,合成指数C,cash_index,price,CCC,Etc/UTC,51.0,10.0,2024-11-07,2024-11-07T15:00:00Z,2024-11-07T21:00:00Z,115.94854749,GELA_SYNTHETIC_FIXTURE,SYN_C,2026-07-26T00:00:00Z
SYN_A,AAA,合成市场A,合成指数A,cash_index,price,AAA,Etc/UTC,35.0,-95.0,2024-11-08,2024-11-08T00:00:00Z,2024-11-08T06:00:00Z,105.63208796,GELA_SYNTHETIC_FIXTURE,SYN_A,2026-07-26T00:00:00Z
SYN_B,BBB,合成市场B,合成指数B,cash_index,price,BBB,Etc/UTC,37.0,127.0,2024-11-08,2024-11-08T08:00:00Z,2024-11-08T14:00:00Z,108.01213658,GELA_SYNTHETIC_FIXTURE,SYN_B,2026-07-26T00:00:00Z
SYN_C,CCC,合成市场C,合成指数C,cash_index,price,CCC,Etc/UTC,51.0,10.0,2024-11-08,2024-11-08T15:00:00Z,2024-11-08T21:00:00Z,115.68696794,GELA_SYNTHETIC_FIXTURE,SYN_C,2026-07-26T00:00:00Z
SYN_A,AAA,合成市场A,合成指数A,cash_index,price,AAA,Etc/UTC,35.0,-95.0,2024-11-11,2024-11-11T00:00:00Z,2024-11-11T06:00:00Z,106.11346401,GELA_SYNTHETIC_FIXTURE,SYN_A,2026-07-26T00:00:00Z
SYN_B,BBB,合成市场B,合成指数B,cash_index,price,BBB,Etc/UTC,37.0,127.0,2024-11-11,2024-11-11T08:00:00Z,2024-11-11T14:00:00Z,108.42484572,GELA_SYNTHETIC_FIXTURE,SYN_B,2026-07-26T00:00:00Z
SYN_C,CCC,合成市场C,合成指数C,cash_index,price,CCC,Etc/UTC,51.0,10.0,2024-11-11,2024-11-11T15:00:00Z,2024-11-11T21:00:00Z,115.10697937,GELA_SYNTHETIC_FIXTURE,SYN_C,2026-07-26T00:00:00Z
SYN_A,AAA,合成市场A,合成指数A,cash_index,price,AAA,Etc/UTC,35.0,-95.0,2024-11-12,2024-11-12T00:00:00Z,2024-11-12T06:00:00Z,107.13220028,GELA_SYNTHETIC_FIXTURE,SYN_A,2026-07-26T00:00:00Z
SYN_B,BBB,合成市场B,合成指数B,cash_index,price,BBB,Etc/UTC,37.0,127.0,2024-11-12,2024-11-12T08:00:00Z,2024-11-12T14:00:00Z,109.16775923,GELA_SYNTHETIC_FIXTURE,SYN_B,2026-07-26T00:00:00Z
SYN_C,CCC,合成市场C,合成指数C,cash_index,price,CCC,Etc/UTC,51.0,10.0,2024-11-12,2024-11-12T15:00:00Z,2024-11-12T21:00:00Z,115.04289558,GELA_SYNTHETIC_FIXTURE,SYN_C,2026-07-26T00:00:00Z
SYN_A,AAA,合成市场A,合成指数A,cash_index,price,AAA,Etc/UTC,35.0,-95.0,2024-11-13,2024-11-13T00:00:00Z,2024-11-13T06:00:00Z,107.11017671,GELA_SYNTHETIC_FIXTURE,SYN_A,2026-07-26T00:00:00Z
SYN_B,BBB,合成市场B,合成指数B,cash_index,price,BBB,Etc/UTC,37.0,127.0,2024-11-13,2024-11-13T08:00:00Z,2024-11-13T14:00:00Z,109.45204457,GELA_SYNTHETIC_FIXTURE,SYN_B,2026-07-26T00:00:00Z
SYN_C,CCC,合成市场C,合成指数C,cash_index,price,CCC,Etc/UTC,51.0,10.0,2024-11-13,2024-11-13T15:00:00Z,2024-11-13T21:00:00Z,113.70741842,GELA_SYNTHETIC_FIXTURE,SYN_C,2026-07-26T00:00:00Z
SYN_A,AAA,合成市场A,合成指数A,cash_index,price,AAA,Etc/UTC,35.0,-95.0,2024-11-14,2024-11-14T00:00:00Z,2024-11-14T06:00:00Z,107.36988211,GELA_SYNTHETIC_FIXTURE,SYN_A,2026-07-26T00:00:00Z
SYN_B,BBB,合成市场B,合成指数B,cash_index,price,BBB,Etc/UTC,37.0,127.0,2024-11-14,2024-11-14T08:00:00Z,2024-11-14T14:00:00Z,109.52106722,GELA_SYNTHETIC_FIXTURE,SYN_B,2026-07-26T00:00:00Z
SYN_C,CCC,合成市场C,合成指数C,cash_index,price,CCC,Etc/UTC,51.0,10.0,2024-11-14,2024-11-14T15:00:00Z,2024-11-14T21:00:00Z,114.10373053,GELA_SYNTHETIC_FIXTURE,SYN_C,2026-07-26T00:00:00Z
SYN_A,AAA,合成市场A,合成指数A,cash_index,price,AAA,Etc/UTC,35.0,-95.0,2024-11-15,2024-11-15T00:00:00Z,2024-11-15T06:00:00Z,107.17672065,GELA_SYNTHETIC_FIXTURE,SYN_A,2026-07-26T00:00:00Z
SYN_B,BBB,合成市场B,合成指数B,cash_index,price,BBB,Etc/UTC,37.0,127.0,2024-11-15,2024-11-15T08:00:00Z,2024-11-15T14:00:00Z,109.25036399,GELA_SYNTHETIC_FIXTURE,SYN_B,2026-07-26T00:00:00Z
SYN_C,CCC,合成市场C,合成指数C,cash_index,price,CCC,Etc/UTC,51.0,10.0,2024-11-15,2024-11-15T15:00:00Z,2024-11-15T21:00:00Z,113.87552236,GELA_SYNTHETIC_FIXTURE,SYN_C,2026-07-26T00:00:00Z
SYN_A,AAA,合成市场A,合成指数A,cash_index,price,AAA,Etc/UTC,35.0,-95.0,2024-11-18,2024-11-18T00:00:00Z,2024-11-18T06:00:00Z,106.16958574,GELA_SYNTHETIC_FIXTURE,SYN_A,2026-07-26T00:00:00Z
SYN_B,BBB,合成市场B,合成指数B,cash_index,price,BBB,Etc/UTC,37.0,127.0,2024-11-18,2024-11-18T08:00:00Z,2024-11-18T14:00:00Z,108.49161956,GELA_SYNTHETIC_FIXTURE,SYN_B,2026-07-26T00:00:00Z
SYN_C,CCC,合成市场C,合成指数C,cash_index,price,CCC,Etc/UTC,51.0,10.0,2024-11-18,2024-11-18T15:00:00Z,2024-11-18T21:00:00Z,112.42434501,GELA_SYNTHETIC_FIXTURE,SYN_C,2026-07-26T00:00:00Z
SYN_A,AAA,合成市场A,合成指数A,cash_index,price,AAA,Etc/UTC,35.0,-95.0,2024-11-19,2024-11-19T00:00:00Z,2024-11-19T06:00:00Z,106.75543697,GELA_SYNTHETIC_FIXTURE,SYN_A,2026-07-26T00:00:00Z
SYN_B,BBB,合成市场B,合成指数B,cash_index,price,BBB,Etc/UTC,37.0,127.0,2024-11-19,2024-11-19T08:00:00Z,2024-11-19T14:00:00Z,109.53842745,GELA_SYNTHETIC_FIXTURE,SYN_B,2026-07-26T00:00:00Z
SYN_C,CCC,合成市场C,合成指数C,cash_index,price,CCC,Etc/UTC,51.0,10.0,2024-11-19,2024-11-19T15:00:00Z,2024-11-19T21:00:00Z,111.58049901,GELA_SYNTHETIC_FIXTURE,SYN_C,2026-07-26T00:00:00Z
SYN_A,AAA,合成市场A,合成指数A,cash_index,price,AAA,Etc/UTC,35.0,-95.0,2024-11-20,2024-11-20T00:00:00Z,2024-11-20T06:00:00Z,106.95139808,GELA_SYNTHETIC_FIXTURE,SYN_A,2026-07-26T00:00:00Z
SYN_B,BBB,合成市场B,合成指数B,cash_index,price,BBB,Etc/UTC,37.0,127.0,2024-11-20,2024-11-20T08:00:00Z,2024-11-20T14:00:00Z,109.16126197,GELA_SYNTHETIC_FIXTURE,SYN_B,2026-07-26T00:00:00Z
SYN_C,CCC,合成市场C,合成指数C,cash_index,price,CCC,Etc/UTC,51.0,10.0,2024-11-20,2024-11-20T15:00:00Z,2024-11-20T21:00:00Z,113.03404646,GELA_SYNTHETIC_FIXTURE,SYN_C,2026-07-26T00:00:00Z
SYN_A,AAA,合成市场A,合成指数A,cash_index,price,AAA,Etc/UTC,35.0,-95.0,2024-11-21,2024-11-21T00:00:00Z,2024-11-21T06:00:00Z,106.79043434,GELA_SYNTHETIC_FIXTURE,SYN_A,2026-07-26T00:00:00Z
SYN_B,BBB,合成市场B,合成指数B,cash_index,price,BBB,Etc/UTC,37.0,127.0,2024-11-21,2024-11-21T08:00:00Z,2024-11-21T14:00:00Z,108.95730292,GELA_SYNTHETIC_FIXTURE,SYN_B,2026-07-26T00:00:00Z
SYN_C,CCC,合成市场C,合成指数C,cash_index,price,CCC,Etc/UTC,51.0,10.0,2024-11-21,2024-11-21T15:00:00Z,2024-11-21T21:00:00Z,112.41190178,GELA_SYNTHETIC_FIXTURE,SYN_C,2026-07-26T00:00:00Z
SYN_A,AAA,合成市场A,合成指数A,cash_index,price,AAA,Etc/UTC,35.0,-95.0,2024-11-22,2024-11-22T00:00:00Z,2024-11-22T06:00:00Z,105.70786890,GELA_SYNTHETIC_FIXTURE,SYN_A,2026-07-26T00:00:00Z
SYN_B,BBB,合成市场B,合成指数B,cash_index,price,BBB,Etc/UTC,37.0,127.0,2024-11-22,2024-11-22T08:00:00Z,2024-11-22T14:00:00Z,108.70126706,GELA_SYNTHETIC_FIXTURE,SYN_B,2026-07-26T00:00:00Z
SYN_C,CCC,合成市场C,合成指数C,cash_index,price,CCC,Etc/UTC,51.0,10.0,2024-11-22,2024-11-22T15:00:00Z,2024-11-22T21:00:00Z,111.30399613,GELA_SYNTHETIC_FIXTURE,SYN_C,2026-07-26T00:00:00Z
SYN_A,AAA,合成市场A,合成指数A,cash_index,price,AAA,Etc/UTC,35.0,-95.0,2024-11-25,2024-11-25T00:00:00Z,2024-11-25T06:00:00Z,104.42475698,GELA_SYNTHETIC_FIXTURE,SYN_A,2026-07-26T00:00:00Z
SYN_B,BBB,合成市场B,合成指数B,cash_index,price,BBB,Etc/UTC,37.0,127.0,2024-11-25,2024-11-25T08:00:00Z,2024-11-25T14:00:00Z,107.64562224,GELA_SYNTHETIC_FIXTURE,SYN_B,2026-07-26T00:00:00Z
SYN_C,CCC,合成市场C,合成指数C,cash_index,price,CCC,Etc/UTC,51.0,10.0,2024-11-25,2024-11-25T15:00:00Z,2024-11-25T21:00:00Z,111.13735063,GELA_SYNTHETIC_FIXTURE,SYN_C,2026-07-26T00:00:00Z
SYN_A,AAA,合成市场A,合成指数A,cash_index,price,AAA,Etc/UTC,35.0,-95.0,2024-11-26,2024-11-26T00:00:00Z,2024-11-26T06:00:00Z,104.52882748,GELA_SYNTHETIC_FIXTURE,SYN_A,2026-07-26T00:00:00Z
SYN_B,BBB,合成市场B,合成指数B,cash_index,price,BBB,Etc/UTC,37.0,127.0,2024-11-26,2024-11-26T08:00:00Z,2024-11-26T14:00:00Z,107.26785604,GELA_SYNTHETIC_FIXTURE,SYN_B,2026-07-26T00:00:00Z
SYN_C,CCC,合成市场C,合成指数C,cash_index,price,CCC,Etc/UTC,51.0,10.0,2024-11-26,2024-11-26T15:00:00Z,2024-11-26T21:00:00Z,110.03974033,GELA_SYNTHETIC_FIXTURE,SYN_C,2026-07-26T00:00:00Z
SYN_A,AAA,合成市场A,合成指数A,cash_index,price,AAA,Etc/UTC,35.0,-95.0,2024-11-27,2024-11-27T00:00:00Z,2024-11-27T06:00:00Z,104.51998385,GELA_SYNTHETIC_FIXTURE,SYN_A,2026-07-26T00:00:00Z
SYN_B,BBB,合成市场B,合成指数B,cash_index,price,BBB,Etc/UTC,37.0,127.0,2024-11-27,2024-11-27T08:00:00Z,2024-11-27T14:00:00Z,107.24652129,GELA_SYNTHETIC_FIXTURE,SYN_B,2026-07-26T00:00:00Z
SYN_C,CCC,合成市场C,合成指数C,cash_index,price,CCC,Etc/UTC,51.0,10.0,2024-11-27,2024-11-27T15:00:00Z,2024-11-27T21:00:00Z,109.56556991,GELA_SYNTHETIC_FIXTURE,SYN_C,2026-07-26T00:00:00Z
SYN_A,AAA,合成市场A,合成指数A,cash_index,price,AAA,Etc/UTC,35.0,-95.0,2024-11-28,2024-11-28T00:00:00Z,2024-11-28T06:00:00Z,106.40109893,GELA_SYNTHETIC_FIXTURE,SYN_A,2026-07-26T00:00:00Z
SYN_B,BBB,合成市场B,合成指数B,cash_index,price,BBB,Etc/UTC,37.0,127.0,2024-11-28,2024-11-28T08:00:00Z,2024-11-28T14:00:00Z,108.59294339,GELA_SYNTHETIC_FIXTURE,SYN_B,2026-07-26T00:00:00Z
SYN_C,CCC,合成市场C,合成指数C,cash_index,price,CCC,Etc/UTC,51.0,10.0,2024-11-28,2024-11-28T15:00:00Z,2024-11-28T21:00:00Z,109.82460945,GELA_SYNTHETIC_FIXTURE,SYN_C,2026-07-26T00:00:00Z
SYN_A,AAA,合成市场A,合成指数A,cash_index,price,AAA,Etc/UTC,35.0,-95.0,2024-11-29,2024-11-29T00:00:00Z,2024-11-29T06:00:00Z,107.33396979,GELA_SYNTHETIC_FIXTURE,SYN_A,2026-07-26T00:00:00Z
SYN_B,BBB,合成市场B,合成指数B,cash_index,price,BBB,Etc/UTC,37.0,127.0,2024-11-29,2024-11-29T08:00:00Z,2024-11-29T14:00:00Z,109.64922790,GELA_SYNTHETIC_FIXTURE,SYN_B,2026-07-26T00:00:00Z
SYN_C,CCC,合成市场C,合成指数C,cash_index,price,CCC,Etc/UTC,51.0,10.0,2024-11-29,2024-11-29T15:00:00Z,2024-11-29T21:00:00Z,108.23075884,GELA_SYNTHETIC_FIXTURE,SYN_C,2026-07-26T00:00:00Z
SYN_A,AAA,合成市场A,合成指数A,cash_index,price,AAA,Etc/UTC,35.0,-95.0,2024-12-02,2024-12-02T00:00:00Z,2024-12-02T06:00:00Z,107.89217078,GELA_SYNTHETIC_FIXTURE,SYN_A,2026-07-26T00:00:00Z
SYN_B,BBB,合成市场B,合成指数B,cash_index,price,BBB,Etc/UTC,37.0,127.0,2024-12-02,2024-12-02T08:00:00Z,2024-12-02T14:00:00Z,109.98204100,GELA_SYNTHETIC_FIXTURE,SYN_B,2026-07-26T00:00:00Z
SYN_C,CCC,合成市场C,合成指数C,cash_index,price,CCC,Etc/UTC,51.0,10.0,2024-12-02,2024-12-02T15:00:00Z,2024-12-02T21:00:00Z,107.57736087,GELA_SYNTHETIC_FIXTURE,SYN_C,2026-07-26T00:00:00Z
SYN_A,AAA,合成市场A,合成指数A,cash_index,price,AAA,Etc/UTC,35.0,-95.0,2024-12-03,2024-12-03T00:00:00Z,2024-12-03T06:00:00Z,106.54087009,GELA_SYNTHETIC_FIXTURE,SYN_A,2026-07-26T00:00:00Z
SYN_B,BBB,合成市场B,合成指数B,cash_index,price,BBB,Etc/UTC,37.0,127.0,2024-12-03,2024-12-03T08:00:00Z,2024-12-03T14:00:00Z,108.44160891,GELA_SYNTHETIC_FIXTURE,SYN_B,2026-07-26T00:00:00Z
SYN_C,CCC,合成市场C,合成指数C,cash_index,price,CCC,Etc/UTC,51.0,10.0,2024-12-03,2024-12-03T15:00:00Z,2024-12-03T21:00:00Z,104.49717436,GELA_SYNTHETIC_FIXTURE,SYN_C,2026-07-26T00:00:00Z
SYN_A,AAA,合成市场A,合成指数A,cash_index,price,AAA,Etc/UTC,35.0,-95.0,2024-12-04,2024-12-04T00:00:00Z,2024-12-04T06:00:00Z,106.35912568,GELA_SYNTHETIC_FIXTURE,SYN_A,2026-07-26T00:00:00Z
SYN_B,BBB,合成市场B,合成指数B,cash_index,price,BBB,Etc/UTC,37.0,127.0,2024-12-04,2024-12-04T08:00:00Z,2024-12-04T14:00:00Z,108.66570869,GELA_SYNTHETIC_FIXTURE,SYN_B,2026-07-26T00:00:00Z
SYN_C,CCC,合成市场C,合成指数C,cash_index,price,CCC,Etc/UTC,51.0,10.0,2024-12-04,2024-12-04T15:00:00Z,2024-12-04T21:00:00Z,102.47851158,GELA_SYNTHETIC_FIXTURE,SYN_C,2026-07-26T00:00:00Z
SYN_A,AAA,合成市场A,合成指数A,cash_index,price,AAA,Etc/UTC,35.0,-95.0,2024-12-05,2024-12-05T00:00:00Z,2024-12-05T06:00:00Z,107.03144057,GELA_SYNTHETIC_FIXTURE,SYN_A,2026-07-26T00:00:00Z
SYN_B,BBB,合成市场B,合成指数B,cash_index,price,BBB,Etc/UTC,37.0,127.0,2024-12-05,2024-12-05T08:00:00Z,2024-12-05T14:00:00Z,108.15766554,GELA_SYNTHETIC_FIXTURE,SYN_B,2026-07-26T00:00:00Z
SYN_C,CCC,合成市场C,合成指数C,cash_index,price,CCC,Etc/UTC,51.0,10.0,2024-12-05,2024-12-05T15:00:00Z,2024-12-05T21:00:00Z,102.81900524,GELA_SYNTHETIC_FIXTURE,SYN_C,2026-07-26T00:00:00Z
SYN_A,AAA,合成市场A,合成指数A,cash_index,price,AAA,Etc/UTC,35.0,-95.0,2024-12-06,2024-12-06T00:00:00Z,2024-12-06T06:00:00Z,109.26545431,GELA_SYNTHETIC_FIXTURE,SYN_A,2026-07-26T00:00:00Z
SYN_B,BBB,合成市场B,合成指数B,cash_index,price,BBB,Etc/UTC,37.0,127.0,2024-12-06,2024-12-06T08:00:00Z,2024-12-06T14:00:00Z,110.53714060,GELA_SYNTHETIC_FIXTURE,SYN_B,2026-07-26T00:00:00Z
SYN_C,CCC,合成市场C,合成指数C,cash_index,price,CCC,Etc/UTC,51.0,10.0,2024-12-06,2024-12-06T15:00:00Z,2024-12-06T21:00:00Z,104.39665068,GELA_SYNTHETIC_FIXTURE,SYN_C,2026-07-26T00:00:00Z
SYN_A,AAA,合成市场A,合成指数A,cash_index,price,AAA,Etc/UTC,35.0,-95.0,2024-12-09,2024-12-09T00:00:00Z,2024-12-09T06:00:00Z,109.48371813,GELA_SYNTHETIC_FIXTURE,SYN_A,2026-07-26T00:00:00Z
SYN_B,BBB,合成市场B,合成指数B,cash_index,price,BBB,Etc/UTC,37.0,127.0,2024-12-09,2024-12-09T08:00:00Z,2024-12-09T14:00:00Z,111.09007605,GELA_SYNTHETIC_FIXTURE,SYN_B,2026-07-26T00:00:00Z
SYN_C,CCC,合成市场C,合成指数C,cash_index,price,CCC,Etc/UTC,51.0,10.0,2024-12-09,2024-12-09T15:00:00Z,2024-12-09T21:00:00Z,104.65562001,GELA_SYNTHETIC_FIXTURE,SYN_C,2026-07-26T00:00:00Z
SYN_A,AAA,合成市场A,合成指数A,cash_index,price,AAA,Etc/UTC,35.0,-95.0,2024-12-10,2024-12-10T00:00:00Z,2024-12-10T06:00:00Z,109.79465728,GELA_SYNTHETIC_FIXTURE,SYN_A,2026-07-26T00:00:00Z
SYN_B,BBB,合成市场B,合成指数B,cash_index,price,BBB,Etc/UTC,37.0,127.0,2024-12-10,2024-12-10T08:00:00Z,2024-12-10T14:00:00Z,111.12925064,GELA_SYNTHETIC_FIXTURE,SYN_B,2026-07-26T00:00:00Z
SYN_C,CCC,合成市场C,合成指数C,cash_index,price,CCC,Etc/UTC,51.0,10.0,2024-12-10,2024-12-10T15:00:00Z,2024-12-10T21:00:00Z,104.08777197,GELA_SYNTHETIC_FIXTURE,SYN_C,2026-07-26T00:00:00Z
SYN_A,AAA,合成市场A,合成指数A,cash_index,price,AAA,Etc/UTC,35.0,-95.0,2024-12-11,2024-12-11T00:00:00Z,2024-12-11T06:00:00Z,108.54621764,GELA_SYNTHETIC_FIXTURE,SYN_A,2026-07-26T00:00:00Z
SYN_B,BBB,合成市场B,合成指数B,cash_index,price,BBB,Etc/UTC,37.0,127.0,2024-12-11,2024-12-11T08:00:00Z,2024-12-11T14:00:00Z,110.23897779,GELA_SYNTHETIC_FIXTURE,SYN_B,2026-07-26T00:00:00Z
SYN_C,CCC,合成市场C,合成指数C,cash_index,price,CCC,Etc/UTC,51.0,10.0,2024-12-11,2024-12-11T15:00:00Z,2024-12-11T21:00:00Z,104.74254640,GELA_SYNTHETIC_FIXTURE,SYN_C,2026-07-26T00:00:00Z
SYN_A,AAA,合成市场A,合成指数A,cash_index,price,AAA,Etc/UTC,35.0,-95.0,2024-12-12,2024-12-12T00:00:00Z,2024-12-12T06:00:00Z,106.77072958,GELA_SYNTHETIC_FIXTURE,SYN_A,2026-07-26T00:00:00Z
SYN_B,BBB,合成市场B,合成指数B,cash_index,price,BBB,Etc/UTC,37.0,127.0,2024-12-12,2024-12-12T08:00:00Z,2024-12-12T14:00:00Z,108.74901251,GELA_SYNTHETIC_FIXTURE,SYN_B,2026-07-26T00:00:00Z
SYN_C,CCC,合成市场C,合成指数C,cash_index,price,CCC,Etc/UTC,51.0,10.0,2024-12-12,2024-12-12T15:00:00Z,2024-12-12T21:00:00Z,103.47392014,GELA_SYNTHETIC_FIXTURE,SYN_C,2026-07-26T00:00:00Z
SYN_A,AAA,合成市场A,合成指数A,cash_index,price,AAA,Etc/UTC,35.0,-95.0,2024-12-13,2024-12-13T00:00:00Z,2024-12-13T06:00:00Z,108.26303925,GELA_SYNTHETIC_FIXTURE,SYN_A,2026-07-26T00:00:00Z
SYN_B,BBB,合成市场B,合成指数B,cash_index,price,BBB,Etc/UTC,37.0,127.0,2024-12-13,2024-12-13T08:00:00Z,2024-12-13T14:00:00Z,110.09697680,GELA_SYNTHETIC_FIXTURE,SYN_B,2026-07-26T00:00:00Z
SYN_C,CCC,合成市场C,合成指数C,cash_index,price,CCC,Etc/UTC,51.0,10.0,2024-12-13,2024-12-13T15:00:00Z,2024-12-13T21:00:00Z,102.56613633,GELA_SYNTHETIC_FIXTURE,SYN_C,2026-07-26T00:00:00Z
SYN_A,AAA,合成市场A,合成指数A,cash_index,price,AAA,Etc/UTC,35.0,-95.0,2024-12-16,2024-12-16T00:00:00Z,2024-12-16T06:00:00Z,109.42512113,GELA_SYNTHETIC_FIXTURE,SYN_A,2026-07-26T00:00:00Z
SYN_B,BBB,合成市场B,合成指数B,cash_index,price,BBB,Etc/UTC,37.0,127.0,2024-12-16,2024-12-16T08:00:00Z,2024-12-16T14:00:00Z,110.92280225,GELA_SYNTHETIC_FIXTURE,SYN_B,2026-07-26T00:00:00Z
SYN_C,CCC,合成市场C,合成指数C,cash_index,price,CCC,Etc/UTC,51.0,10.0,2024-12-16,2024-12-16T15:00:00Z,2024-12-16T21:00:00Z,101.81510210,GELA_SYNTHETIC_FIXTURE,SYN_C,2026-07-26T00:00:00Z
SYN_A,AAA,合成市场A,合成指数A,cash_index,price,AAA,Etc/UTC,35.0,-95.0,2024-12-17,2024-12-17T00:00:00Z,2024-12-17T06:00:00Z,108.57990102,GELA_SYNTHETIC_FIXTURE,SYN_A,2026-07-26T00:00:00Z
SYN_B,BBB,合成市场B,合成指数B,cash_index,price,BBB,Etc/UTC,37.0,127.0,2024-12-17,2024-12-17T08:00:00Z,2024-12-17T14:00:00Z,110.81155358,GELA_SYNTHETIC_FIXTURE,SYN_B,2026-07-26T00:00:00Z
SYN_C,CCC,合成市场C,合成指数C,cash_index,price,CCC,Etc/UTC,51.0,10.0,2024-12-17,2024-12-17T15:00:00Z,2024-12-17T21:00:00Z,99.87128374,GELA_SYNTHETIC_FIXTURE,SYN_C,2026-07-26T00:00:00Z
SYN_A,AAA,合成市场A,合成指数A,cash_index,price,AAA,Etc/UTC,35.0,-95.0,2024-12-18,2024-12-18T00:00:00Z,2024-12-18T06:00:00Z,109.60339431,GELA_SYNTHETIC_FIXTURE,SYN_A,2026-07-26T00:00:00Z
SYN_B,BBB,合成市场B,合成指数B,cash_index,price,BBB,Etc/UTC,37.0,127.0,2024-12-18,2024-12-18T08:00:00Z,2024-12-18T14:00:00Z,111.62415912,GELA_SYNTHETIC_FIXTURE,SYN_B,2026-07-26T00:00:00Z
SYN_C,CCC,合成市场C,合成指数C,cash_index,price,CCC,Etc/UTC,51.0,10.0,2024-12-18,2024-12-18T15:00:00Z,2024-12-18T21:00:00Z,98.91222343,GELA_SYNTHETIC_FIXTURE,SYN_C,2026-07-26T00:00:00Z
SYN_A,AAA,合成市场A,合成指数A,cash_index,price,AAA,Etc/UTC,35.0,-95.0,2024-12-19,2024-12-19T00:00:00Z,2024-12-19T06:00:00Z,107.75409523,GELA_SYNTHETIC_FIXTURE,SYN_A,2026-07-26T00:00:00Z
SYN_B,BBB,合成市场B,合成指数B,cash_index,price,BBB,Etc/UTC,37.0,127.0,2024-12-19,2024-12-19T08:00:00Z,2024-12-19T14:00:00Z,109.62679935,GELA_SYNTHETIC_FIXTURE,SYN_B,2026-07-26T00:00:00Z
SYN_C,CCC,合成市场C,合成指数C,cash_index,price,CCC,Etc/UTC,51.0,10.0,2024-12-19,2024-12-19T15:00:00Z,2024-12-19T21:00:00Z,98.15917289,GELA_SYNTHETIC_FIXTURE,SYN_C,2026-07-26T00:00:00Z
SYN_A,AAA,合成市场A,合成指数A,cash_index,price,AAA,Etc/UTC,35.0,-95.0,2024-12-20,2024-12-20T00:00:00Z,2024-12-20T06:00:00Z,108.42896632,GELA_SYNTHETIC_FIXTURE,SYN_A,2026-07-26T00:00:00Z
SYN_B,BBB,合成市场B,合成指数B,cash_index,price,BBB,Etc/UTC,37.0,127.0,2024-12-20,2024-12-20T08:00:00Z,2024-12-20T14:00:00Z,110.29348632,GELA_SYNTHETIC_FIXTURE,SYN_B,2026-07-26T00:00:00Z
SYN_C,CCC,合成市场C,合成指数C,cash_index,price,CCC,Etc/UTC,51.0,10.0,2024-12-20,2024-12-20T15:00:00Z,2024-12-20T21:00:00Z,97.45933082,GELA_SYNTHETIC_FIXTURE,SYN_C,2026-07-26T00:00:00Z
SYN_A,AAA,合成市场A,合成指数A,cash_index,price,AAA,Etc/UTC,35.0,-95.0,2024-12-23,2024-12-23T00:00:00Z,2024-12-23T06:00:00Z,106.83446311,GELA_SYNTHETIC_FIXTURE,SYN_A,2026-07-26T00:00:00Z
SYN_B,BBB,合成市场B,合成指数B,cash_index,price,BBB,Etc/UTC,37.0,127.0,2024-12-23,2024-12-23T08:00:00Z,2024-12-23T14:00:00Z,109.30016709,GELA_SYNTHETIC_FIXTURE,SYN_B,2026-07-26T00:00:00Z
SYN_C,CCC,合成市场C,合成指数C,cash_index,price,CCC,Etc/UTC,51.0,10.0,2024-12-23,2024-12-23T15:00:00Z,2024-12-23T21:00:00Z,97.62960504,GELA_SYNTHETIC_FIXTURE,SYN_C,2026-07-26T00:00:00Z
SYN_A,AAA,合成市场A,合成指数A,cash_index,price,AAA,Etc/UTC,35.0,-95.0,2024-12-24,2024-12-24T00:00:00Z,2024-12-24T06:00:00Z,106.92525685,GELA_SYNTHETIC_FIXTURE,SYN_A,2026-07-26T00:00:00Z
SYN_B,BBB,合成市场B,合成指数B,cash_index,price,BBB,Etc/UTC,37.0,127.0,2024-12-24,2024-12-24T08:00:00Z,2024-12-24T14:00:00Z,109.12590678,GELA_SYNTHETIC_FIXTURE,SYN_B,2026-07-26T00:00:00Z
SYN_C,CCC,合成市场C,合成指数C,cash_index,price,CCC,Etc/UTC,51.0,10.0,2024-12-24,2024-12-24T15:00:00Z,2024-12-24T21:00:00Z,96.59579085,GELA_SYNTHETIC_FIXTURE,SYN_C,2026-07-26T00:00:00Z
SYN_A,AAA,合成市场A,合成指数A,cash_index,price,AAA,Etc/UTC,35.0,-95.0,2024-12-25,2024-12-25T00:00:00Z,2024-12-25T06:00:00Z,106.42767402,GELA_SYNTHETIC_FIXTURE,SYN_A,2026-07-26T00:00:00Z
SYN_B,BBB,合成市场B,合成指数B,cash_index,price,BBB,Etc/UTC,37.0,127.0,2024-12-25,2024-12-25T08:00:00Z,2024-12-25T14:00:00Z,110.09695977,GELA_SYNTHETIC_FIXTURE,SYN_B,2026-07-26T00:00:00Z
SYN_C,CCC,合成市场C,合成指数C,cash_index,price,CCC,Etc/UTC,51.0,10.0,2024-12-25,2024-12-25T15:00:00Z,2024-12-25T21:00:00Z,96.29795448,GELA_SYNTHETIC_FIXTURE,SYN_C,2026-07-26T00:00:00Z
SYN_A,AAA,合成市场A,合成指数A,cash_index,price,AAA,Etc/UTC,35.0,-95.0,2024-12-26,2024-12-26T00:00:00Z,2024-12-26T06:00:00Z,107.22265862,GELA_SYNTHETIC_FIXTURE,SYN_A,2026-07-26T00:00:00Z
SYN_B,BBB,合成市场B,合成指数B,cash_index,price,BBB,Etc/UTC,37.0,127.0,2024-12-26,2024-12-26T08:00:00Z,2024-12-26T14:00:00Z,110.75764870,GELA_SYNTHETIC_FIXTURE,SYN_B,2026-07-26T00:00:00Z
SYN_C,CCC,合成市场C,合成指数C,cash_index,price,CCC,Etc/UTC,51.0,10.0,2024-12-26,2024-12-26T15:00:00Z,2024-12-26T21:00:00Z,95.65319192,GELA_SYNTHETIC_FIXTURE,SYN_C,2026-07-26T00:00:00Z
SYN_A,AAA,合成市场A,合成指数A,cash_index,price,AAA,Etc/UTC,35.0,-95.0,2024-12-27,2024-12-27T00:00:00Z,2024-12-27T06:00:00Z,106.32997219,GELA_SYNTHETIC_FIXTURE,SYN_A,2026-07-26T00:00:00Z
SYN_B,BBB,合成市场B,合成指数B,cash_index,price,BBB,Etc/UTC,37.0,127.0,2024-12-27,2024-12-27T08:00:00Z,2024-12-27T14:00:00Z,111.14367633,GELA_SYNTHETIC_FIXTURE,SYN_B,2026-07-26T00:00:00Z
SYN_C,CCC,合成市场C,合成指数C,cash_index,price,CCC,Etc/UTC,51.0,10.0,2024-12-27,2024-12-27T15:00:00Z,2024-12-27T21:00:00Z,98.46065251,GELA_SYNTHETIC_FIXTURE,SYN_C,2026-07-26T00:00:00Z
SYN_A,AAA,合成市场A,合成指数A,cash_index,price,AAA,Etc/UTC,35.0,-95.0,2024-12-30,2024-12-30T00:00:00Z,2024-12-30T06:00:00Z,105.37133820,GELA_SYNTHETIC_FIXTURE,SYN_A,2026-07-26T00:00:00Z
SYN_B,BBB,合成市场B,合成指数B,cash_index,price,BBB,Etc/UTC,37.0,127.0,2024-12-30,2024-12-30T08:00:00Z,2024-12-30T14:00:00Z,110.55105573,GELA_SYNTHETIC_FIXTURE,SYN_B,2026-07-26T00:00:00Z
SYN_C,CCC,合成市场C,合成指数C,cash_index,price,CCC,Etc/UTC,51.0,10.0,2024-12-30,2024-12-30T15:00:00Z,2024-12-30T21:00:00Z,98.53317307,GELA_SYNTHETIC_FIXTURE,SYN_C,2026-07-26T00:00:00Z
SYN_A,AAA,合成市场A,合成指数A,cash_index,price,AAA,Etc/UTC,35.0,-95.0,2024-12-31,2024-12-31T00:00:00Z,2024-12-31T06:00:00Z,104.51359992,GELA_SYNTHETIC_FIXTURE,SYN_A,2026-07-26T00:00:00Z
SYN_B,BBB,合成市场B,合成指数B,cash_index,price,BBB,Etc/UTC,37.0,127.0,2024-12-31,2024-12-31T08:00:00Z,2024-12-31T14:00:00Z,109.57550159,GELA_SYNTHETIC_FIXTURE,SYN_B,2026-07-26T00:00:00Z
SYN_C,CCC,合成市场C,合成指数C,cash_index,price,CCC,Etc/UTC,51.0,10.0,2024-12-31,2024-12-31T15:00:00Z,2024-12-31T21:00:00Z,97.78340332,GELA_SYNTHETIC_FIXTURE,SYN_C,2026-07-26T00:00:00Z
SYN_A,AAA,合成市场A,合成指数A,cash_index,price,AAA,Etc/UTC,35.0,-95.0,2025-01-01,2025-01-01T00:00:00Z,2025-01-01T06:00:00Z,105.85686292,GELA_SYNTHETIC_FIXTURE,SYN_A,2026-07-26T00:00:00Z
SYN_B,BBB,合成市场B,合成指数B,cash_index,price,BBB,Etc/UTC,37.0,127.0,2025-01-01,2025-01-01T08:00:00Z,2025-01-01T14:00:00Z,110.59260842,GELA_SYNTHETIC_FIXTURE,SYN_B,2026-07-26T00:00:00Z
SYN_C,CCC,合成市场C,合成指数C,cash_index,price,CCC,Etc/UTC,51.0,10.0,2025-01-01,2025-01-01T15:00:00Z,2025-01-01T21:00:00Z,97.39653636,GELA_SYNTHETIC_FIXTURE,SYN_C,2026-07-26T00:00:00Z
SYN_A,AAA,合成市场A,合成指数A,cash_index,price,AAA,Etc/UTC,35.0,-95.0,2025-01-02,2025-01-02T00:00:00Z,2025-01-02T06:00:00Z,107.51605631,GELA_SYNTHETIC_FIXTURE,SYN_A,2026-07-26T00:00:00Z
SYN_B,BBB,合成市场B,合成指数B,cash_index,price,BBB,Etc/UTC,37.0,127.0,2025-01-02,2025-01-02T08:00:00Z,2025-01-02T14:00:00Z,111.10441716,GELA_SYNTHETIC_FIXTURE,SYN_B,2026-07-26T00:00:00Z
SYN_C,CCC,合成市场C,合成指数C,cash_index,price,CCC,Etc/UTC,51.0,10.0,2025-01-02,2025-01-02T15:00:00Z,2025-01-02T21:00:00Z,96.74357857,GELA_SYNTHETIC_FIXTURE,SYN_C,2026-07-26T00:00:00Z
SYN_A,AAA,合成市场A,合成指数A,cash_index,price,AAA,Etc/UTC,35.0,-95.0,2025-01-03,2025-01-03T00:00:00Z,2025-01-03T06:00:00Z,107.11847101,GELA_SYNTHETIC_FIXTURE,SYN_A,2026-07-26T00:00:00Z
SYN_B,BBB,合成市场B,合成指数B,cash_index,price,BBB,Etc/UTC,37.0,127.0,2025-01-03,2025-01-03T08:00:00Z,2025-01-03T14:00:00Z,110.89110261,GELA_SYNTHETIC_FIXTURE,SYN_B,2026-07-26T00:00:00Z
SYN_C,CCC,合成市场C,合成指数C,cash_index,price,CCC,Etc/UTC,51.0,10.0,2025-01-03,2025-01-03T15:00:00Z,2025-01-03T21:00:00Z,95.24908118,GELA_SYNTHETIC_FIXTURE,SYN_C,2026-07-26T00:00:00Z
SYN_A,AAA,合成市场A,合成指数A,cash_index,price,AAA,Etc/UTC,35.0,-95.0,2025-01-06,2025-01-06T00:00:00Z,2025-01-06T06:00:00Z,106.63939931,GELA_SYNTHETIC_FIXTURE,SYN_A,2026-07-26T00:00:00Z
SYN_B,BBB,合成市场B,合成指数B,cash_index,price,BBB,Etc/UTC,37.0,127.0,2025-01-06,2025-01-06T08:00:00Z,2025-01-06T14:00:00Z,111.22331124,GELA_SYNTHETIC_FIXTURE,SYN_B,2026-07-26T00:00:00Z
SYN_C,CCC,合成市场C,合成指数C,cash_index,price,CCC,Etc/UTC,51.0,10.0,2025-01-06,2025-01-06T15:00:00Z,2025-01-06T21:00:00Z,94.66296034,GELA_SYNTHETIC_FIXTURE,SYN_C,2026-07-26T00:00:00Z
SYN_A,AAA,合成市场A,合成指数A,cash_index,price,AAA,Etc/UTC,35.0,-95.0,2025-01-07,2025-01-07T00:00:00Z,2025-01-07T06:00:00Z,107.85720071,GELA_SYNTHETIC_FIXTURE,SYN_A,2026-07-26T00:00:00Z
SYN_B,BBB,合成市场B,合成指数B,cash_index,price,BBB,Etc/UTC,37.0,127.0,2025-01-07,2025-01-07T08:00:00Z,2025-01-07T14:00:00Z,112.18559960,GELA_SYNTHETIC_FIXTURE,SYN_B,2026-07-26T00:00:00Z
SYN_C,CCC,合成市场C,合成指数C,cash_index,price,CCC,Etc/UTC,51.0,10.0,2025-01-07,2025-01-07T15:00:00Z,2025-01-07T21:00:00Z,95.19712421,GELA_SYNTHETIC_FIXTURE,SYN_C,2026-07-26T00:00:00Z
SYN_A,AAA,合成市场A,合成指数A,cash_index,price,AAA,Etc/UTC,35.0,-95.0,2025-01-08,2025-01-08T00:00:00Z,2025-01-08T06:00:00Z,108.53704160,GELA_SYNTHETIC_FIXTURE,SYN_A,2026-07-26T00:00:00Z
SYN_B,BBB,合成市场B,合成指数B,cash_index,price,BBB,Etc/UTC,37.0,127.0,2025-01-08,2025-01-08T08:00:00Z,2025-01-08T14:00:00Z,112.41721010,GELA_SYNTHETIC_FIXTURE,SYN_B,2026-07-26T00:00:00Z
SYN_C,CCC,合成市场C,合成指数C,cash_index,price,CCC,Etc/UTC,51.0,10.0,2025-01-08,2025-01-08T15:00:00Z,2025-01-08T21:00:00Z,94.73542481,GELA_SYNTHETIC_FIXTURE,SYN_C,2026-07-26T00:00:00Z
SYN_A,AAA,合成市场A,合成指数A,cash_index,price,AAA,Etc/UTC,35.0,-95.0,2025-01-09,2025-01-09T00:00:00Z,2025-01-09T06:00:00Z,109.10706744,GELA_SYNTHETIC_FIXTURE,SYN_A,2026-07-26T00:00:00Z
SYN_B,BBB,合成市场B,合成指数B,cash_index,price,BBB,Etc/UTC,37.0,127.0,2025-01-09,2025-01-09T08:00:00Z,2025-01-09T14:00:00Z,113.05870717,GELA_SYNTHETIC_FIXTURE,SYN_B,2026-07-26T00:00:00Z
SYN_C,CCC,合成市场C,合成指数C,cash_index,price,CCC,Etc/UTC,51.0,10.0,2025-01-09,2025-01-09T15:00:00Z,2025-01-09T21:00:00Z,93.95589996,GELA_SYNTHETIC_FIXTURE,SYN_C,2026-07-26T00:00:00Z
SYN_A,AAA,合成市场A,合成指数A,cash_index,price,AAA,Etc/UTC,35.0,-95.0,2025-01-10,2025-01-10T00:00:00Z,2025-01-10T06:00:00Z,108.44507822,GELA_SYNTHETIC_FIXTURE,SYN_A,2026-07-26T00:00:00Z
SYN_B,BBB,合成市场B,合成指数B,cash_index,price,BBB,Etc/UTC,37.0,127.0,2025-01-10,2025-01-10T08:00:00Z,2025-01-10T14:00:00Z,111.70310004,GELA_SYNTHETIC_FIXTURE,SYN_B,2026-07-26T00:00:00Z
SYN_C,CCC,合成市场C,合成指数C,cash_index,price,CCC,Etc/UTC,51.0,10.0,2025-01-10,2025-01-10T15:00:00Z,2025-01-10T21:00:00Z,93.54919922,GELA_SYNTHETIC_FIXTURE,SYN_C,2026-07-26T00:00:00Z
SYN_A,AAA,合成市场A,合成指数A,cash_index,price,AAA,Etc/UTC,35.0,-95.0,2025-01-13,2025-01-13T00:00:00Z,2025-01-13T06:00:00Z,108.14578624,GELA_SYNTHETIC_FIXTURE,SYN_A,2026-07-26T00:00:00Z
SYN_B,BBB,合成市场B,合成指数B,cash_index,price,BBB,Etc/UTC,37.0,127.0,2025-01-13,2025-01-13T08:00:00Z,2025-01-13T14:00:00Z,110.85964450,GELA_SYNTHETIC_FIXTURE,SYN_B,2026-07-26T00:00:00Z
SYN_C,CCC,合成市场C,合成指数C,cash_index,price,CCC,Etc/UTC,51.0,10.0,2025-01-13,2025-01-13T15:00:00Z,2025-01-13T21:00:00Z,94.95724542,GELA_SYNTHETIC_FIXTURE,SYN_C,2026-07-26T00:00:00Z
SYN_A,AAA,合成市场A,合成指数A,cash_index,price,AAA,Etc/UTC,35.0,-95.0,2025-01-14,2025-01-14T00:00:00Z,2025-01-14T06:00:00Z,109.39201187,GELA_SYNTHETIC_FIXTURE,SYN_A,2026-07-26T00:00:00Z
SYN_B,BBB,合成市场B,合成指数B,cash_index,price,BBB,Etc/UTC,37.0,127.0,2025-01-14,2025-01-14T08:00:00Z,2025-01-14T14:00:00Z,112.18217594,GELA_SYNTHETIC_FIXTURE,SYN_B,2026-07-26T00:00:00Z
SYN_C,CCC,合成市场C,合成指数C,cash_index,price,CCC,Etc/UTC,51.0,10.0,2025-01-14,2025-01-14T15:00:00Z,2025-01-14T21:00:00Z,94.78025344,GELA_SYNTHETIC_FIXTURE,SYN_C,2026-07-26T00:00:00Z
SYN_A,AAA,合成市场A,合成指数A,cash_index,price,AAA,Etc/UTC,35.0,-95.0,2025-01-15,2025-01-15T00:00:00Z,2025-01-15T06:00:00Z,110.48247799,GELA_SYNTHETIC_FIXTURE,SYN_A,2026-07-26T00:00:00Z
SYN_B,BBB,合成市场B,合成指数B,cash_index,price,BBB,Etc/UTC,37.0,127.0,2025-01-15,2025-01-15T08:00:00Z,2025-01-15T14:00:00Z,113.15551319,GELA_SYNTHETIC_FIXTURE,SYN_B,2026-07-26T00:00:00Z
SYN_C,CCC,合成市场C,合成指数C,cash_index,price,CCC,Etc/UTC,51.0,10.0,2025-01-15,2025-01-15T15:00:00Z,2025-01-15T21:00:00Z,96.04273945,GELA_SYNTHETIC_FIXTURE,SYN_C,2026-07-26T00:00:00Z
SYN_A,AAA,合成市场A,合成指数A,cash_index,price,AAA,Etc/UTC,35.0,-95.0,2025-01-16,2025-01-16T00:00:00Z,2025-01-16T06:00:00Z,109.35355679,GELA_SYNTHETIC_FIXTURE,SYN_A,2026-07-26T00:00:00Z
SYN_B,BBB,合成市场B,合成指数B,cash_index,price,BBB,Etc/UTC,37.0,127.0,2025-01-16,2025-01-16T08:00:00Z,2025-01-16T14:00:00Z,112.43870315,GELA_SYNTHETIC_FIXTURE,SYN_B,2026-07-26T00:00:00Z
SYN_C,CCC,合成市场C,合成指数C,cash_index,price,CCC,Etc/UTC,51.0,10.0,2025-01-16,2025-01-16T15:00:00Z,2025-01-16T21:00:00Z,95.12246601,GELA_SYNTHETIC_FIXTURE,SYN_C,2026-07-26T00:00:00Z
SYN_A,AAA,合成市场A,合成指数A,cash_index,price,AAA,Etc/UTC,35.0,-95.0,2025-01-17,2025-01-17T00:00:00Z,2025-01-17T06:00:00Z,108.67535094,GELA_SYNTHETIC_FIXTURE,SYN_A,2026-07-26T00:00:00Z
SYN_B,BBB,合成市场B,合成指数B,cash_index,price,BBB,Etc/UTC,37.0,127.0,2025-01-17,2025-01-17T08:00:00Z,2025-01-17T14:00:00Z,111.96632532,GELA_SYNTHETIC_FIXTURE,SYN_B,2026-07-26T00:00:00Z
SYN_C,CCC,合成市场C,合成指数C,cash_index,price,CCC,Etc/UTC,51.0,10.0,2025-01-17,2025-01-17T15:00:00Z,2025-01-17T21:00:00Z,95.17637687,GELA_SYNTHETIC_FIXTURE,SYN_C,2026-07-26T00:00:00Z
SYN_A,AAA,合成市场A,合成指数A,cash_index,price,AAA,Etc/UTC,35.0,-95.0,2025-01-20,2025-01-20T00:00:00Z,2025-01-20T06:00:00Z,108.40813311,GELA_SYNTHETIC_FIXTURE,SYN_A,2026-07-26T00:00:00Z
SYN_B,BBB,合成市场B,合成指数B,cash_index,price,BBB,Etc/UTC,37.0,127.0,2025-01-20,2025-01-20T08:00:00Z,2025-01-20T14:00:00Z,112.12405847,GELA_SYNTHETIC_FIXTURE,SYN_B,2026-07-26T00:00:00Z
SYN_C,CCC,合成市场C,合成指数C,cash_index,price,CCC,Etc/UTC,51.0,10.0,2025-01-20,2025-01-20T15:00:00Z,2025-01-20T21:00:00Z,94.87838828,GELA_SYNTHETIC_FIXTURE,SYN_C,2026-07-26T00:00:00Z
SYN_A,AAA,合成市场A,合成指数A,cash_index,price,AAA,Etc/UTC,35.0,-95.0,2025-01-21,2025-01-21T00:00:00Z,2025-01-21T06:00:00Z,107.84974737,GELA_SYNTHETIC_FIXTURE,SYN_A,2026-07-26T00:00:00Z
SYN_B,BBB,合成市场B,合成指数B,cash_index,price,BBB,Etc/UTC,37.0,127.0,2025-01-21,2025-01-21T08:00:00Z,2025-01-21T14:00:00Z,111.72246082,GELA_SYNTHETIC_FIXTURE,SYN_B,2026-07-26T00:00:00Z
SYN_C,CCC,合成市场C,合成指数C,cash_index,price,CCC,Etc/UTC,51.0,10.0,2025-01-21,2025-01-21T15:00:00Z,2025-01-21T21:00:00Z,94.10778892,GELA_SYNTHETIC_FIXTURE,SYN_C,2026-07-26T00:00:00Z
SYN_A,AAA,合成市场A,合成指数A,cash_index,price,AAA,Etc/UTC,35.0,-95.0,2025-01-22,2025-01-22T00:00:00Z,2025-01-22T06:00:00Z,107.59360411,GELA_SYNTHETIC_FIXTURE,SYN_A,2026-07-26T00:00:00Z
SYN_B,BBB,合成市场B,合成指数B,cash_index,price,BBB,Etc/UTC,37.0,127.0,2025-01-22,2025-01-22T08:00:00Z,2025-01-22T14:00:00Z,111.21948109,GELA_SYNTHETIC_FIXTURE,SYN_B,2026-07-26T00:00:00Z
SYN_C,CCC,合成市场C,合成指数C,cash_index,price,CCC,Etc/UTC,51.0,10.0,2025-01-22,2025-01-22T15:00:00Z,2025-01-22T21:00:00Z,93.34052081,GELA_SYNTHETIC_FIXTURE,SYN_C,2026-07-26T00:00:00Z
SYN_A,AAA,合成市场A,合成指数A,cash_index,price,AAA,Etc/UTC,35.0,-95.0,2025-01-23,2025-01-23T00:00:00Z,2025-01-23T06:00:00Z,108.27246290,GELA_SYNTHETIC_FIXTURE,SYN_A,2026-07-26T00:00:00Z
SYN_B,BBB,合成市场B,合成指数B,cash_index,price,BBB,Etc/UTC,37.0,127.0,2025-01-23,2025-01-23T08:00:00Z,2025-01-23T14:00:00Z,111.96657302,GELA_SYNTHETIC_FIXTURE,SYN_B,2026-07-26T00:00:00Z
SYN_C,CCC,合成市场C,合成指数C,cash_index,price,CCC,Etc/UTC,51.0,10.0,2025-01-23,2025-01-23T15:00:00Z,2025-01-23T21:00:00Z,93.31255127,GELA_SYNTHETIC_FIXTURE,SYN_C,2026-07-26T00:00:00Z
SYN_A,AAA,合成市场A,合成指数A,cash_index,price,AAA,Etc/UTC,35.0,-95.0,2025-01-24,2025-01-24T00:00:00Z,2025-01-24T06:00:00Z,109.17327080,GELA_SYNTHETIC_FIXTURE,SYN_A,2026-07-26T00:00:00Z
SYN_B,BBB,合成市场B,合成指数B,cash_index,price,BBB,Etc/UTC,37.0,127.0,2025-01-24,2025-01-24T08:00:00Z,2025-01-24T14:00:00Z,112.65571179,GELA_SYNTHETIC_FIXTURE,SYN_B,2026-07-26T00:00:00Z
SYN_C,CCC,合成市场C,合成指数C,cash_index,price,CCC,Etc/UTC,51.0,10.0,2025-01-24,2025-01-24T15:00:00Z,2025-01-24T21:00:00Z,94.30478679,GELA_SYNTHETIC_FIXTURE,SYN_C,2026-07-26T00:00:00Z
SYN_A,AAA,合成市场A,合成指数A,cash_index,price,AAA,Etc/UTC,35.0,-95.0,2025-01-27,2025-01-27T00:00:00Z,2025-01-27T06:00:00Z,109.97808071,GELA_SYNTHETIC_FIXTURE,SYN_A,2026-07-26T00:00:00Z
SYN_B,BBB,合成市场B,合成指数B,cash_index,price,BBB,Etc/UTC,37.0,127.0,2025-01-27,2025-01-27T08:00:00Z,2025-01-27T14:00:00Z,113.17300467,GELA_SYNTHETIC_FIXTURE,SYN_B,2026-07-26T00:00:00Z
SYN_C,CCC,合成市场C,合成指数C,cash_index,price,CCC,Etc/UTC,51.0,10.0,2025-01-27,2025-01-27T15:00:00Z,2025-01-27T21:00:00Z,95.25554093,GELA_SYNTHETIC_FIXTURE,SYN_C,2026-07-26T00:00:00Z
SYN_A,AAA,合成市场A,合成指数A,cash_index,price,AAA,Etc/UTC,35.0,-95.0,2025-01-28,2025-01-28T00:00:00Z,2025-01-28T06:00:00Z,109.74334208,GELA_SYNTHETIC_FIXTURE,SYN_A,2026-07-26T00:00:00Z
SYN_B,BBB,合成市场B,合成指数B,cash_index,price,BBB,Etc/UTC,37.0,127.0,2025-01-28,2025-01-28T08:00:00Z,2025-01-28T14:00:00Z,112.15777870,GELA_SYNTHETIC_FIXTURE,SYN_B,2026-07-26T00:00:00Z
SYN_C,CCC,合成市场C,合成指数C,cash_index,price,CCC,Etc/UTC,51.0,10.0,2025-01-28,2025-01-28T15:00:00Z,2025-01-28T21:00:00Z,94.32136981,GELA_SYNTHETIC_FIXTURE,SYN_C,2026-07-26T00:00:00Z
SYN_A,AAA,合成市场A,合成指数A,cash_index,price,AAA,Etc/UTC,35.0,-95.0,2025-01-29,2025-01-29T00:00:00Z,2025-01-29T06:00:00Z,110.05204130,GELA_SYNTHETIC_FIXTURE,SYN_A,2026-07-26T00:00:00Z
SYN_B,BBB,合成市场B,合成指数B,cash_index,price,BBB,Etc/UTC,37.0,127.0,2025-01-29,2025-01-29T08:00:00Z,2025-01-29T14:00:00Z,111.88022402,GELA_SYNTHETIC_FIXTURE,SYN_B,2026-07-26T00:00:00Z
SYN_C,CCC,合成市场C,合成指数C,cash_index,price,CCC,Etc/UTC,51.0,10.0,2025-01-29,2025-01-29T15:00:00Z,2025-01-29T21:00:00Z,96.17047084,GELA_SYNTHETIC_FIXTURE,SYN_C,2026-07-26T00:00:00Z
SYN_A,AAA,合成市场A,合成指数A,cash_index,price,AAA,Etc/UTC,35.0,-95.0,2025-01-30,2025-01-30T00:00:00Z,2025-01-30T06:00:00Z,110.37229616,GELA_SYNTHETIC_FIXTURE,SYN_A,2026-07-26T00:00:00Z
SYN_B,BBB,合成市场B,合成指数B,cash_index,price,BBB,Etc/UTC,37.0,127.0,2025-01-30,2025-01-30T08:00:00Z,2025-01-30T14:00:00Z,112.16973997,GELA_SYNTHETIC_FIXTURE,SYN_B,2026-07-26T00:00:00Z
SYN_C,CCC,合成市场C,合成指数C,cash_index,price,CCC,Etc/UTC,51.0,10.0,2025-01-30,2025-01-30T15:00:00Z,2025-01-30T21:00:00Z,96.24101317,GELA_SYNTHETIC_FIXTURE,SYN_C,2026-07-26T00:00:00Z
SYN_A,AAA,合成市场A,合成指数A,cash_index,price,AAA,Etc/UTC,35.0,-95.0,2025-01-31,2025-01-31T00:00:00Z,2025-01-31T06:00:00Z,109.14358275,GELA_SYNTHETIC_FIXTURE,SYN_A,2026-07-26T00:00:00Z
SYN_B,BBB,合成市场B,合成指数B,cash_index,price,BBB,Etc/UTC,37.0,127.0,2025-01-31,2025-01-31T08:00:00Z,2025-01-31T14:00:00Z,111.44836137,GELA_SYNTHETIC_FIXTURE,SYN_B,2026-07-26T00:00:00Z
SYN_C,CCC,合成市场C,合成指数C,cash_index,price,CCC,Etc/UTC,51.0,10.0,2025-01-31,2025-01-31T15:00:00Z,2025-01-31T21:00:00Z,97.82242271,GELA_SYNTHETIC_FIXTURE,SYN_C,2026-07-26T00:00:00Z
SYN_A,AAA,合成市场A,合成指数A,cash_index,price,AAA,Etc/UTC,35.0,-95.0,2025-02-03,2025-02-03T00:00:00Z,2025-02-03T06:00:00Z,108.92418985,GELA_SYNTHETIC_FIXTURE,SYN_A,2026-07-26T00:00:00Z
SYN_B,BBB,合成市场B,合成指数B,cash_index,price,BBB,Etc/UTC,37.0,127.0,2025-02-03,2025-02-03T08:00:00Z,2025-02-03T14:00:00Z,111.20945407,GELA_SYNTHETIC_FIXTURE,SYN_B,2026-07-26T00:00:00Z
SYN_C,CCC,合成市场C,合成指数C,cash_index,price,CCC,Etc/UTC,51.0,10.0,2025-02-03,2025-02-03T15:00:00Z,2025-02-03T21:00:00Z,98.62150289,GELA_SYNTHETIC_FIXTURE,SYN_C,2026-07-26T00:00:00Z
SYN_A,AAA,合成市场A,合成指数A,cash_index,price,AAA,Etc/UTC,35.0,-95.0,2025-02-04,2025-02-04T00:00:00Z,2025-02-04T06:00:00Z,108.97453037,GELA_SYNTHETIC_FIXTURE,SYN_A,2026-07-26T00:00:00Z
SYN_B,BBB,合成市场B,合成指数B,cash_index,price,BBB,Etc/UTC,37.0,127.0,2025-02-04,2025-02-04T08:00:00Z,2025-02-04T14:00:00Z,111.16647997,GELA_SYNTHETIC_FIXTURE,SYN_B,2026-07-26T00:00:00Z
SYN_C,CCC,合成市场C,合成指数C,cash_index,price,CCC,Etc/UTC,51.0,10.0,2025-02-04,2025-02-04T15:00:00Z,2025-02-04T21:00:00Z,95.83869289,GELA_SYNTHETIC_FIXTURE,SYN_C,2026-07-26T00:00:00Z
SYN_A,AAA,合成市场A,合成指数A,cash_index,price,AAA,Etc/UTC,35.0,-95.0,2025-02-05,2025-02-05T00:00:00Z,2025-02-05T06:00:00Z,109.09302041,GELA_SYNTHETIC_FIXTURE,SYN_A,2026-07-26T00:00:00Z
SYN_B,BBB,合成市场B,合成指数B,cash_index,price,BBB,Etc/UTC,37.0,127.0,2025-02-05,2025-02-05T08:00:00Z,2025-02-05T14:00:00Z,111.89747570,GELA_SYNTHETIC_FIXTURE,SYN_B,2026-07-26T00:00:00Z
SYN_C,CCC,合成市场C,合成指数C,cash_index,price,CCC,Etc/UTC,51.0,10.0,2025-02-05,2025-02-05T15:00:00Z,2025-02-05T21:00:00Z,95.89243506,GELA_SYNTHETIC_FIXTURE,SYN_C,2026-07-26T00:00:00Z
SYN_A,AAA,合成市场A,合成指数A,cash_index,price,AAA,Etc/UTC,35.0,-95.0,2025-02-06,2025-02-06T00:00:00Z,2025-02-06T06:00:00Z,109.23244158,GELA_SYNTHETIC_FIXTURE,SYN_A,2026-07-26T00:00:00Z
SYN_B,BBB,合成市场B,合成指数B,cash_index,price,BBB,Etc/UTC,37.0,127.0,2025-02-06,2025-02-06T08:00:00Z,2025-02-06T14:00:00Z,111.60782083,GELA_SYNTHETIC_FIXTURE,SYN_B,2026-07-26T00:00:00Z
SYN_C,CCC,合成市场C,合成指数C,cash_index,price,CCC,Etc/UTC,51.0,10.0,2025-02-06,2025-02-06T15:00:00Z,2025-02-06T21:00:00Z,96.17311043,GELA_SYNTHETIC_FIXTURE,SYN_C,2026-07-26T00:00:00Z
SYN_A,AAA,合成市场A,合成指数A,cash_index,price,AAA,Etc/UTC,35.0,-95.0,2025-02-07,2025-02-07T00:00:00Z,2025-02-07T06:00:00Z,109.68037336,GELA_SYNTHETIC_FIXTURE,SYN_A,2026-07-26T00:00:00Z
SYN_B,BBB,合成市场B,合成指数B,cash_index,price,BBB,Etc/UTC,37.0,127.0,2025-02-07,2025-02-07T08:00:00Z,2025-02-07T14:00:00Z,113.02268295,GELA_SYNTHETIC_FIXTURE,SYN_B,2026-07-26T00:00:00Z
SYN_C,CCC,合成市场C,合成指数C,cash_index,price,CCC,Etc/UTC,51.0,10.0,2025-02-07,2025-02-07T15:00:00Z,2025-02-07T21:00:00Z,96.63617887,GELA_SYNTHETIC_FIXTURE,SYN_C,2026-07-26T00:00:00Z
SYN_A,AAA,合成市场A,合成指数A,cash_index,price,AAA,Etc/UTC,35.0,-95.0,2025-02-10,2025-02-10T00:00:00Z,2025-02-10T06:00:00Z,109.94692264,GELA_SYNTHETIC_FIXTURE,SYN_A,2026-07-26T00:00:00Z
SYN_B,BBB,合成市场B,合成指数B,cash_index,price,BBB,Etc/UTC,37.0,127.0,2025-02-10,2025-02-10T08:00:00Z,2025-02-10T14:00:00Z,112.84213067,GELA_SYNTHETIC_FIXTURE,SYN_B,2026-07-26T00:00:00Z
SYN_C,CCC,合成市场C,合成指数C,cash_index,price,CCC,Etc/UTC,51.0,10.0,2025-02-10,2025-02-10T15:00:00Z,2025-02-10T21:00:00Z,98.36199947,GELA_SYNTHETIC_FIXTURE,SYN_C,2026-07-26T00:00:00Z
SYN_A,AAA,合成市场A,合成指数A,cash_index,price,AAA,Etc/UTC,35.0,-95.0,2025-02-11,2025-02-11T00:00:00Z,2025-02-11T06:00:00Z,109.91411229,GELA_SYNTHETIC_FIXTURE,SYN_A,2026-07-26T00:00:00Z
SYN_B,BBB,合成市场B,合成指数B,cash_index,price,BBB,Etc/UTC,37.0,127.0,2025-02-11,2025-02-11T08:00:00Z,2025-02-11T14:00:00Z,112.95489439,GELA_SYNTHETIC_FIXTURE,SYN_B,2026-07-26T00:00:00Z
SYN_C,CCC,合成市场C,合成指数C,cash_index,price,CCC,Etc/UTC,51.0,10.0,2025-02-11,2025-02-11T15:00:00Z,2025-02-11T21:00:00Z,99.25976672,GELA_SYNTHETIC_FIXTURE,SYN_C,2026-07-26T00:00:00Z
SYN_A,AAA,合成市场A,合成指数A,cash_index,price,AAA,Etc/UTC,35.0,-95.0,2025-02-12,2025-02-12T00:00:00Z,2025-02-12T06:00:00Z,109.37698534,GELA_SYNTHETIC_FIXTURE,SYN_A,2026-07-26T00:00:00Z
SYN_B,BBB,合成市场B,合成指数B,cash_index,price,BBB,Etc/UTC,37.0,127.0,2025-02-12,2025-02-12T08:00:00Z,2025-02-12T14:00:00Z,112.77410376,GELA_SYNTHETIC_FIXTURE,SYN_B,2026-07-26T00:00:00Z
SYN_C,CCC,合成市场C,合成指数C,cash_index,price,CCC,Etc/UTC,51.0,10.0,2025-02-12,2025-02-12T15:00:00Z,2025-02-12T21:00:00Z,99.32114161,GELA_SYNTHETIC_FIXTURE,SYN_C,2026-07-26T00:00:00Z
SYN_A,AAA,合成市场A,合成指数A,cash_index,price,AAA,Etc/UTC,35.0,-95.0,2025-02-13,2025-02-13T00:00:00Z,2025-02-13T06:00:00Z,110.39843751,GELA_SYNTHETIC_FIXTURE,SYN_A,2026-07-26T00:00:00Z
SYN_B,BBB,合成市场B,合成指数B,cash_index,price,BBB,Etc/UTC,37.0,127.0,2025-02-13,2025-02-13T08:00:00Z,2025-02-13T14:00:00Z,114.02607298,GELA_SYNTHETIC_FIXTURE,SYN_B,2026-07-26T00:00:00Z
SYN_C,CCC,合成市场C,合成指数C,cash_index,price,CCC,Etc/UTC,51.0,10.0,2025-02-13,2025-02-13T15:00:00Z,2025-02-13T21:00:00Z,98.90416937,GELA_SYNTHETIC_FIXTURE,SYN_C,2026-07-26T00:00:00Z
SYN_A,AAA,合成市场A,合成指数A,cash_index,price,AAA,Etc/UTC,35.0,-95.0,2025-02-14,2025-02-14T00:00:00Z,2025-02-14T06:00:00Z,112.16832383,GELA_SYNTHETIC_FIXTURE,SYN_A,2026-07-26T00:00:00Z
SYN_B,BBB,合成市场B,合成指数B,cash_index,price,BBB,Etc/UTC,37.0,127.0,2025-02-14,2025-02-14T08:00:00Z,2025-02-14T14:00:00Z,115.26627359,GELA_SYNTHETIC_FIXTURE,SYN_B,2026-07-26T00:00:00Z
SYN_C,CCC,合成市场C,合成指数C,cash_index,price,CCC,Etc/UTC,51.0,10.0,2025-02-14,2025-02-14T15:00:00Z,2025-02-14T21:00:00Z,99.09792399,GELA_SYNTHETIC_FIXTURE,SYN_C,2026-07-26T00:00:00Z
SYN_A,AAA,合成市场A,合成指数A,cash_index,price,AAA,Etc/UTC,35.0,-95.0,2025-02-17,2025-02-17T00:00:00Z,2025-02-17T06:00:00Z,111.78411135,GELA_SYNTHETIC_FIXTURE,SYN_A,2026-07-26T00:00:00Z
SYN_B,BBB,合成市场B,合成指数B,cash_index,price,BBB,Etc/UTC,37.0,127.0,2025-02-17,2025-02-17T08:00:00Z,2025-02-17T14:00:00Z,114.20100870,GELA_SYNTHETIC_FIXTURE,SYN_B,2026-07-26T00:00:00Z
SYN_C,CCC,合成市场C,合成指数C,cash_index,price,CCC,Etc/UTC,51.0,10.0,2025-02-17,2025-02-17T15:00:00Z,2025-02-17T21:00:00Z,97.18806901,GELA_SYNTHETIC_FIXTURE,SYN_C,2026-07-26T00:00:00Z
SYN_A,AAA,合成市场A,合成指数A,cash_index,price,AAA,Etc/UTC,35.0,-95.0,2025-02-18,2025-02-18T00:00:00Z,2025-02-18T06:00:00Z,112.50448280,GELA_SYNTHETIC_FIXTURE,SYN_A,2026-07-26T00:00:00Z
SYN_B,BBB,合成市场B,合成指数B,cash_index,price,BBB,Etc/UTC,37.0,127.0,2025-02-18,2025-02-18T08:00:00Z,2025-02-18T14:00:00Z,114.56845628,GELA_SYNTHETIC_FIXTURE,SYN_B,2026-07-26T00:00:00Z
SYN_C,CCC,合成市场C,合成指数C,cash_index,price,CCC,Etc/UTC,51.0,10.0,2025-02-18,2025-02-18T15:00:00Z,2025-02-18T21:00:00Z,97.11509173,GELA_SYNTHETIC_FIXTURE,SYN_C,2026-07-26T00:00:00Z
SYN_A,AAA,合成市场A,合成指数A,cash_index,price,AAA,Etc/UTC,35.0,-95.0,2025-02-19,2025-02-19T00:00:00Z,2025-02-19T06:00:00Z,113.51738424,GELA_SYNTHETIC_FIXTURE,SYN_A,2026-07-26T00:00:00Z
SYN_B,BBB,合成市场B,合成指数B,cash_index,price,BBB,Etc/UTC,37.0,127.0,2025-02-19,2025-02-19T08:00:00Z,2025-02-19T14:00:00Z,114.97911963,GELA_SYNTHETIC_FIXTURE,SYN_B,2026-07-26T00:00:00Z
SYN_C,CCC,合成市场C,合成指数C,cash_index,price,CCC,Etc/UTC,51.0,10.0,2025-02-19,2025-02-19T15:00:00Z,2025-02-19T21:00:00Z,97.28227805,GELA_SYNTHETIC_FIXTURE,SYN_C,2026-07-26T00:00:00Z
SYN_A,AAA,合成市场A,合成指数A,cash_index,price,AAA,Etc/UTC,35.0,-95.0,2025-02-20,2025-02-20T00:00:00Z,2025-02-20T06:00:00Z,115.37477429,GELA_SYNTHETIC_FIXTURE,SYN_A,2026-07-26T00:00:00Z
SYN_B,BBB,合成市场B,合成指数B,cash_index,price,BBB,Etc/UTC,37.0,127.0,2025-02-20,2025-02-20T08:00:00Z,2025-02-20T14:00:00Z,117.05122737,GELA_SYNTHETIC_FIXTURE,SYN_B,2026-07-26T00:00:00Z
SYN_C,CCC,合成市场C,合成指数C,cash_index,price,CCC,Etc/UTC,51.0,10.0,2025-02-20,2025-02-20T15:00:00Z,2025-02-20T21:00:00Z,96.81089765,GELA_SYNTHETIC_FIXTURE,SYN_C,2026-07-26T00:00:00Z
SYN_A,AAA,合成市场A,合成指数A,cash_index,price,AAA,Etc/UTC,35.0,-95.0,2025-02-21,2025-02-21T00:00:00Z,2025-02-21T06:00:00Z,115.27936642,GELA_SYNTHETIC_FIXTURE,SYN_A,2026-07-26T00:00:00Z
SYN_B,BBB,合成市场B,合成指数B,cash_index,price,BBB,Etc/UTC,37.0,127.0,2025-02-21,2025-02-21T08:00:00Z,2025-02-21T14:00:00Z,117.26370398,GELA_SYNTHETIC_FIXTURE,SYN_B,2026-07-26T00:00:00Z
SYN_C,CCC,合成市场C,合成指数C,cash_index,price,CCC,Etc/UTC,51.0,10.0,2025-02-21,2025-02-21T15:00:00Z,2025-02-21T21:00:00Z,96.21712131,GELA_SYNTHETIC_FIXTURE,SYN_C,2026-07-26T00:00:00Z
SYN_A,AAA,合成市场A,合成指数A,cash_index,price,AAA,Etc/UTC,35.0,-95.0,2025-02-24,2025-02-24T00:00:00Z,2025-02-24T06:00:00Z,114.80399233,GELA_SYNTHETIC_FIXTURE,SYN_A,2026-07-26T00:00:00Z
SYN_B,BBB,合成市场B,合成指数B,cash_index,price,BBB,Etc/UTC,37.0,127.0,2025-02-24,2025-02-24T08:00:00Z,2025-02-24T14:00:00Z,116.93848394,GELA_SYNTHETIC_FIXTURE,SYN_B,2026-07-26T00:00:00Z
SYN_C,CCC,合成市场C,合成指数C,cash_index,price,CCC,Etc/UTC,51.0,10.0,2025-02-24,2025-02-24T15:00:00Z,2025-02-24T21:00:00Z,97.29918675,GELA_SYNTHETIC_FIXTURE,SYN_C,2026-07-26T00:00:00Z
SYN_A,AAA,合成市场A,合成指数A,cash_index,price,AAA,Etc/UTC,35.0,-95.0,2025-02-25,2025-02-25T00:00:00Z,2025-02-25T06:00:00Z,112.95860223,GELA_SYNTHETIC_FIXTURE,SYN_A,2026-07-26T00:00:00Z
SYN_B,BBB,合成市场B,合成指数B,cash_index,price,BBB,Etc/UTC,37.0,127.0,2025-02-25,2025-02-25T08:00:00Z,2025-02-25T14:00:00Z,115.70851450,GELA_SYNTHETIC_FIXTURE,SYN_B,2026-07-26T00:00:00Z
SYN_C,CCC,合成市场C,合成指数C,cash_index,price,CCC,Etc/UTC,51.0,10.0,2025-02-25,2025-02-25T15:00:00Z,2025-02-25T21:00:00Z,96.26071108,GELA_SYNTHETIC_FIXTURE,SYN_C,2026-07-26T00:00:00Z
SYN_A,AAA,合成市场A,合成指数A,cash_index,price,AAA,Etc/UTC,35.0,-95.0,2025-02-26,2025-02-26T00:00:00Z,2025-02-26T06:00:00Z,112.64553732,GELA_SYNTHETIC_FIXTURE,SYN_A,2026-07-26T00:00:00Z
SYN_B,BBB,合成市场B,合成指数B,cash_index,price,BBB,Etc/UTC,37.0,127.0,2025-02-26,2025-02-26T08:00:00Z,2025-02-26T14:00:00Z,116.06315438,GELA_SYNTHETIC_FIXTURE,SYN_B,2026-07-26T00:00:00Z
SYN_C,CCC,合成市场C,合成指数C,cash_index,price,CCC,Etc/UTC,51.0,10.0,2025-02-26,2025-02-26T15:00:00Z,2025-02-26T21:00:00Z,97.10253231,GELA_SYNTHETIC_FIXTURE,SYN_C,2026-07-26T00:00:00Z
SYN_A,AAA,合成市场A,合成指数A,cash_index,price,AAA,Etc/UTC,35.0,-95.0,2025-02-27,2025-02-27T00:00:00Z,2025-02-27T06:00:00Z,109.98307912,GELA_SYNTHETIC_FIXTURE,SYN_A,2026-07-26T00:00:00Z
SYN_B,BBB,合成市场B,合成指数B,cash_index,price,BBB,Etc/UTC,37.0,127.0,2025-02-27,2025-02-27T08:00:00Z,2025-02-27T14:00:00Z,114.39585231,GELA_SYNTHETIC_FIXTURE,SYN_B,2026-07-26T00:00:00Z
SYN_C,CCC,合成市场C,合成指数C,cash_index,price,CCC,Etc/UTC,51.0,10.0,2025-02-27,2025-02-27T15:00:00Z,2025-02-27T21:00:00Z,96.70001753,GELA_SYNTHETIC_FIXTURE,SYN_C,2026-07-26T00:00:00Z
SYN_A,AAA,合成市场A,合成指数A,cash_index,price,AAA,Etc/UTC,35.0,-95.0,2025-02-28,2025-02-28T00:00:00Z,2025-02-28T06:00:00Z,111.69072704,GELA_SYNTHETIC_FIXTURE,SYN_A,2026-07-26T00:00:00Z
SYN_B,BBB,合成市场B,合成指数B,cash_index,price,BBB,Etc/UTC,37.0,127.0,2025-02-28,2025-02-28T08:00:00Z,2025-02-28T14:00:00Z,115.93917052,GELA_SYNTHETIC_FIXTURE,SYN_B,2026-07-26T00:00:00Z
SYN_C,CCC,合成市场C,合成指数C,cash_index,price,CCC,Etc/UTC,51.0,10.0,2025-02-28,2025-02-28T15:00:00Z,2025-02-28T21:00:00Z,95.75193064,GELA_SYNTHETIC_FIXTURE,SYN_C,2026-07-26T00:00:00Z
SYN_A,AAA,合成市场A,合成指数A,cash_index,price,AAA,Etc/UTC,35.0,-95.0,2025-03-03,2025-03-03T00:00:00Z,2025-03-03T06:00:00Z,112.31167856,GELA_SYNTHETIC_FIXTURE,SYN_A,2026-07-26T00:00:00Z
SYN_B,BBB,合成市场B,合成指数B,cash_index,price,BBB,Etc/UTC,37.0,127.0,2025-03-03,2025-03-03T08:00:00Z,2025-03-03T14:00:00Z,116.26464335,GELA_SYNTHETIC_FIXTURE,SYN_B,2026-07-26T00:00:00Z
SYN_C,CCC,合成市场C,合成指数C,cash_index,price,CCC,Etc/UTC,51.0,10.0,2025-03-03,2025-03-03T15:00:00Z,2025-03-03T21:00:00Z,94.59159049,GELA_SYNTHETIC_FIXTURE,SYN_C,2026-07-26T00:00:00Z
SYN_A,AAA,合成市场A,合成指数A,cash_index,price,AAA,Etc/UTC,35.0,-95.0,2025-03-04,2025-03-04T00:00:00Z,2025-03-04T06:00:00Z,113.81027767,GELA_SYNTHETIC_FIXTURE,SYN_A,2026-07-26T00:00:00Z
SYN_B,BBB,合成市场B,合成指数B,cash_index,price,BBB,Etc/UTC,37.0,127.0,2025-03-04,2025-03-04T08:00:00Z,2025-03-04T14:00:00Z,118.40896549,GELA_SYNTHETIC_FIXTURE,SYN_B,2026-07-26T00:00:00Z
SYN_C,CCC,合成市场C,合成指数C,cash_index,price,CCC,Etc/UTC,51.0,10.0,2025-03-04,2025-03-04T15:00:00Z,2025-03-04T21:00:00Z,94.98515428,GELA_SYNTHETIC_FIXTURE,SYN_C,2026-07-26T00:00:00Z
SYN_A,AAA,合成市场A,合成指数A,cash_index,price,AAA,Etc/UTC,35.0,-95.0,2025-03-05,2025-03-05T00:00:00Z,2025-03-05T06:00:00Z,115.14370434,GELA_SYNTHETIC_FIXTURE,SYN_A,2026-07-26T00:00:00Z
SYN_B,BBB,合成市场B,合成指数B,cash_index,price,BBB,Etc/UTC,37.0,127.0,2025-03-05,2025-03-05T08:00:00Z,2025-03-05T14:00:00Z,119.56248122,GELA_SYNTHETIC_FIXTURE,SYN_B,2026-07-26T00:00:00Z
SYN_C,CCC,合成市场C,合成指数C,cash_index,price,CCC,Etc/UTC,51.0,10.0,2025-03-05,2025-03-05T15:00:00Z,2025-03-05T21:00:00Z,94.16959521,GELA_SYNTHETIC_FIXTURE,SYN_C,2026-07-26T00:00:00Z
SYN_A,AAA,合成市场A,合成指数A,cash_index,price,AAA,Etc/UTC,35.0,-95.0,2025-03-06,2025-03-06T00:00:00Z,2025-03-06T06:00:00Z,114.22461192,GELA_SYNTHETIC_FIXTURE,SYN_A,2026-07-26T00:00:00Z
SYN_B,BBB,合成市场B,合成指数B,cash_index,price,BBB,Etc/UTC,37.0,127.0,2025-03-06,2025-03-06T08:00:00Z,2025-03-06T14:00:00Z,118.99504621,GELA_SYNTHETIC_FIXTURE,SYN_B,2026-07-26T00:00:00Z
SYN_C,CCC,合成市场C,合成指数C,cash_index,price,CCC,Etc/UTC,51.0,10.0,2025-03-06,2025-03-06T15:00:00Z,2025-03-06T21:00:00Z,92.91828251,GELA_SYNTHETIC_FIXTURE,SYN_C,2026-07-26T00:00:00Z
SYN_A,AAA,合成市场A,合成指数A,cash_index,price,AAA,Etc/UTC,35.0,-95.0,2025-03-07,2025-03-07T00:00:00Z,2025-03-07T06:00:00Z,115.85100062,GELA_SYNTHETIC_FIXTURE,SYN_A,2026-07-26T00:00:00Z
SYN_B,BBB,合成市场B,合成指数B,cash_index,price,BBB,Etc/UTC,37.0,127.0,2025-03-07,2025-03-07T08:00:00Z,2025-03-07T14:00:00Z,120.29355494,GELA_SYNTHETIC_FIXTURE,SYN_B,2026-07-26T00:00:00Z
SYN_C,CCC,合成市场C,合成指数C,cash_index,price,CCC,Etc/UTC,51.0,10.0,2025-03-07,2025-03-07T15:00:00Z,2025-03-07T21:00:00Z,93.96190221,GELA_SYNTHETIC_FIXTURE,SYN_C,2026-07-26T00:00:00Z
SYN_A,AAA,合成市场A,合成指数A,cash_index,price,AAA,Etc/UTC,35.0,-95.0,2025-03-10,2025-03-10T00:00:00Z,2025-03-10T06:00:00Z,116.39862304,GELA_SYNTHETIC_FIXTURE,SYN_A,2026-07-26T00:00:00Z
SYN_B,BBB,合成市场B,合成指数B,cash_index,price,BBB,Etc/UTC,37.0,127.0,2025-03-10,2025-03-10T08:00:00Z,2025-03-10T14:00:00Z,121.09299354,GELA_SYNTHETIC_FIXTURE,SYN_B,2026-07-26T00:00:00Z
SYN_C,CCC,合成市场C,合成指数C,cash_index,price,CCC,Etc/UTC,51.0,10.0,2025-03-10,2025-03-10T15:00:00Z,2025-03-10T21:00:00Z,94.33025846,GELA_SYNTHETIC_FIXTURE,SYN_C,2026-07-26T00:00:00Z
SYN_A,AAA,合成市场A,合成指数A,cash_index,price,AAA,Etc/UTC,35.0,-95.0,2025-03-11,2025-03-11T00:00:00Z,2025-03-11T06:00:00Z,116.11820345,GELA_SYNTHETIC_FIXTURE,SYN_A,2026-07-26T00:00:00Z
SYN_B,BBB,合成市场B,合成指数B,cash_index,price,BBB,Etc/UTC,37.0,127.0,2025-03-11,2025-03-11T08:00:00Z,2025-03-11T14:00:00Z,120.61506351,GELA_SYNTHETIC_FIXTURE,SYN_B,2026-07-26T00:00:00Z
SYN_C,CCC,合成市场C,合成指数C,cash_index,price,CCC,Etc/UTC,51.0,10.0,2025-03-11,2025-03-11T15:00:00Z,2025-03-11T21:00:00Z,94.85266166,GELA_SYNTHETIC_FIXTURE,SYN_C,2026-07-26T00:00:00Z
SYN_A,AAA,合成市场A,合成指数A,cash_index,price,AAA,Etc/UTC,35.0,-95.0,2025-03-12,2025-03-12T00:00:00Z,2025-03-12T06:00:00Z,116.58826491,GELA_SYNTHETIC_FIXTURE,SYN_A,2026-07-26T00:00:00Z
SYN_B,BBB,合成市场B,合成指数B,cash_index,price,BBB,Etc/UTC,37.0,127.0,2025-03-12,2025-03-12T08:00:00Z,2025-03-12T14:00:00Z,120.77211897,GELA_SYNTHETIC_FIXTURE,SYN_B,2026-07-26T00:00:00Z
SYN_C,CCC,合成市场C,合成指数C,cash_index,price,CCC,Etc/UTC,51.0,10.0,2025-03-12,2025-03-12T15:00:00Z,2025-03-12T21:00:00Z,96.54404087,GELA_SYNTHETIC_FIXTURE,SYN_C,2026-07-26T00:00:00Z
SYN_A,AAA,合成市场A,合成指数A,cash_index,price,AAA,Etc/UTC,35.0,-95.0,2025-03-13,2025-03-13T00:00:00Z,2025-03-13T06:00:00Z,117.33146345,GELA_SYNTHETIC_FIXTURE,SYN_A,2026-07-26T00:00:00Z
SYN_B,BBB,合成市场B,合成指数B,cash_index,price,BBB,Etc/UTC,37.0,127.0,2025-03-13,2025-03-13T08:00:00Z,2025-03-13T14:00:00Z,121.29437422,GELA_SYNTHETIC_FIXTURE,SYN_B,2026-07-26T00:00:00Z
SYN_C,CCC,合成市场C,合成指数C,cash_index,price,CCC,Etc/UTC,51.0,10.0,2025-03-13,2025-03-13T15:00:00Z,2025-03-13T21:00:00Z,97.36972135,GELA_SYNTHETIC_FIXTURE,SYN_C,2026-07-26T00:00:00Z
SYN_A,AAA,合成市场A,合成指数A,cash_index,price,AAA,Etc/UTC,35.0,-95.0,2025-03-14,2025-03-14T00:00:00Z,2025-03-14T06:00:00Z,116.99353584,GELA_SYNTHETIC_FIXTURE,SYN_A,2026-07-26T00:00:00Z
SYN_B,BBB,合成市场B,合成指数B,cash_index,price,BBB,Etc/UTC,37.0,127.0,2025-03-14,2025-03-14T08:00:00Z,2025-03-14T14:00:00Z,120.67722797,GELA_SYNTHETIC_FIXTURE,SYN_B,2026-07-26T00:00:00Z
SYN_C,CCC,合成市场C,合成指数C,cash_index,price,CCC,Etc/UTC,51.0,10.0,2025-03-14,2025-03-14T15:00:00Z,2025-03-14T21:00:00Z,97.76246024,GELA_SYNTHETIC_FIXTURE,SYN_C,2026-07-26T00:00:00Z
SYN_A,AAA,合成市场A,合成指数A,cash_index,price,AAA,Etc/UTC,35.0,-95.0,2025-03-17,2025-03-17T00:00:00Z,2025-03-17T06:00:00Z,116.53098399,GELA_SYNTHETIC_FIXTURE,SYN_A,2026-07-26T00:00:00Z
SYN_B,BBB,合成市场B,合成指数B,cash_index,price,BBB,Etc/UTC,37.0,127.0,2025-03-17,2025-03-17T08:00:00Z,2025-03-17T14:00:00Z,119.93780158,GELA_SYNTHETIC_FIXTURE,SYN_B,2026-07-26T00:00:00Z
SYN_C,CCC,合成市场C,合成指数C,cash_index,price,CCC,Etc/UTC,51.0,10.0,2025-03-17,2025-03-17T15:00:00Z,2025-03-17T21:00:00Z,97.98926364,GELA_SYNTHETIC_FIXTURE,SYN_C,2026-07-26T00:00:00Z
SYN_A,AAA,合成市场A,合成指数A,cash_index,price,AAA,Etc/UTC,35.0,-95.0,2025-03-18,2025-03-18T00:00:00Z,2025-03-18T06:00:00Z,118.59317463,GELA_SYNTHETIC_FIXTURE,SYN_A,2026-07-26T00:00:00Z
SYN_B,BBB,合成市场B,合成指数B,cash_index,price,BBB,Etc/UTC,37.0,127.0,2025-03-18,2025-03-18T08:00:00Z,2025-03-18T14:00:00Z,121.55903373,GELA_SYNTHETIC_FIXTURE,SYN_B,2026-07-26T00:00:00Z
SYN_C,CCC,合成市场C,合成指数C,cash_index,price,CCC,Etc/UTC,51.0,10.0,2025-03-18,2025-03-18T15:00:00Z,2025-03-18T21:00:00Z,98.08860818,GELA_SYNTHETIC_FIXTURE,SYN_C,2026-07-26T00:00:00Z
SYN_A,AAA,合成市场A,合成指数A,cash_index,price,AAA,Etc/UTC,35.0,-95.0,2025-03-19,2025-03-19T00:00:00Z,2025-03-19T06:00:00Z,119.45828706,GELA_SYNTHETIC_FIXTURE,SYN_A,2026-07-26T00:00:00Z
SYN_B,BBB,合成市场B,合成指数B,cash_index,price,BBB,Etc/UTC,37.0,127.0,2025-03-19,2025-03-19T08:00:00Z,2025-03-19T14:00:00Z,122.10467896,GELA_SYNTHETIC_FIXTURE,SYN_B,2026-07-26T00:00:00Z
SYN_C,CCC,合成市场C,合成指数C,cash_index,price,CCC,Etc/UTC,51.0,10.0,2025-03-19,2025-03-19T15:00:00Z,2025-03-19T21:00:00Z,97.43802164,GELA_SYNTHETIC_FIXTURE,SYN_C,2026-07-26T00:00:00Z
SYN_A,AAA,合成市场A,合成指数A,cash_index,price,AAA,Etc/UTC,35.0,-95.0,2025-03-20,2025-03-20T00:00:00Z,2025-03-20T06:00:00Z,119.74034481,GELA_SYNTHETIC_FIXTURE,SYN_A,2026-07-26T00:00:00Z
SYN_B,BBB,合成市场B,合成指数B,cash_index,price,BBB,Etc/UTC,37.0,127.0,2025-03-20,2025-03-20T08:00:00Z,2025-03-20T14:00:00Z,121.22425563,GELA_SYNTHETIC_FIXTURE,SYN_B,2026-07-26T00:00:00Z
SYN_C,CCC,合成市场C,合成指数C,cash_index,price,CCC,Etc/UTC,51.0,10.0,2025-03-20,2025-03-20T15:00:00Z,2025-03-20T21:00:00Z,99.23668982,GELA_SYNTHETIC_FIXTURE,SYN_C,2026-07-26T00:00:00Z
SYN_A,AAA,合成市场A,合成指数A,cash_index,price,AAA,Etc/UTC,35.0,-95.0,2025-03-21,2025-03-21T00:00:00Z,2025-03-21T06:00:00Z,119.79528128,GELA_SYNTHETIC_FIXTURE,SYN_A,2026-07-26T00:00:00Z
SYN_B,BBB,合成市场B,合成指数B,cash_index,price,BBB,Etc/UTC,37.0,127.0,2025-03-21,2025-03-21T08:00:00Z,2025-03-21T14:00:00Z,120.39886872,GELA_SYNTHETIC_FIXTURE,SYN_B,2026-07-26T00:00:00Z
SYN_C,CCC,合成市场C,合成指数C,cash_index,price,CCC,Etc/UTC,51.0,10.0,2025-03-21,2025-03-21T15:00:00Z,2025-03-21T21:00:00Z,98.91867274,GELA_SYNTHETIC_FIXTURE,SYN_C,2026-07-26T00:00:00Z
SYN_A,AAA,合成市场A,合成指数A,cash_index,price,AAA,Etc/UTC,35.0,-95.0,2025-03-24,2025-03-24T00:00:00Z,2025-03-24T06:00:00Z,119.89467687,GELA_SYNTHETIC_FIXTURE,SYN_A,2026-07-26T00:00:00Z
SYN_B,BBB,合成市场B,合成指数B,cash_index,price,BBB,Etc/UTC,37.0,127.0,2025-03-24,2025-03-24T08:00:00Z,2025-03-24T14:00:00Z,120.07332546,GELA_SYNTHETIC_FIXTURE,SYN_B,2026-07-26T00:00:00Z
SYN_C,CCC,合成市场C,合成指数C,cash_index,price,CCC,Etc/UTC,51.0,10.0,2025-03-24,2025-03-24T15:00:00Z,2025-03-24T21:00:00Z,99.70052293,GELA_SYNTHETIC_FIXTURE,SYN_C,2026-07-26T00:00:00Z
SYN_A,AAA,合成市场A,合成指数A,cash_index,price,AAA,Etc/UTC,35.0,-95.0,2025-03-25,2025-03-25T00:00:00Z,2025-03-25T06:00:00Z,120.11258755,GELA_SYNTHETIC_FIXTURE,SYN_A,2026-07-26T00:00:00Z
SYN_B,BBB,合成市场B,合成指数B,cash_index,price,BBB,Etc/UTC,37.0,127.0,2025-03-25,2025-03-25T08:00:00Z,2025-03-25T14:00:00Z,120.38656903,GELA_SYNTHETIC_FIXTURE,SYN_B,2026-07-26T00:00:00Z
SYN_C,CCC,合成市场C,合成指数C,cash_index,price,CCC,Etc/UTC,51.0,10.0,2025-03-25,2025-03-25T15:00:00Z,2025-03-25T21:00:00Z,100.34858343,GELA_SYNTHETIC_FIXTURE,SYN_C,2026-07-26T00:00:00Z
SYN_A,AAA,合成市场A,合成指数A,cash_index,price,AAA,Etc/UTC,35.0,-95.0,2025-03-26,2025-03-26T00:00:00Z,2025-03-26T06:00:00Z,118.84037376,GELA_SYNTHETIC_FIXTURE,SYN_A,2026-07-26T00:00:00Z
SYN_B,BBB,合成市场B,合成指数B,cash_index,price,BBB,Etc/UTC,37.0,127.0,2025-03-26,2025-03-26T08:00:00Z,2025-03-26T14:00:00Z,119.90637413,GELA_SYNTHETIC_FIXTURE,SYN_B,2026-07-26T00:00:00Z
SYN_C,CCC,合成市场C,合成指数C,cash_index,price,CCC,Etc/UTC,51.0,10.0,2025-03-26,2025-03-26T15:00:00Z,2025-03-26T21:00:00Z,99.49603508,GELA_SYNTHETIC_FIXTURE,SYN_C,2026-07-26T00:00:00Z
SYN_A,AAA,合成市场A,合成指数A,cash_index,price,AAA,Etc/UTC,35.0,-95.0,2025-03-27,2025-03-27T00:00:00Z,2025-03-27T06:00:00Z,118.96012133,GELA_SYNTHETIC_FIXTURE,SYN_A,2026-07-26T00:00:00Z
SYN_B,BBB,合成市场B,合成指数B,cash_index,price,BBB,Etc/UTC,37.0,127.0,2025-03-27,2025-03-27T08:00:00Z,2025-03-27T14:00:00Z,120.52490624,GELA_SYNTHETIC_FIXTURE,SYN_B,2026-07-26T00:00:00Z
SYN_C,CCC,合成市场C,合成指数C,cash_index,price,CCC,Etc/UTC,51.0,10.0,2025-03-27,2025-03-27T15:00:00Z,2025-03-27T21:00:00Z,100.15299809,GELA_SYNTHETIC_FIXTURE,SYN_C,2026-07-26T00:00:00Z
SYN_A,AAA,合成市场A,合成指数A,cash_index,price,AAA,Etc/UTC,35.0,-95.0,2025-03-28,2025-03-28T00:00:00Z,2025-03-28T06:00:00Z,116.89147512,GELA_SYNTHETIC_FIXTURE,SYN_A,2026-07-26T00:00:00Z
SYN_B,BBB,合成市场B,合成指数B,cash_index,price,BBB,Etc/UTC,37.0,127.0,2025-03-28,2025-03-28T08:00:00Z,2025-03-28T14:00:00Z,118.18454602,GELA_SYNTHETIC_FIXTURE,SYN_B,2026-07-26T00:00:00Z
SYN_C,CCC,合成市场C,合成指数C,cash_index,price,CCC,Etc/UTC,51.0,10.0,2025-03-28,2025-03-28T15:00:00Z,2025-03-28T21:00:00Z,100.50913464,GELA_SYNTHETIC_FIXTURE,SYN_C,2026-07-26T00:00:00Z
SYN_A,AAA,合成市场A,合成指数A,cash_index,price,AAA,Etc/UTC,35.0,-95.0,2025-03-31,2025-03-31T00:00:00Z,2025-03-31T06:00:00Z,118.62835852,GELA_SYNTHETIC_FIXTURE,SYN_A,2026-07-26T00:00:00Z
SYN_B,BBB,合成市场B,合成指数B,cash_index,price,BBB,Etc/UTC,37.0,127.0,2025-03-31,2025-03-31T08:00:00Z,2025-03-31T14:00:00Z,119.84351797,GELA_SYNTHETIC_FIXTURE,SYN_B,2026-07-26T00:00:00Z
SYN_C,CCC,合成市场C,合成指数C,cash_index,price,CCC,Etc/UTC,51.0,10.0,2025-03-31,2025-03-31T15:00:00Z,2025-03-31T21:00:00Z,100.07745023,GELA_SYNTHETIC_FIXTURE,SYN_C,2026-07-26T00:00:00Z
SYN_A,AAA,合成市场A,合成指数A,cash_index,price,AAA,Etc/UTC,35.0,-95.0,2025-04-01,2025-04-01T00:00:00Z,2025-04-01T06:00:00Z,118.51800863,GELA_SYNTHETIC_FIXTURE,SYN_A,2026-07-26T00:00:00Z
SYN_B,BBB,合成市场B,合成指数B,cash_index,price,BBB,Etc/UTC,37.0,127.0,2025-04-01,2025-04-01T08:00:00Z,2025-04-01T14:00:00Z,120.05339703,GELA_SYNTHETIC_FIXTURE,SYN_B,2026-07-26T00:00:00Z
SYN_C,CCC,合成市场C,合成指数C,cash_index,price,CCC,Etc/UTC,51.0,10.0,2025-04-01,2025-04-01T15:00:00Z,2025-04-01T21:00:00Z,100.02933541,GELA_SYNTHETIC_FIXTURE,SYN_C,2026-07-26T00:00:00Z
SYN_A,AAA,合成市场A,合成指数A,cash_index,price,AAA,Etc/UTC,35.0,-95.0,2025-04-02,2025-04-02T00:00:00Z,2025-04-02T06:00:00Z,117.65244114,GELA_SYNTHETIC_FIXTURE,SYN_A,2026-07-26T00:00:00Z
SYN_B,BBB,合成市场B,合成指数B,cash_index,price,BBB,Etc/UTC,37.0,127.0,2025-04-02,2025-04-02T08:00:00Z,2025-04-02T14:00:00Z,119.95705997,GELA_SYNTHETIC_FIXTURE,SYN_B,2026-07-26T00:00:00Z
SYN_C,CCC,合成市场C,合成指数C,cash_index,price,CCC,Etc/UTC,51.0,10.0,2025-04-02,2025-04-02T15:00:00Z,2025-04-02T21:00:00Z,101.60231307,GELA_SYNTHETIC_FIXTURE,SYN_C,2026-07-26T00:00:00Z
SYN_A,AAA,合成市场A,合成指数A,cash_index,price,AAA,Etc/UTC,35.0,-95.0,2025-04-03,2025-04-03T00:00:00Z,2025-04-03T06:00:00Z,118.10148407,GELA_SYNTHETIC_FIXTURE,SYN_A,2026-07-26T00:00:00Z
SYN_B,BBB,合成市场B,合成指数B,cash_index,price,BBB,Etc/UTC,37.0,127.0,2025-04-03,2025-04-03T08:00:00Z,2025-04-03T14:00:00Z,120.25176787,GELA_SYNTHETIC_FIXTURE,SYN_B,2026-07-26T00:00:00Z
SYN_C,CCC,合成市场C,合成指数C,cash_index,price,CCC,Etc/UTC,51.0,10.0,2025-04-03,2025-04-03T15:00:00Z,2025-04-03T21:00:00Z,102.92686421,GELA_SYNTHETIC_FIXTURE,SYN_C,2026-07-26T00:00:00Z
SYN_A,AAA,合成市场A,合成指数A,cash_index,price,AAA,Etc/UTC,35.0,-95.0,2025-04-04,2025-04-04T00:00:00Z,2025-04-04T06:00:00Z,119.66287177,GELA_SYNTHETIC_FIXTURE,SYN_A,2026-07-26T00:00:00Z
SYN_B,BBB,合成市场B,合成指数B,cash_index,price,BBB,Etc/UTC,37.0,127.0,2025-04-04,2025-04-04T08:00:00Z,2025-04-04T14:00:00Z,121.55463641,GELA_SYNTHETIC_FIXTURE,SYN_B,2026-07-26T00:00:00Z
SYN_C,CCC,合成市场C,合成指数C,cash_index,price,CCC,Etc/UTC,51.0,10.0,2025-04-04,2025-04-04T15:00:00Z,2025-04-04T21:00:00Z,101.84646185,GELA_SYNTHETIC_FIXTURE,SYN_C,2026-07-26T00:00:00Z
SYN_A,AAA,合成市场A,合成指数A,cash_index,price,AAA,Etc/UTC,35.0,-95.0,2025-04-07,2025-04-07T00:00:00Z,2025-04-07T06:00:00Z,119.05081098,GELA_SYNTHETIC_FIXTURE,SYN_A,2026-07-26T00:00:00Z
SYN_B,BBB,合成市场B,合成指数B,cash_index,price,BBB,Etc/UTC,37.0,127.0,2025-04-07,2025-04-07T08:00:00Z,2025-04-07T14:00:00Z,120.75408172,GELA_SYNTHETIC_FIXTURE,SYN_B,2026-07-26T00:00:00Z
SYN_C,CCC,合成市场C,合成指数C,cash_index,price,CCC,Etc/UTC,51.0,10.0,2025-04-07,2025-04-07T15:00:00Z,2025-04-07T21:00:00Z,101.95717093,GELA_SYNTHETIC_FIXTURE,SYN_C,2026-07-26T00:00:00Z
SYN_A,AAA,合成市场A,合成指数A,cash_index,price,AAA,Etc/UTC,35.0,-95.0,2025-04-08,2025-04-08T00:00:00Z,2025-04-08T06:00:00Z,118.49189124,GELA_SYNTHETIC_FIXTURE,SYN_A,2026-07-26T00:00:00Z
SYN_B,BBB,合成市场B,合成指数B,cash_index,price,BBB,Etc/UTC,37.0,127.0,2025-04-08,2025-04-08T08:00:00Z,2025-04-08T14:00:00Z,120.65813559,GELA_SYNTHETIC_FIXTURE,SYN_B,2026-07-26T00:00:00Z
SYN_C,CCC,合成市场C,合成指数C,cash_index,price,CCC,Etc/UTC,51.0,10.0,2025-04-08,2025-04-08T15:00:00Z,2025-04-08T21:00:00Z,103.02886509,GELA_SYNTHETIC_FIXTURE,SYN_C,2026-07-26T00:00:00Z
SYN_A,AAA,合成市场A,合成指数A,cash_index,price,AAA,Etc/UTC,35.0,-95.0,2025-04-09,2025-04-09T00:00:00Z,2025-04-09T06:00:00Z,118.42395185,GELA_SYNTHETIC_FIXTURE,SYN_A,2026-07-26T00:00:00Z
SYN_B,BBB,合成市场B,合成指数B,cash_index,price,BBB,Etc/UTC,37.0,127.0,2025-04-09,2025-04-09T08:00:00Z,2025-04-09T14:00:00Z,120.70267634,GELA_SYNTHETIC_FIXTURE,SYN_B,2026-07-26T00:00:00Z
SYN_C,CCC,合成市场C,合成指数C,cash_index,price,CCC,Etc/UTC,51.0,10.0,2025-04-09,2025-04-09T15:00:00Z,2025-04-09T21:00:00Z,101.37925761,GELA_SYNTHETIC_FIXTURE,SYN_C,2026-07-26T00:00:00Z
SYN_A,AAA,合成市场A,合成指数A,cash_index,price,AAA,Etc/UTC,35.0,-95.0,2025-04-10,2025-04-10T00:00:00Z,2025-04-10T06:00:00Z,118.12061906,GELA_SYNTHETIC_FIXTURE,SYN_A,2026-07-26T00:00:00Z
SYN_B,BBB,合成市场B,合成指数B,cash_index,price,BBB,Etc/UTC,37.0,127.0,2025-04-10,2025-04-10T08:00:00Z,2025-04-10T14:00:00Z,121.52831746,GELA_SYNTHETIC_FIXTURE,SYN_B,2026-07-26T00:00:00Z
SYN_C,CCC,合成市场C,合成指数C,cash_index,price,CCC,Etc/UTC,51.0,10.0,2025-04-10,2025-04-10T15:00:00Z,2025-04-10T21:00:00Z,100.24594793,GELA_SYNTHETIC_FIXTURE,SYN_C,2026-07-26T00:00:00Z
SYN_A,AAA,合成市场A,合成指数A,cash_index,price,AAA,Etc/UTC,35.0,-95.0,2025-04-11,2025-04-11T00:00:00Z,2025-04-11T06:00:00Z,117.00188674,GELA_SYNTHETIC_FIXTURE,SYN_A,2026-07-26T00:00:00Z
SYN_B,BBB,合成市场B,合成指数B,cash_index,price,BBB,Etc/UTC,37.0,127.0,2025-04-11,2025-04-11T08:00:00Z,2025-04-11T14:00:00Z,120.30262582,GELA_SYNTHETIC_FIXTURE,SYN_B,2026-07-26T00:00:00Z
SYN_C,CCC,合成市场C,合成指数C,cash_index,price,CCC,Etc/UTC,51.0,10.0,2025-04-11,2025-04-11T15:00:00Z,2025-04-11T21:00:00Z,99.57836878,GELA_SYNTHETIC_FIXTURE,SYN_C,2026-07-26T00:00:00Z
SYN_A,AAA,合成市场A,合成指数A,cash_index,price,AAA,Etc/UTC,35.0,-95.0,2025-04-14,2025-04-14T00:00:00Z,2025-04-14T06:00:00Z,118.02897855,GELA_SYNTHETIC_FIXTURE,SYN_A,2026-07-26T00:00:00Z
SYN_B,BBB,合成市场B,合成指数B,cash_index,price,BBB,Etc/UTC,37.0,127.0,2025-04-14,2025-04-14T08:00:00Z,2025-04-14T14:00:00Z,120.50213315,GELA_SYNTHETIC_FIXTURE,SYN_B,2026-07-26T00:00:00Z
SYN_C,CCC,合成市场C,合成指数C,cash_index,price,CCC,Etc/UTC,51.0,10.0,2025-04-14,2025-04-14T15:00:00Z,2025-04-14T21:00:00Z,97.13319068,GELA_SYNTHETIC_FIXTURE,SYN_C,2026-07-26T00:00:00Z
SYN_A,AAA,合成市场A,合成指数A,cash_index,price,AAA,Etc/UTC,35.0,-95.0,2025-04-15,2025-04-15T00:00:00Z,2025-04-15T06:00:00Z,118.80487553,GELA_SYNTHETIC_FIXTURE,SYN_A,2026-07-26T00:00:00Z
SYN_B,BBB,合成市场B,合成指数B,cash_index,price,BBB,Etc/UTC,37.0,127.0,2025-04-15,2025-04-15T08:00:00Z,2025-04-15T14:00:00Z,120.87971170,GELA_SYNTHETIC_FIXTURE,SYN_B,2026-07-26T00:00:00Z
SYN_C,CCC,合成市场C,合成指数C,cash_index,price,CCC,Etc/UTC,51.0,10.0,2025-04-15,2025-04-15T15:00:00Z,2025-04-15T21:00:00Z,96.50729642,GELA_SYNTHETIC_FIXTURE,SYN_C,2026-07-26T00:00:00Z
SYN_A,AAA,合成市场A,合成指数A,cash_index,price,AAA,Etc/UTC,35.0,-95.0,2025-04-16,2025-04-16T00:00:00Z,2025-04-16T06:00:00Z,119.69835851,GELA_SYNTHETIC_FIXTURE,SYN_A,2026-07-26T00:00:00Z
SYN_B,BBB,合成市场B,合成指数B,cash_index,price,BBB,Etc/UTC,37.0,127.0,2025-04-16,2025-04-16T08:00:00Z,2025-04-16T14:00:00Z,121.88530264,GELA_SYNTHETIC_FIXTURE,SYN_B,2026-07-26T00:00:00Z
SYN_C,CCC,合成市场C,合成指数C,cash_index,price,CCC,Etc/UTC,51.0,10.0,2025-04-16,2025-04-16T15:00:00Z,2025-04-16T21:00:00Z,95.58048715,GELA_SYNTHETIC_FIXTURE,SYN_C,2026-07-26T00:00:00Z
SYN_A,AAA,合成市场A,合成指数A,cash_index,price,AAA,Etc/UTC,35.0,-95.0,2025-04-17,2025-04-17T00:00:00Z,2025-04-17T06:00:00Z,120.41904947,GELA_SYNTHETIC_FIXTURE,SYN_A,2026-07-26T00:00:00Z
SYN_B,BBB,合成市场B,合成指数B,cash_index,price,BBB,Etc/UTC,37.0,127.0,2025-04-17,2025-04-17T08:00:00Z,2025-04-17T14:00:00Z,122.00429870,GELA_SYNTHETIC_FIXTURE,SYN_B,2026-07-26T00:00:00Z
SYN_C,CCC,合成市场C,合成指数C,cash_index,price,CCC,Etc/UTC,51.0,10.0,2025-04-17,2025-04-17T15:00:00Z,2025-04-17T21:00:00Z,95.49732102,GELA_SYNTHETIC_FIXTURE,SYN_C,2026-07-26T00:00:00Z
SYN_A,AAA,合成市场A,合成指数A,cash_index,price,AAA,Etc/UTC,35.0,-95.0,2025-04-18,2025-04-18T00:00:00Z,2025-04-18T06:00:00Z,122.08558751,GELA_SYNTHETIC_FIXTURE,SYN_A,2026-07-26T00:00:00Z
SYN_B,BBB,合成市场B,合成指数B,cash_index,price,BBB,Etc/UTC,37.0,127.0,2025-04-18,2025-04-18T08:00:00Z,2025-04-18T14:00:00Z,123.84075361,GELA_SYNTHETIC_FIXTURE,SYN_B,2026-07-26T00:00:00Z
SYN_C,CCC,合成市场C,合成指数C,cash_index,price,CCC,Etc/UTC,51.0,10.0,2025-04-18,2025-04-18T15:00:00Z,2025-04-18T21:00:00Z,97.44850552,GELA_SYNTHETIC_FIXTURE,SYN_C,2026-07-26T00:00:00Z
SYN_A,AAA,合成市场A,合成指数A,cash_index,price,AAA,Etc/UTC,35.0,-95.0,2025-04-21,2025-04-21T00:00:00Z,2025-04-21T06:00:00Z,122.78022909,GELA_SYNTHETIC_FIXTURE,SYN_A,2026-07-26T00:00:00Z
SYN_B,BBB,合成市场B,合成指数B,cash_index,price,BBB,Etc/UTC,37.0,127.0,2025-04-21,2025-04-21T08:00:00Z,2025-04-21T14:00:00Z,124.36084608,GELA_SYNTHETIC_FIXTURE,SYN_B,2026-07-26T00:00:00Z
SYN_C,CCC,合成市场C,合成指数C,cash_index,price,CCC,Etc/UTC,51.0,10.0,2025-04-21,2025-04-21T15:00:00Z,2025-04-21T21:00:00Z,98.68154729,GELA_SYNTHETIC_FIXTURE,SYN_C,2026-07-26T00:00:00Z
SYN_A,AAA,合成市场A,合成指数A,cash_index,price,AAA,Etc/UTC,35.0,-95.0,2025-04-22,2025-04-22T00:00:00Z,2025-04-22T06:00:00Z,122.33264014,GELA_SYNTHETIC_FIXTURE,SYN_A,2026-07-26T00:00:00Z
SYN_B,BBB,合成市场B,合成指数B,cash_index,price,BBB,Etc/UTC,37.0,127.0,2025-04-22,2025-04-22T08:00:00Z,2025-04-22T14:00:00Z,123.36458004,GELA_SYNTHETIC_FIXTURE,SYN_B,2026-07-26T00:00:00Z
SYN_C,CCC,合成市场C,合成指数C,cash_index,price,CCC,Etc/UTC,51.0,10.0,2025-04-22,2025-04-22T15:00:00Z,2025-04-22T21:00:00Z,99.14495070,GELA_SYNTHETIC_FIXTURE,SYN_C,2026-07-26T00:00:00Z
SYN_A,AAA,合成市场A,合成指数A,cash_index,price,AAA,Etc/UTC,35.0,-95.0,2025-04-23,2025-04-23T00:00:00Z,2025-04-23T06:00:00Z,122.39493185,GELA_SYNTHETIC_FIXTURE,SYN_A,2026-07-26T00:00:00Z
SYN_B,BBB,合成市场B,合成指数B,cash_index,price,BBB,Etc/UTC,37.0,127.0,2025-04-23,2025-04-23T08:00:00Z,2025-04-23T14:00:00Z,122.51801456,GELA_SYNTHETIC_FIXTURE,SYN_B,2026-07-26T00:00:00Z
SYN_C,CCC,合成市场C,合成指数C,cash_index,price,CCC,Etc/UTC,51.0,10.0,2025-04-23,2025-04-23T15:00:00Z,2025-04-23T21:00:00Z,100.04744889,GELA_SYNTHETIC_FIXTURE,SYN_C,2026-07-26T00:00:00Z
SYN_A,AAA,合成市场A,合成指数A,cash_index,price,AAA,Etc/UTC,35.0,-95.0,2025-04-24,2025-04-24T00:00:00Z,2025-04-24T06:00:00Z,123.30684673,GELA_SYNTHETIC_FIXTURE,SYN_A,2026-07-26T00:00:00Z
SYN_B,BBB,合成市场B,合成指数B,cash_index,price,BBB,Etc/UTC,37.0,127.0,2025-04-24,2025-04-24T08:00:00Z,2025-04-24T14:00:00Z,123.11741419,GELA_SYNTHETIC_FIXTURE,SYN_B,2026-07-26T00:00:00Z
SYN_C,CCC,合成市场C,合成指数C,cash_index,price,CCC,Etc/UTC,51.0,10.0,2025-04-24,2025-04-24T15:00:00Z,2025-04-24T21:00:00Z,100.46841361,GELA_SYNTHETIC_FIXTURE,SYN_C,2026-07-26T00:00:00Z
SYN_A,AAA,合成市场A,合成指数A,cash_index,price,AAA,Etc/UTC,35.0,-95.0,2025-04-25,2025-04-25T00:00:00Z,2025-04-25T06:00:00Z,122.93509787,GELA_SYNTHETIC_FIXTURE,SYN_A,2026-07-26T00:00:00Z
SYN_B,BBB,合成市场B,合成指数B,cash_index,price,BBB,Etc/UTC,37.0,127.0,2025-04-25,2025-04-25T08:00:00Z,2025-04-25T14:00:00Z,123.39433429,GELA_SYNTHETIC_FIXTURE,SYN_B,2026-07-26T00:00:00Z
SYN_C,CCC,合成市场C,合成指数C,cash_index,price,CCC,Etc/UTC,51.0,10.0,2025-04-25,2025-04-25T15:00:00Z,2025-04-25T21:00:00Z,100.87737994,GELA_SYNTHETIC_FIXTURE,SYN_C,2026-07-26T00:00:00Z
SYN_A,AAA,合成市场A,合成指数A,cash_index,price,AAA,Etc/UTC,35.0,-95.0,2025-04-28,2025-04-28T00:00:00Z,2025-04-28T06:00:00Z,123.45129523,GELA_SYNTHETIC_FIXTURE,SYN_A,2026-07-26T00:00:00Z
SYN_B,BBB,合成市场B,合成指数B,cash_index,price,BBB,Etc/UTC,37.0,127.0,2025-04-28,2025-04-28T08:00:00Z,2025-04-28T14:00:00Z,123.45418475,GELA_SYNTHETIC_FIXTURE,SYN_B,2026-07-26T00:00:00Z
SYN_C,CCC,合成市场C,合成指数C,cash_index,price,CCC,Etc/UTC,51.0,10.0,2025-04-28,2025-04-28T15:00:00Z,2025-04-28T21:00:00Z,100.44927628,GELA_SYNTHETIC_FIXTURE,SYN_C,2026-07-26T00:00:00Z
SYN_A,AAA,合成市场A,合成指数A,cash_index,price,AAA,Etc/UTC,35.0,-95.0,2025-04-29,2025-04-29T00:00:00Z,2025-04-29T06:00:00Z,123.30731743,GELA_SYNTHETIC_FIXTURE,SYN_A,2026-07-26T00:00:00Z
SYN_B,BBB,合成市场B,合成指数B,cash_index,price,BBB,Etc/UTC,37.0,127.0,2025-04-29,2025-04-29T08:00:00Z,2025-04-29T14:00:00Z,123.85940061,GELA_SYNTHETIC_FIXTURE,SYN_B,2026-07-26T00:00:00Z
SYN_C,CCC,合成市场C,合成指数C,cash_index,price,CCC,Etc/UTC,51.0,10.0,2025-04-29,2025-04-29T15:00:00Z,2025-04-29T21:00:00Z,100.04153567,GELA_SYNTHETIC_FIXTURE,SYN_C,2026-07-26T00:00:00Z
SYN_A,AAA,合成市场A,合成指数A,cash_index,price,AAA,Etc/UTC,35.0,-95.0,2025-04-30,2025-04-30T00:00:00Z,2025-04-30T06:00:00Z,123.46066683,GELA_SYNTHETIC_FIXTURE,SYN_A,2026-07-26T00:00:00Z
SYN_B,BBB,合成市场B,合成指数B,cash_index,price,BBB,Etc/UTC,37.0,127.0,2025-04-30,2025-04-30T08:00:00Z,2025-04-30T14:00:00Z,124.11620470,GELA_SYNTHETIC_FIXTURE,SYN_B,2026-07-26T00:00:00Z
SYN_C,CCC,合成市场C,合成指数C,cash_index,price,CCC,Etc/UTC,51.0,10.0,2025-04-30,2025-04-30T15:00:00Z,2025-04-30T21:00:00Z,99.77544616,GELA_SYNTHETIC_FIXTURE,SYN_C,2026-07-26T00:00:00Z
SYN_A,AAA,合成市场A,合成指数A,cash_index,price,AAA,Etc/UTC,35.0,-95.0,2025-05-01,2025-05-01T00:00:00Z,2025-05-01T06:00:00Z,125.00118953,GELA_SYNTHETIC_FIXTURE,SYN_A,2026-07-26T00:00:00Z
SYN_B,BBB,合成市场B,合成指数B,cash_index,price,BBB,Etc/UTC,37.0,127.0,2025-05-01,2025-05-01T08:00:00Z,2025-05-01T14:00:00Z,125.72239221,GELA_SYNTHETIC_FIXTURE,SYN_B,2026-07-26T00:00:00Z
SYN_C,CCC,合成市场C,合成指数C,cash_index,price,CCC,Etc/UTC,51.0,10.0,2025-05-01,2025-05-01T15:00:00Z,2025-05-01T21:00:00Z,100.55876419,GELA_SYNTHETIC_FIXTURE,SYN_C,2026-07-26T00:00:00Z
SYN_A,AAA,合成市场A,合成指数A,cash_index,price,AAA,Etc/UTC,35.0,-95.0,2025-05-02,2025-05-02T00:00:00Z,2025-05-02T06:00:00Z,125.63640731,GELA_SYNTHETIC_FIXTURE,SYN_A,2026-07-26T00:00:00Z
SYN_B,BBB,合成市场B,合成指数B,cash_index,price,BBB,Etc/UTC,37.0,127.0,2025-05-02,2025-05-02T08:00:00Z,2025-05-02T14:00:00Z,125.51468363,GELA_SYNTHETIC_FIXTURE,SYN_B,2026-07-26T00:00:00Z
SYN_C,CCC,合成市场C,合成指数C,cash_index,price,CCC,Etc/UTC,51.0,10.0,2025-05-02,2025-05-02T15:00:00Z,2025-05-02T21:00:00Z,99.55862602,GELA_SYNTHETIC_FIXTURE,SYN_C,2026-07-26T00:00:00Z
SYN_A,AAA,合成市场A,合成指数A,cash_index,price,AAA,Etc/UTC,35.0,-95.0,2025-05-05,2025-05-05T00:00:00Z,2025-05-05T06:00:00Z,126.08180772,GELA_SYNTHETIC_FIXTURE,SYN_A,2026-07-26T00:00:00Z
SYN_B,BBB,合成市场B,合成指数B,cash_index,price,BBB,Etc/UTC,37.0,127.0,2025-05-05,2025-05-05T08:00:00Z,2025-05-05T14:00:00Z,125.25052419,GELA_SYNTHETIC_FIXTURE,SYN_B,2026-07-26T00:00:00Z
SYN_C,CCC,合成市场C,合成指数C,cash_index,price,CCC,Etc/UTC,51.0,10.0,2025-05-05,2025-05-05T15:00:00Z,2025-05-05T21:00:00Z,100.84129056,GELA_SYNTHETIC_FIXTURE,SYN_C,2026-07-26T00:00:00Z
SYN_A,AAA,合成市场A,合成指数A,cash_index,price,AAA,Etc/UTC,35.0,-95.0,2025-05-06,2025-05-06T00:00:00Z,2025-05-06T06:00:00Z,127.17337251,GELA_SYNTHETIC_FIXTURE,SYN_A,2026-07-26T00:00:00Z
SYN_B,BBB,合成市场B,合成指数B,cash_index,price,BBB,Etc/UTC,37.0,127.0,2025-05-06,2025-05-06T08:00:00Z,2025-05-06T14:00:00Z,126.34366801,GELA_SYNTHETIC_FIXTURE,SYN_B,2026-07-26T00:00:00Z
SYN_C,CCC,合成市场C,合成指数C,cash_index,price,CCC,Etc/UTC,51.0,10.0,2025-05-06,2025-05-06T15:00:00Z,2025-05-06T21:00:00Z,99.82219295,GELA_SYNTHETIC_FIXTURE,SYN_C,2026-07-26T00:00:00Z
SYN_A,AAA,合成市场A,合成指数A,cash_index,price,AAA,Etc/UTC,35.0,-95.0,2025-05-07,2025-05-07T00:00:00Z,2025-05-07T06:00:00Z,129.54069653,GELA_SYNTHETIC_FIXTURE,SYN_A,2026-07-26T00:00:00Z
SYN_B,BBB,合成市场B,合成指数B,cash_index,price,BBB,Etc/UTC,37.0,127.0,2025-05-07,2025-05-07T08:00:00Z,2025-05-07T14:00:00Z,128.79718242,GELA_SYNTHETIC_FIXTURE,SYN_B,2026-07-26T00:00:00Z
SYN_C,CCC,合成市场C,合成指数C,cash_index,price,CCC,Etc/UTC,51.0,10.0,2025-05-07,2025-05-07T15:00:00Z,2025-05-07T21:00:00Z,100.12741386,GELA_SYNTHETIC_FIXTURE,SYN_C,2026-07-26T00:00:00Z
SYN_A,AAA,合成市场A,合成指数A,cash_index,price,AAA,Etc/UTC,35.0,-95.0,2025-05-08,2025-05-08T00:00:00Z,2025-05-08T06:00:00Z,128.84619463,GELA_SYNTHETIC_FIXTURE,SYN_A,2026-07-26T00:00:00Z
SYN_B,BBB,合成市场B,合成指数B,cash_index,price,BBB,Etc/UTC,37.0,127.0,2025-05-08,2025-05-08T08:00:00Z,2025-05-08T14:00:00Z,128.38138367,GELA_SYNTHETIC_FIXTURE,SYN_B,2026-07-26T00:00:00Z
SYN_C,CCC,合成市场C,合成指数C,cash_index,price,CCC,Etc/UTC,51.0,10.0,2025-05-08,2025-05-08T15:00:00Z,2025-05-08T21:00:00Z,100.41371056,GELA_SYNTHETIC_FIXTURE,SYN_C,2026-07-26T00:00:00Z
SYN_A,AAA,合成市场A,合成指数A,cash_index,price,AAA,Etc/UTC,35.0,-95.0,2025-05-09,2025-05-09T00:00:00Z,2025-05-09T06:00:00Z,128.54707632,GELA_SYNTHETIC_FIXTURE,SYN_A,2026-07-26T00:00:00Z
SYN_B,BBB,合成市场B,合成指数B,cash_index,price,BBB,Etc/UTC,37.0,127.0,2025-05-09,2025-05-09T08:00:00Z,2025-05-09T14:00:00Z,128.03098840,GELA_SYNTHETIC_FIXTURE,SYN_B,2026-07-26T00:00:00Z
SYN_C,CCC,合成市场C,合成指数C,cash_index,price,CCC,Etc/UTC,51.0,10.0,2025-05-09,2025-05-09T15:00:00Z,2025-05-09T21:00:00Z,100.09931566,GELA_SYNTHETIC_FIXTURE,SYN_C,2026-07-26T00:00:00Z
SYN_A,AAA,合成市场A,合成指数A,cash_index,price,AAA,Etc/UTC,35.0,-95.0,2025-05-12,2025-05-12T00:00:00Z,2025-05-12T06:00:00Z,128.63087080,GELA_SYNTHETIC_FIXTURE,SYN_A,2026-07-26T00:00:00Z
SYN_B,BBB,合成市场B,合成指数B,cash_index,price,BBB,Etc/UTC,37.0,127.0,2025-05-12,2025-05-12T08:00:00Z,2025-05-12T14:00:00Z,127.88325264,GELA_SYNTHETIC_FIXTURE,SYN_B,2026-07-26T00:00:00Z
SYN_C,CCC,合成市场C,合成指数C,cash_index,price,CCC,Etc/UTC,51.0,10.0,2025-05-12,2025-05-12T15:00:00Z,2025-05-12T21:00:00Z,100.39699683,GELA_SYNTHETIC_FIXTURE,SYN_C,2026-07-26T00:00:00Z
SYN_A,AAA,合成市场A,合成指数A,cash_index,price,AAA,Etc/UTC,35.0,-95.0,2025-05-13,2025-05-13T00:00:00Z,2025-05-13T06:00:00Z,127.95532760,GELA_SYNTHETIC_FIXTURE,SYN_A,2026-07-26T00:00:00Z
SYN_B,BBB,合成市场B,合成指数B,cash_index,price,BBB,Etc/UTC,37.0,127.0,2025-05-13,2025-05-13T08:00:00Z,2025-05-13T14:00:00Z,127.10948483,GELA_SYNTHETIC_FIXTURE,SYN_B,2026-07-26T00:00:00Z
SYN_C,CCC,合成市场C,合成指数C,cash_index,price,CCC,Etc/UTC,51.0,10.0,2025-05-13,2025-05-13T15:00:00Z,2025-05-13T21:00:00Z,100.12278351,GELA_SYNTHETIC_FIXTURE,SYN_C,2026-07-26T00:00:00Z
SYN_A,AAA,合成市场A,合成指数A,cash_index,price,AAA,Etc/UTC,35.0,-95.0,2025-05-14,2025-05-14T00:00:00Z,2025-05-14T06:00:00Z,131.00818667,GELA_SYNTHETIC_FIXTURE,SYN_A,2026-07-26T00:00:00Z
SYN_B,BBB,合成市场B,合成指数B,cash_index,price,BBB,Etc/UTC,37.0,127.0,2025-05-14,2025-05-14T08:00:00Z,2025-05-14T14:00:00Z,130.37371841,GELA_SYNTHETIC_FIXTURE,SYN_B,2026-07-26T00:00:00Z
SYN_C,CCC,合成市场C,合成指数C,cash_index,price,CCC,Etc/UTC,51.0,10.0,2025-05-14,2025-05-14T15:00:00Z,2025-05-14T21:00:00Z,100.44685692,GELA_SYNTHETIC_FIXTURE,SYN_C,2026-07-26T00:00:00Z
SYN_A,AAA,合成市场A,合成指数A,cash_index,price,AAA,Etc/UTC,35.0,-95.0,2025-05-15,2025-05-15T00:00:00Z,2025-05-15T06:00:00Z,130.88341245,GELA_SYNTHETIC_FIXTURE,SYN_A,2026-07-26T00:00:00Z
SYN_B,BBB,合成市场B,合成指数B,cash_index,price,BBB,Etc/UTC,37.0,127.0,2025-05-15,2025-05-15T08:00:00Z,2025-05-15T14:00:00Z,130.35388496,GELA_SYNTHETIC_FIXTURE,SYN_B,2026-07-26T00:00:00Z
SYN_C,CCC,合成市场C,合成指数C,cash_index,price,CCC,Etc/UTC,51.0,10.0,2025-05-15,2025-05-15T15:00:00Z,2025-05-15T21:00:00Z,100.74871743,GELA_SYNTHETIC_FIXTURE,SYN_C,2026-07-26T00:00:00Z
SYN_A,AAA,合成市场A,合成指数A,cash_index,price,AAA,Etc/UTC,35.0,-95.0,2025-05-16,2025-05-16T00:00:00Z,2025-05-16T06:00:00Z,129.35140707,GELA_SYNTHETIC_FIXTURE,SYN_A,2026-07-26T00:00:00Z
SYN_B,BBB,合成市场B,合成指数B,cash_index,price,BBB,Etc/UTC,37.0,127.0,2025-05-16,2025-05-16T08:00:00Z,2025-05-16T14:00:00Z,128.57917044,GELA_SYNTHETIC_FIXTURE,SYN_B,2026-07-26T00:00:00Z
SYN_C,CCC,合成市场C,合成指数C,cash_index,price,CCC,Etc/UTC,51.0,10.0,2025-05-16,2025-05-16T15:00:00Z,2025-05-16T21:00:00Z,100.74778806,GELA_SYNTHETIC_FIXTURE,SYN_C,2026-07-26T00:00:00Z
SYN_A,AAA,合成市场A,合成指数A,cash_index,price,AAA,Etc/UTC,35.0,-95.0,2025-05-19,2025-05-19T00:00:00Z,2025-05-19T06:00:00Z,132.02873311,GELA_SYNTHETIC_FIXTURE,SYN_A,2026-07-26T00:00:00Z
SYN_B,BBB,合成市场B,合成指数B,cash_index,price,BBB,Etc/UTC,37.0,127.0,2025-05-19,2025-05-19T08:00:00Z,2025-05-19T14:00:00Z,131.10841923,GELA_SYNTHETIC_FIXTURE,SYN_B,2026-07-26T00:00:00Z
SYN_C,CCC,合成市场C,合成指数C,cash_index,price,CCC,Etc/UTC,51.0,10.0,2025-05-19,2025-05-19T15:00:00Z,2025-05-19T21:00:00Z,100.00852283,GELA_SYNTHETIC_FIXTURE,SYN_C,2026-07-26T00:00:00Z
SYN_A,AAA,合成市场A,合成指数A,cash_index,price,AAA,Etc/UTC,35.0,-95.0,2025-05-20,2025-05-20T00:00:00Z,2025-05-20T06:00:00Z,132.67920379,GELA_SYNTHETIC_FIXTURE,SYN_A,2026-07-26T00:00:00Z
SYN_B,BBB,合成市场B,合成指数B,cash_index,price,BBB,Etc/UTC,37.0,127.0,2025-05-20,2025-05-20T08:00:00Z,2025-05-20T14:00:00Z,131.70986862,GELA_SYNTHETIC_FIXTURE,SYN_B,2026-07-26T00:00:00Z
SYN_C,CCC,合成市场C,合成指数C,cash_index,price,CCC,Etc/UTC,51.0,10.0,2025-05-20,2025-05-20T15:00:00Z,2025-05-20T21:00:00Z,103.23680528,GELA_SYNTHETIC_FIXTURE,SYN_C,2026-07-26T00:00:00Z
SYN_A,AAA,合成市场A,合成指数A,cash_index,price,AAA,Etc/UTC,35.0,-95.0,2025-05-21,2025-05-21T00:00:00Z,2025-05-21T06:00:00Z,132.08786492,GELA_SYNTHETIC_FIXTURE,SYN_A,2026-07-26T00:00:00Z
SYN_B,BBB,合成市场B,合成指数B,cash_index,price,BBB,Etc/UTC,37.0,127.0,2025-05-21,2025-05-21T08:00:00Z,2025-05-21T14:00:00Z,132.10027280,GELA_SYNTHETIC_FIXTURE,SYN_B,2026-07-26T00:00:00Z
SYN_C,CCC,合成市场C,合成指数C,cash_index,price,CCC,Etc/UTC,51.0,10.0,2025-05-21,2025-05-21T15:00:00Z,2025-05-21T21:00:00Z,102.24105937,GELA_SYNTHETIC_FIXTURE,SYN_C,2026-07-26T00:00:00Z
SYN_A,AAA,合成市场A,合成指数A,cash_index,price,AAA,Etc/UTC,35.0,-95.0,2025-05-22,2025-05-22T00:00:00Z,2025-05-22T06:00:00Z,133.26507748,GELA_SYNTHETIC_FIXTURE,SYN_A,2026-07-26T00:00:00Z
SYN_B,BBB,合成市场B,合成指数B,cash_index,price,BBB,Etc/UTC,37.0,127.0,2025-05-22,2025-05-22T08:00:00Z,2025-05-22T14:00:00Z,133.86478217,GELA_SYNTHETIC_FIXTURE,SYN_B,2026-07-26T00:00:00Z
SYN_C,CCC,合成市场C,合成指数C,cash_index,price,CCC,Etc/UTC,51.0,10.0,2025-05-22,2025-05-22T15:00:00Z,2025-05-22T21:00:00Z,102.75745425,GELA_SYNTHETIC_FIXTURE,SYN_C,2026-07-26T00:00:00Z
SYN_A,AAA,合成市场A,合成指数A,cash_index,price,AAA,Etc/UTC,35.0,-95.0,2025-05-23,2025-05-23T00:00:00Z,2025-05-23T06:00:00Z,134.56772688,GELA_SYNTHETIC_FIXTURE,SYN_A,2026-07-26T00:00:00Z
SYN_B,BBB,合成市场B,合成指数B,cash_index,price,BBB,Etc/UTC,37.0,127.0,2025-05-23,2025-05-23T08:00:00Z,2025-05-23T14:00:00Z,134.55163286,GELA_SYNTHETIC_FIXTURE,SYN_B,2026-07-26T00:00:00Z
SYN_C,CCC,合成市场C,合成指数C,cash_index,price,CCC,Etc/UTC,51.0,10.0,2025-05-23,2025-05-23T15:00:00Z,2025-05-23T21:00:00Z,103.93152561,GELA_SYNTHETIC_FIXTURE,SYN_C,2026-07-26T00:00:00Z
SYN_A,AAA,合成市场A,合成指数A,cash_index,price,AAA,Etc/UTC,35.0,-95.0,2025-05-26,2025-05-26T00:00:00Z,2025-05-26T06:00:00Z,133.08784202,GELA_SYNTHETIC_FIXTURE,SYN_A,2026-07-26T00:00:00Z
SYN_B,BBB,合成市场B,合成指数B,cash_index,price,BBB,Etc/UTC,37.0,127.0,2025-05-26,2025-05-26T08:00:00Z,2025-05-26T14:00:00Z,132.80404963,GELA_SYNTHETIC_FIXTURE,SYN_B,2026-07-26T00:00:00Z
SYN_C,CCC,合成市场C,合成指数C,cash_index,price,CCC,Etc/UTC,51.0,10.0,2025-05-26,2025-05-26T15:00:00Z,2025-05-26T21:00:00Z,104.01034624,GELA_SYNTHETIC_FIXTURE,SYN_C,2026-07-26T00:00:00Z
SYN_A,AAA,合成市场A,合成指数A,cash_index,price,AAA,Etc/UTC,35.0,-95.0,2025-05-27,2025-05-27T00:00:00Z,2025-05-27T06:00:00Z,134.33962974,GELA_SYNTHETIC_FIXTURE,SYN_A,2026-07-26T00:00:00Z
SYN_B,BBB,合成市场B,合成指数B,cash_index,price,BBB,Etc/UTC,37.0,127.0,2025-05-27,2025-05-27T08:00:00Z,2025-05-27T14:00:00Z,134.42832996,GELA_SYNTHETIC_FIXTURE,SYN_B,2026-07-26T00:00:00Z
SYN_C,CCC,合成市场C,合成指数C,cash_index,price,CCC,Etc/UTC,51.0,10.0,2025-05-27,2025-05-27T15:00:00Z,2025-05-27T21:00:00Z,106.12168896,GELA_SYNTHETIC_FIXTURE,SYN_C,2026-07-26T00:00:00Z
SYN_A,AAA,合成市场A,合成指数A,cash_index,price,AAA,Etc/UTC,35.0,-95.0,2025-05-28,2025-05-28T00:00:00Z,2025-05-28T06:00:00Z,133.39585964,GELA_SYNTHETIC_FIXTURE,SYN_A,2026-07-26T00:00:00Z
SYN_B,BBB,合成市场B,合成指数B,cash_index,price,BBB,Etc/UTC,37.0,127.0,2025-05-28,2025-05-28T08:00:00Z,2025-05-28T14:00:00Z,133.38909261,GELA_SYNTHETIC_FIXTURE,SYN_B,2026-07-26T00:00:00Z
SYN_C,CCC,合成市场C,合成指数C,cash_index,price,CCC,Etc/UTC,51.0,10.0,2025-05-28,2025-05-28T15:00:00Z,2025-05-28T21:00:00Z,106.03193324,GELA_SYNTHETIC_FIXTURE,SYN_C,2026-07-26T00:00:00Z
SYN_A,AAA,合成市场A,合成指数A,cash_index,price,AAA,Etc/UTC,35.0,-95.0,2025-05-29,2025-05-29T00:00:00Z,2025-05-29T06:00:00Z,135.07906635,GELA_SYNTHETIC_FIXTURE,SYN_A,2026-07-26T00:00:00Z
SYN_B,BBB,合成市场B,合成指数B,cash_index,price,BBB,Etc/UTC,37.0,127.0,2025-05-29,2025-05-29T08:00:00Z,2025-05-29T14:00:00Z,134.71559955,GELA_SYNTHETIC_FIXTURE,SYN_B,2026-07-26T00:00:00Z
SYN_C,CCC,合成市场C,合成指数C,cash_index,price,CCC,Etc/UTC,51.0,10.0,2025-05-29,2025-05-29T15:00:00Z,2025-05-29T21:00:00Z,103.92660477,GELA_SYNTHETIC_FIXTURE,SYN_C,2026-07-26T00:00:00Z
SYN_A,AAA,合成市场A,合成指数A,cash_index,price,AAA,Etc/UTC,35.0,-95.0,2025-05-30,2025-05-30T00:00:00Z,2025-05-30T06:00:00Z,134.58709684,GELA_SYNTHETIC_FIXTURE,SYN_A,2026-07-26T00:00:00Z
SYN_B,BBB,合成市场B,合成指数B,cash_index,price,BBB,Etc/UTC,37.0,127.0,2025-05-30,2025-05-30T08:00:00Z,2025-05-30T14:00:00Z,133.88458932,GELA_SYNTHETIC_FIXTURE,SYN_B,2026-07-26T00:00:00Z
SYN_C,CCC,合成市场C,合成指数C,cash_index,price,CCC,Etc/UTC,51.0,10.0,2025-05-30,2025-05-30T15:00:00Z,2025-05-30T21:00:00Z,104.04218600,GELA_SYNTHETIC_FIXTURE,SYN_C,2026-07-26T00:00:00Z
SYN_A,AAA,合成市场A,合成指数A,cash_index,price,AAA,Etc/UTC,35.0,-95.0,2025-06-02,2025-06-02T00:00:00Z,2025-06-02T06:00:00Z,135.80803933,GELA_SYNTHETIC_FIXTURE,SYN_A,2026-07-26T00:00:00Z
SYN_B,BBB,合成市场B,合成指数B,cash_index,price,BBB,Etc/UTC,37.0,127.0,2025-06-02,2025-06-02T08:00:00Z,2025-06-02T14:00:00Z,133.95959675,GELA_SYNTHETIC_FIXTURE,SYN_B,2026-07-26T00:00:00Z
SYN_C,CCC,合成市场C,合成指数C,cash_index,price,CCC,Etc/UTC,51.0,10.0,2025-06-02,2025-06-02T15:00:00Z,2025-06-02T21:00:00Z,105.55829620,GELA_SYNTHETIC_FIXTURE,SYN_C,2026-07-26T00:00:00Z
SYN_A,AAA,合成市场A,合成指数A,cash_index,price,AAA,Etc/UTC,35.0,-95.0,2025-06-03,2025-06-03T00:00:00Z,2025-06-03T06:00:00Z,135.28099832,GELA_SYNTHETIC_FIXTURE,SYN_A,2026-07-26T00:00:00Z
SYN_B,BBB,合成市场B,合成指数B,cash_index,price,BBB,Etc/UTC,37.0,127.0,2025-06-03,2025-06-03T08:00:00Z,2025-06-03T14:00:00Z,133.95053802,GELA_SYNTHETIC_FIXTURE,SYN_B,2026-07-26T00:00:00Z
SYN_C,CCC,合成市场C,合成指数C,cash_index,price,CCC,Etc/UTC,51.0,10.0,2025-06-03,2025-06-03T15:00:00Z,2025-06-03T21:00:00Z,106.54640491,GELA_SYNTHETIC_FIXTURE,SYN_C,2026-07-26T00:00:00Z
SYN_A,AAA,合成市场A,合成指数A,cash_index,price,AAA,Etc/UTC,35.0,-95.0,2025-06-04,2025-06-04T00:00:00Z,2025-06-04T06:00:00Z,133.48236128,GELA_SYNTHETIC_FIXTURE,SYN_A,2026-07-26T00:00:00Z
SYN_B,BBB,合成市场B,合成指数B,cash_index,price,BBB,Etc/UTC,37.0,127.0,2025-06-04,2025-06-04T08:00:00Z,2025-06-04T14:00:00Z,132.60002853,GELA_SYNTHETIC_FIXTURE,SYN_B,2026-07-26T00:00:00Z
SYN_C,CCC,合成市场C,合成指数C,cash_index,price,CCC,Etc/UTC,51.0,10.0,2025-06-04,2025-06-04T15:00:00Z,2025-06-04T21:00:00Z,105.90534148,GELA_SYNTHETIC_FIXTURE,SYN_C,2026-07-26T00:00:00Z
SYN_A,AAA,合成市场A,合成指数A,cash_index,price,AAA,Etc/UTC,35.0,-95.0,2025-06-05,2025-06-05T00:00:00Z,2025-06-05T06:00:00Z,130.62475510,GELA_SYNTHETIC_FIXTURE,SYN_A,2026-07-26T00:00:00Z
SYN_B,BBB,合成市场B,合成指数B,cash_index,price,BBB,Etc/UTC,37.0,127.0,2025-06-05,2025-06-05T08:00:00Z,2025-06-05T14:00:00Z,129.99797734,GELA_SYNTHETIC_FIXTURE,SYN_B,2026-07-26T00:00:00Z
SYN_C,CCC,合成市场C,合成指数C,cash_index,price,CCC,Etc/UTC,51.0,10.0,2025-06-05,2025-06-05T15:00:00Z,2025-06-05T21:00:00Z,105.19357407,GELA_SYNTHETIC_FIXTURE,SYN_C,2026-07-26T00:00:00Z
SYN_A,AAA,合成市场A,合成指数A,cash_index,price,AAA,Etc/UTC,35.0,-95.0,2025-06-06,2025-06-06T00:00:00Z,2025-06-06T06:00:00Z,131.90895847,GELA_SYNTHETIC_FIXTURE,SYN_A,2026-07-26T00:00:00Z
SYN_B,BBB,合成市场B,合成指数B,cash_index,price,BBB,Etc/UTC,37.0,127.0,2025-06-06,2025-06-06T08:00:00Z,2025-06-06T14:00:00Z,130.84338809,GELA_SYNTHETIC_FIXTURE,SYN_B,2026-07-26T00:00:00Z
SYN_C,CCC,合成市场C,合成指数C,cash_index,price,CCC,Etc/UTC,51.0,10.0,2025-06-06,2025-06-06T15:00:00Z,2025-06-06T21:00:00Z,103.61194487,GELA_SYNTHETIC_FIXTURE,SYN_C,2026-07-26T00:00:00Z
SYN_A,AAA,合成市场A,合成指数A,cash_index,price,AAA,Etc/UTC,35.0,-95.0,2025-06-09,2025-06-09T00:00:00Z,2025-06-09T06:00:00Z,132.26021326,GELA_SYNTHETIC_FIXTURE,SYN_A,2026-07-26T00:00:00Z
SYN_B,BBB,合成市场B,合成指数B,cash_index,price,BBB,Etc/UTC,37.0,127.0,2025-06-09,2025-06-09T08:00:00Z,2025-06-09T14:00:00Z,131.63785685,GELA_SYNTHETIC_FIXTURE,SYN_B,2026-07-26T00:00:00Z
SYN_C,CCC,合成市场C,合成指数C,cash_index,price,CCC,Etc/UTC,51.0,10.0,2025-06-09,2025-06-09T15:00:00Z,2025-06-09T21:00:00Z,105.09824679,GELA_SYNTHETIC_FIXTURE,SYN_C,2026-07-26T00:00:00Z
SYN_A,AAA,合成市场A,合成指数A,cash_index,price,AAA,Etc/UTC,35.0,-95.0,2025-06-10,2025-06-10T00:00:00Z,2025-06-10T06:00:00Z,131.61677459,GELA_SYNTHETIC_FIXTURE,SYN_A,2026-07-26T00:00:00Z
SYN_B,BBB,合成市场B,合成指数B,cash_index,price,BBB,Etc/UTC,37.0,127.0,2025-06-10,2025-06-10T08:00:00Z,2025-06-10T14:00:00Z,131.25754875,GELA_SYNTHETIC_FIXTURE,SYN_B,2026-07-26T00:00:00Z
SYN_C,CCC,合成市场C,合成指数C,cash_index,price,CCC,Etc/UTC,51.0,10.0,2025-06-10,2025-06-10T15:00:00Z,2025-06-10T21:00:00Z,103.88935516,GELA_SYNTHETIC_FIXTURE,SYN_C,2026-07-26T00:00:00Z
SYN_A,AAA,合成市场A,合成指数A,cash_index,price,AAA,Etc/UTC,35.0,-95.0,2025-06-11,2025-06-11T00:00:00Z,2025-06-11T06:00:00Z,130.22981834,GELA_SYNTHETIC_FIXTURE,SYN_A,2026-07-26T00:00:00Z
SYN_B,BBB,合成市场B,合成指数B,cash_index,price,BBB,Etc/UTC,37.0,127.0,2025-06-11,2025-06-11T08:00:00Z,2025-06-11T14:00:00Z,130.21834572,GELA_SYNTHETIC_FIXTURE,SYN_B,2026-07-26T00:00:00Z
SYN_C,CCC,合成市场C,合成指数C,cash_index,price,CCC,Etc/UTC,51.0,10.0,2025-06-11,2025-06-11T15:00:00Z,2025-06-11T21:00:00Z,103.86042660,GELA_SYNTHETIC_FIXTURE,SYN_C,2026-07-26T00:00:00Z
SYN_A,AAA,合成市场A,合成指数A,cash_index,price,AAA,Etc/UTC,35.0,-95.0,2025-06-12,2025-06-12T00:00:00Z,2025-06-12T06:00:00Z,131.91063684,GELA_SYNTHETIC_FIXTURE,SYN_A,2026-07-26T00:00:00Z
SYN_B,BBB,合成市场B,合成指数B,cash_index,price,BBB,Etc/UTC,37.0,127.0,2025-06-12,2025-06-12T08:00:00Z,2025-06-12T14:00:00Z,132.16057205,GELA_SYNTHETIC_FIXTURE,SYN_B,2026-07-26T00:00:00Z
SYN_C,CCC,合成市场C,合成指数C,cash_index,price,CCC,Etc/UTC,51.0,10.0,2025-06-12,2025-06-12T15:00:00Z,2025-06-12T21:00:00Z,104.99144304,GELA_SYNTHETIC_FIXTURE,SYN_C,2026-07-26T00:00:00Z
SYN_A,AAA,合成市场A,合成指数A,cash_index,price,AAA,Etc/UTC,35.0,-95.0,2025-06-13,2025-06-13T00:00:00Z,2025-06-13T06:00:00Z,131.99745087,GELA_SYNTHETIC_FIXTURE,SYN_A,2026-07-26T00:00:00Z
SYN_B,BBB,合成市场B,合成指数B,cash_index,price,BBB,Etc/UTC,37.0,127.0,2025-06-13,2025-06-13T08:00:00Z,2025-06-13T14:00:00Z,131.96256577,GELA_SYNTHETIC_FIXTURE,SYN_B,2026-07-26T00:00:00Z
SYN_C,CCC,合成市场C,合成指数C,cash_index,price,CCC,Etc/UTC,51.0,10.0,2025-06-13,2025-06-13T15:00:00Z,2025-06-13T21:00:00Z,104.31299544,GELA_SYNTHETIC_FIXTURE,SYN_C,2026-07-26T00:00:00Z
SYN_A,AAA,合成市场A,合成指数A,cash_index,price,AAA,Etc/UTC,35.0,-95.0,2025-06-16,2025-06-16T00:00:00Z,2025-06-16T06:00:00Z,132.45843062,GELA_SYNTHETIC_FIXTURE,SYN_A,2026-07-26T00:00:00Z
SYN_B,BBB,合成市场B,合成指数B,cash_index,price,BBB,Etc/UTC,37.0,127.0,2025-06-16,2025-06-16T08:00:00Z,2025-06-16T14:00:00Z,133.02449652,GELA_SYNTHETIC_FIXTURE,SYN_B,2026-07-26T00:00:00Z
SYN_C,CCC,合成市场C,合成指数C,cash_index,price,CCC,Etc/UTC,51.0,10.0,2025-06-16,2025-06-16T15:00:00Z,2025-06-16T21:00:00Z,105.09609114,GELA_SYNTHETIC_FIXTURE,SYN_C,2026-07-26T00:00:00Z
SYN_A,AAA,合成市场A,合成指数A,cash_index,price,AAA,Etc/UTC,35.0,-95.0,2025-06-17,2025-06-17T00:00:00Z,2025-06-17T06:00:00Z,135.49194021,GELA_SYNTHETIC_FIXTURE,SYN_A,2026-07-26T00:00:00Z
SYN_B,BBB,合成市场B,合成指数B,cash_index,price,BBB,Etc/UTC,37.0,127.0,2025-06-17,2025-06-17T08:00:00Z,2025-06-17T14:00:00Z,134.30642855,GELA_SYNTHETIC_FIXTURE,SYN_B,2026-07-26T00:00:00Z
SYN_C,CCC,合成市场C,合成指数C,cash_index,price,CCC,Etc/UTC,51.0,10.0,2025-06-17,2025-06-17T15:00:00Z,2025-06-17T21:00:00Z,104.77498901,GELA_SYNTHETIC_FIXTURE,SYN_C,2026-07-26T00:00:00Z
SYN_A,AAA,合成市场A,合成指数A,cash_index,price,AAA,Etc/UTC,35.0,-95.0,2025-06-18,2025-06-18T00:00:00Z,2025-06-18T06:00:00Z,135.67122439,GELA_SYNTHETIC_FIXTURE,SYN_A,2026-07-26T00:00:00Z
SYN_B,BBB,合成市场B,合成指数B,cash_index,price,BBB,Etc/UTC,37.0,127.0,2025-06-18,2025-06-18T08:00:00Z,2025-06-18T14:00:00Z,134.55983529,GELA_SYNTHETIC_FIXTURE,SYN_B,2026-07-26T00:00:00Z
SYN_C,CCC,合成市场C,合成指数C,cash_index,price,CCC,Etc/UTC,51.0,10.0,2025-06-18,2025-06-18T15:00:00Z,2025-06-18T21:00:00Z,103.76014351,GELA_SYNTHETIC_FIXTURE,SYN_C,2026-07-26T00:00:00Z
SYN_A,AAA,合成市场A,合成指数A,cash_index,price,AAA,Etc/UTC,35.0,-95.0,2025-06-19,2025-06-19T00:00:00Z,2025-06-19T06:00:00Z,133.67609402,GELA_SYNTHETIC_FIXTURE,SYN_A,2026-07-26T00:00:00Z
SYN_B,BBB,合成市场B,合成指数B,cash_index,price,BBB,Etc/UTC,37.0,127.0,2025-06-19,2025-06-19T08:00:00Z,2025-06-19T14:00:00Z,132.40109989,GELA_SYNTHETIC_FIXTURE,SYN_B,2026-07-26T00:00:00Z
SYN_C,CCC,合成市场C,合成指数C,cash_index,price,CCC,Etc/UTC,51.0,10.0,2025-06-19,2025-06-19T15:00:00Z,2025-06-19T21:00:00Z,104.37133813,GELA_SYNTHETIC_FIXTURE,SYN_C,2026-07-26T00:00:00Z
SYN_A,AAA,合成市场A,合成指数A,cash_index,price,AAA,Etc/UTC,35.0,-95.0,2025-06-20,2025-06-20T00:00:00Z,2025-06-20T06:00:00Z,135.64031695,GELA_SYNTHETIC_FIXTURE,SYN_A,2026-07-26T00:00:00Z
SYN_B,BBB,合成市场B,合成指数B,cash_index,price,BBB,Etc/UTC,37.0,127.0,2025-06-20,2025-06-20T08:00:00Z,2025-06-20T14:00:00Z,134.01750476,GELA_SYNTHETIC_FIXTURE,SYN_B,2026-07-26T00:00:00Z
SYN_C,CCC,合成市场C,合成指数C,cash_index,price,CCC,Etc/UTC,51.0,10.0,2025-06-20,2025-06-20T15:00:00Z,2025-06-20T21:00:00Z,103.20159268,GELA_SYNTHETIC_FIXTURE,SYN_C,2026-07-26T00:00:00Z
SYN_A,AAA,合成市场A,合成指数A,cash_index,price,AAA,Etc/UTC,35.0,-95.0,2025-06-23,2025-06-23T00:00:00Z,2025-06-23T06:00:00Z,136.00129966,GELA_SYNTHETIC_FIXTURE,SYN_A,2026-07-26T00:00:00Z
SYN_B,BBB,合成市场B,合成指数B,cash_index,price,BBB,Etc/UTC,37.0,127.0,2025-06-23,2025-06-23T08:00:00Z,2025-06-23T14:00:00Z,134.32533891,GELA_SYNTHETIC_FIXTURE,SYN_B,2026-07-26T00:00:00Z
SYN_C,CCC,合成市场C,合成指数C,cash_index,price,CCC,Etc/UTC,51.0,10.0,2025-06-23,2025-06-23T15:00:00Z,2025-06-23T21:00:00Z,104.16258107,GELA_SYNTHETIC_FIXTURE,SYN_C,2026-07-26T00:00:00Z
SYN_A,AAA,合成市场A,合成指数A,cash_index,price,AAA,Etc/UTC,35.0,-95.0,2025-06-24,2025-06-24T00:00:00Z,2025-06-24T06:00:00Z,136.91822895,GELA_SYNTHETIC_FIXTURE,SYN_A,2026-07-26T00:00:00Z
SYN_B,BBB,合成市场B,合成指数B,cash_index,price,BBB,Etc/UTC,37.0,127.0,2025-06-24,2025-06-24T08:00:00Z,2025-06-24T14:00:00Z,135.16458130,GELA_SYNTHETIC_FIXTURE,SYN_B,2026-07-26T00:00:00Z
SYN_C,CCC,合成市场C,合成指数C,cash_index,price,CCC,Etc/UTC,51.0,10.0,2025-06-24,2025-06-24T15:00:00Z,2025-06-24T21:00:00Z,104.16754777,GELA_SYNTHETIC_FIXTURE,SYN_C,2026-07-26T00:00:00Z
SYN_A,AAA,合成市场A,合成指数A,cash_index,price,AAA,Etc/UTC,35.0,-95.0,2025-06-25,2025-06-25T00:00:00Z,2025-06-25T06:00:00Z,136.41446455,GELA_SYNTHETIC_FIXTURE,SYN_A,2026-07-26T00:00:00Z
SYN_B,BBB,合成市场B,合成指数B,cash_index,price,BBB,Etc/UTC,37.0,127.0,2025-06-25,2025-06-25T08:00:00Z,2025-06-25T14:00:00Z,134.57663747,GELA_SYNTHETIC_FIXTURE,SYN_B,2026-07-26T00:00:00Z
SYN_C,CCC,合成市场C,合成指数C,cash_index,price,CCC,Etc/UTC,51.0,10.0,2025-06-25,2025-06-25T15:00:00Z,2025-06-25T21:00:00Z,102.59920978,GELA_SYNTHETIC_FIXTURE,SYN_C,2026-07-26T00:00:00Z
SYN_A,AAA,合成市场A,合成指数A,cash_index,price,AAA,Etc/UTC,35.0,-95.0,2025-06-26,2025-06-26T00:00:00Z,2025-06-26T06:00:00Z,137.25094318,GELA_SYNTHETIC_FIXTURE,SYN_A,2026-07-26T00:00:00Z
SYN_B,BBB,合成市场B,合成指数B,cash_index,price,BBB,Etc/UTC,37.0,127.0,2025-06-26,2025-06-26T08:00:00Z,2025-06-26T14:00:00Z,134.77028063,GELA_SYNTHETIC_FIXTURE,SYN_B,2026-07-26T00:00:00Z
SYN_C,CCC,合成市场C,合成指数C,cash_index,price,CCC,Etc/UTC,51.0,10.0,2025-06-26,2025-06-26T15:00:00Z,2025-06-26T21:00:00Z,103.29727673,GELA_SYNTHETIC_FIXTURE,SYN_C,2026-07-26T00:00:00Z
SYN_A,AAA,合成市场A,合成指数A,cash_index,price,AAA,Etc/UTC,35.0,-95.0,2025-06-27,2025-06-27T00:00:00Z,2025-06-27T06:00:00Z,137.01039606,GELA_SYNTHETIC_FIXTURE,SYN_A,2026-07-26T00:00:00Z
SYN_B,BBB,合成市场B,合成指数B,cash_index,price,BBB,Etc/UTC,37.0,127.0,2025-06-27,2025-06-27T08:00:00Z,2025-06-27T14:00:00Z,134.61802335,GELA_SYNTHETIC_FIXTURE,SYN_B,2026-07-26T00:00:00Z
SYN_C,CCC,合成市场C,合成指数C,cash_index,price,CCC,Etc/UTC,51.0,10.0,2025-06-27,2025-06-27T15:00:00Z,2025-06-27T21:00:00Z,103.61698513,GELA_SYNTHETIC_FIXTURE,SYN_C,2026-07-26T00:00:00Z
SYN_A,AAA,合成市场A,合成指数A,cash_index,price,AAA,Etc/UTC,35.0,-95.0,2025-06-30,2025-06-30T00:00:00Z,2025-06-30T06:00:00Z,136.53553910,GELA_SYNTHETIC_FIXTURE,SYN_A,2026-07-26T00:00:00Z
SYN_B,BBB,合成市场B,合成指数B,cash_index,price,BBB,Etc/UTC,37.0,127.0,2025-06-30,2025-06-30T08:00:00Z,2025-06-30T14:00:00Z,134.87004674,GELA_SYNTHETIC_FIXTURE,SYN_B,2026-07-26T00:00:00Z
SYN_C,CCC,合成市场C,合成指数C,cash_index,price,CCC,Etc/UTC,51.0,10.0,2025-06-30,2025-06-30T15:00:00Z,2025-06-30T21:00:00Z,103.79851591,GELA_SYNTHETIC_FIXTURE,SYN_C,2026-07-26T00:00:00Z
SYN_A,AAA,合成市场A,合成指数A,cash_index,price,AAA,Etc/UTC,35.0,-95.0,2025-07-01,2025-07-01T00:00:00Z,2025-07-01T06:00:00Z,134.42049474,GELA_SYNTHETIC_FIXTURE,SYN_A,2026-07-26T00:00:00Z
SYN_B,BBB,合成市场B,合成指数B,cash_index,price,BBB,Etc/UTC,37.0,127.0,2025-07-01,2025-07-01T08:00:00Z,2025-07-01T14:00:00Z,132.14245139,GELA_SYNTHETIC_FIXTURE,SYN_B,2026-07-26T00:00:00Z
SYN_C,CCC,合成市场C,合成指数C,cash_index,price,CCC,Etc/UTC,51.0,10.0,2025-07-01,2025-07-01T15:00:00Z,2025-07-01T21:00:00Z,103.59402609,GELA_SYNTHETIC_FIXTURE,SYN_C,2026-07-26T00:00:00Z
SYN_A,AAA,合成市场A,合成指数A,cash_index,price,AAA,Etc/UTC,35.0,-95.0,2025-07-02,2025-07-02T00:00:00Z,2025-07-02T06:00:00Z,133.03928631,GELA_SYNTHETIC_FIXTURE,SYN_A,2026-07-26T00:00:00Z
SYN_B,BBB,合成市场B,合成指数B,cash_index,price,BBB,Etc/UTC,37.0,127.0,2025-07-02,2025-07-02T08:00:00Z,2025-07-02T14:00:00Z,131.43093106,GELA_SYNTHETIC_FIXTURE,SYN_B,2026-07-26T00:00:00Z
SYN_C,CCC,合成市场C,合成指数C,cash_index,price,CCC,Etc/UTC,51.0,10.0,2025-07-02,2025-07-02T15:00:00Z,2025-07-02T21:00:00Z,104.14113697,GELA_SYNTHETIC_FIXTURE,SYN_C,2026-07-26T00:00:00Z
SYN_A,AAA,合成市场A,合成指数A,cash_index,price,AAA,Etc/UTC,35.0,-95.0,2025-07-03,2025-07-03T00:00:00Z,2025-07-03T06:00:00Z,135.43780579,GELA_SYNTHETIC_FIXTURE,SYN_A,2026-07-26T00:00:00Z
SYN_B,BBB,合成市场B,合成指数B,cash_index,price,BBB,Etc/UTC,37.0,127.0,2025-07-03,2025-07-03T08:00:00Z,2025-07-03T14:00:00Z,132.08627501,GELA_SYNTHETIC_FIXTURE,SYN_B,2026-07-26T00:00:00Z
SYN_C,CCC,合成市场C,合成指数C,cash_index,price,CCC,Etc/UTC,51.0,10.0,2025-07-03,2025-07-03T15:00:00Z,2025-07-03T21:00:00Z,102.24773637,GELA_SYNTHETIC_FIXTURE,SYN_C,2026-07-26T00:00:00Z
SYN_A,AAA,合成市场A,合成指数A,cash_index,price,AAA,Etc/UTC,35.0,-95.0,2025-07-04,2025-07-04T00:00:00Z,2025-07-04T06:00:00Z,135.78163156,GELA_SYNTHETIC_FIXTURE,SYN_A,2026-07-26T00:00:00Z
SYN_B,BBB,合成市场B,合成指数B,cash_index,price,BBB,Etc/UTC,37.0,127.0,2025-07-04,2025-07-04T08:00:00Z,2025-07-04T14:00:00Z,132.52481072,GELA_SYNTHETIC_FIXTURE,SYN_B,2026-07-26T00:00:00Z
SYN_C,CCC,合成市场C,合成指数C,cash_index,price,CCC,Etc/UTC,51.0,10.0,2025-07-04,2025-07-04T15:00:00Z,2025-07-04T21:00:00Z,101.58970422,GELA_SYNTHETIC_FIXTURE,SYN_C,2026-07-26T00:00:00Z
SYN_A,AAA,合成市场A,合成指数A,cash_index,price,AAA,Etc/UTC,35.0,-95.0,2025-07-07,2025-07-07T00:00:00Z,2025-07-07T06:00:00Z,137.33028955,GELA_SYNTHETIC_FIXTURE,SYN_A,2026-07-26T00:00:00Z
SYN_B,BBB,合成市场B,合成指数B,cash_index,price,BBB,Etc/UTC,37.0,127.0,2025-07-07,2025-07-07T08:00:00Z,2025-07-07T14:00:00Z,132.86936127,GELA_SYNTHETIC_FIXTURE,SYN_B,2026-07-26T00:00:00Z
SYN_C,CCC,合成市场C,合成指数C,cash_index,price,CCC,Etc/UTC,51.0,10.0,2025-07-07,2025-07-07T15:00:00Z,2025-07-07T21:00:00Z,102.53140603,GELA_SYNTHETIC_FIXTURE,SYN_C,2026-07-26T00:00:00Z
SYN_A,AAA,合成市场A,合成指数A,cash_index,price,AAA,Etc/UTC,35.0,-95.0,2025-07-08,2025-07-08T00:00:00Z,2025-07-08T06:00:00Z,137.35004746,GELA_SYNTHETIC_FIXTURE,SYN_A,2026-07-26T00:00:00Z
SYN_B,BBB,合成市场B,合成指数B,cash_index,price,BBB,Etc/UTC,37.0,127.0,2025-07-08,2025-07-08T08:00:00Z,2025-07-08T14:00:00Z,134.16744526,GELA_SYNTHETIC_FIXTURE,SYN_B,2026-07-26T00:00:00Z
SYN_C,CCC,合成市场C,合成指数C,cash_index,price,CCC,Etc/UTC,51.0,10.0,2025-07-08,2025-07-08T15:00:00Z,2025-07-08T21:00:00Z,101.39639871,GELA_SYNTHETIC_FIXTURE,SYN_C,2026-07-26T00:00:00Z
SYN_A,AAA,合成市场A,合成指数A,cash_index,price,AAA,Etc/UTC,35.0,-95.0,2025-07-09,2025-07-09T00:00:00Z,2025-07-09T06:00:00Z,135.99236931,GELA_SYNTHETIC_FIXTURE,SYN_A,2026-07-26T00:00:00Z
SYN_B,BBB,合成市场B,合成指数B,cash_index,price,BBB,Etc/UTC,37.0,127.0,2025-07-09,2025-07-09T08:00:00Z,2025-07-09T14:00:00Z,133.20796571,GELA_SYNTHETIC_FIXTURE,SYN_B,2026-07-26T00:00:00Z
SYN_C,CCC,合成市场C,合成指数C,cash_index,price,CCC,Etc/UTC,51.0,10.0,2025-07-09,2025-07-09T15:00:00Z,2025-07-09T21:00:00Z,102.24632930,GELA_SYNTHETIC_FIXTURE,SYN_C,2026-07-26T00:00:00Z
SYN_A,AAA,合成市场A,合成指数A,cash_index,price,AAA,Etc/UTC,35.0,-95.0,2025-07-10,2025-07-10T00:00:00Z,2025-07-10T06:00:00Z,136.27854492,GELA_SYNTHETIC_FIXTURE,SYN_A,2026-07-26T00:00:00Z
SYN_B,BBB,合成市场B,合成指数B,cash_index,price,BBB,Etc/UTC,37.0,127.0,2025-07-10,2025-07-10T08:00:00Z,2025-07-10T14:00:00Z,133.63731435,GELA_SYNTHETIC_FIXTURE,SYN_B,2026-07-26T00:00:00Z
SYN_C,CCC,合成市场C,合成指数C,cash_index,price,CCC,Etc/UTC,51.0,10.0,2025-07-10,2025-07-10T15:00:00Z,2025-07-10T21:00:00Z,101.28161115,GELA_SYNTHETIC_FIXTURE,SYN_C,2026-07-26T00:00:00Z
SYN_A,AAA,合成市场A,合成指数A,cash_index,price,AAA,Etc/UTC,35.0,-95.0,2025-07-11,2025-07-11T00:00:00Z,2025-07-11T06:00:00Z,135.97200171,GELA_SYNTHETIC_FIXTURE,SYN_A,2026-07-26T00:00:00Z
SYN_B,BBB,合成市场B,合成指数B,cash_index,price,BBB,Etc/UTC,37.0,127.0,2025-07-11,2025-07-11T08:00:00Z,2025-07-11T14:00:00Z,133.55178886,GELA_SYNTHETIC_FIXTURE,SYN_B,2026-07-26T00:00:00Z
SYN_C,CCC,合成市场C,合成指数C,cash_index,price,CCC,Etc/UTC,51.0,10.0,2025-07-11,2025-07-11T15:00:00Z,2025-07-11T21:00:00Z,101.40160796,GELA_SYNTHETIC_FIXTURE,SYN_C,2026-07-26T00:00:00Z
SYN_A,AAA,合成市场A,合成指数A,cash_index,price,AAA,Etc/UTC,35.0,-95.0,2025-07-14,2025-07-14T00:00:00Z,2025-07-14T06:00:00Z,137.07011991,GELA_SYNTHETIC_FIXTURE,SYN_A,2026-07-26T00:00:00Z
SYN_B,BBB,合成市场B,合成指数B,cash_index,price,BBB,Etc/UTC,37.0,127.0,2025-07-14,2025-07-14T08:00:00Z,2025-07-14T14:00:00Z,134.71504865,GELA_SYNTHETIC_FIXTURE,SYN_B,2026-07-26T00:00:00Z
SYN_C,CCC,合成市场C,合成指数C,cash_index,price,CCC,Etc/UTC,51.0,10.0,2025-07-14,2025-07-14T15:00:00Z,2025-07-14T21:00:00Z,101.83537302,GELA_SYNTHETIC_FIXTURE,SYN_C,2026-07-26T00:00:00Z
SYN_A,AAA,合成市场A,合成指数A,cash_index,price,AAA,Etc/UTC,35.0,-95.0,2025-07-15,2025-07-15T00:00:00Z,2025-07-15T06:00:00Z,134.67500238,GELA_SYNTHETIC_FIXTURE,SYN_A,2026-07-26T00:00:00Z
SYN_B,BBB,合成市场B,合成指数B,cash_index,price,BBB,Etc/UTC,37.0,127.0,2025-07-15,2025-07-15T08:00:00Z,2025-07-15T14:00:00Z,133.72313133,GELA_SYNTHETIC_FIXTURE,SYN_B,2026-07-26T00:00:00Z
SYN_C,CCC,合成市场C,合成指数C,cash_index,price,CCC,Etc/UTC,51.0,10.0,2025-07-15,2025-07-15T15:00:00Z,2025-07-15T21:00:00Z,100.22884327,GELA_SYNTHETIC_FIXTURE,SYN_C,2026-07-26T00:00:00Z
SYN_A,AAA,合成市场A,合成指数A,cash_index,price,AAA,Etc/UTC,35.0,-95.0,2025-07-16,2025-07-16T00:00:00Z,2025-07-16T06:00:00Z,136.70899789,GELA_SYNTHETIC_FIXTURE,SYN_A,2026-07-26T00:00:00Z
SYN_B,BBB,合成市场B,合成指数B,cash_index,price,BBB,Etc/UTC,37.0,127.0,2025-07-16,2025-07-16T08:00:00Z,2025-07-16T14:00:00Z,136.04228983,GELA_SYNTHETIC_FIXTURE,SYN_B,2026-07-26T00:00:00Z
SYN_C,CCC,合成市场C,合成指数C,cash_index,price,CCC,Etc/UTC,51.0,10.0,2025-07-16,2025-07-16T15:00:00Z,2025-07-16T21:00:00Z,100.37180042,GELA_SYNTHETIC_FIXTURE,SYN_C,2026-07-26T00:00:00Z
SYN_A,AAA,合成市场A,合成指数A,cash_index,price,AAA,Etc/UTC,35.0,-95.0,2025-07-17,2025-07-17T00:00:00Z,2025-07-17T06:00:00Z,136.78890509,GELA_SYNTHETIC_FIXTURE,SYN_A,2026-07-26T00:00:00Z
SYN_B,BBB,合成市场B,合成指数B,cash_index,price,BBB,Etc/UTC,37.0,127.0,2025-07-17,2025-07-17T08:00:00Z,2025-07-17T14:00:00Z,135.88490331,GELA_SYNTHETIC_FIXTURE,SYN_B,2026-07-26T00:00:00Z
SYN_C,CCC,合成市场C,合成指数C,cash_index,price,CCC,Etc/UTC,51.0,10.0,2025-07-17,2025-07-17T15:00:00Z,2025-07-17T21:00:00Z,101.40613169,GELA_SYNTHETIC_FIXTURE,SYN_C,2026-07-26T00:00:00Z
SYN_A,AAA,合成市场A,合成指数A,cash_index,price,AAA,Etc/UTC,35.0,-95.0,2025-07-18,2025-07-18T00:00:00Z,2025-07-18T06:00:00Z,135.82238061,GELA_SYNTHETIC_FIXTURE,SYN_A,2026-07-26T00:00:00Z
SYN_B,BBB,合成市场B,合成指数B,cash_index,price,BBB,Etc/UTC,37.0,127.0,2025-07-18,2025-07-18T08:00:00Z,2025-07-18T14:00:00Z,135.33449061,GELA_SYNTHETIC_FIXTURE,SYN_B,2026-07-26T00:00:00Z
SYN_C,CCC,合成市场C,合成指数C,cash_index,price,CCC,Etc/UTC,51.0,10.0,2025-07-18,2025-07-18T15:00:00Z,2025-07-18T21:00:00Z,101.86715025,GELA_SYNTHETIC_FIXTURE,SYN_C,2026-07-26T00:00:00Z
SYN_A,AAA,合成市场A,合成指数A,cash_index,price,AAA,Etc/UTC,35.0,-95.0,2025-07-21,2025-07-21T00:00:00Z,2025-07-21T06:00:00Z,136.08874609,GELA_SYNTHETIC_FIXTURE,SYN_A,2026-07-26T00:00:00Z
SYN_B,BBB,合成市场B,合成指数B,cash_index,price,BBB,Etc/UTC,37.0,127.0,2025-07-21,2025-07-21T08:00:00Z,2025-07-21T14:00:00Z,134.72201832,GELA_SYNTHETIC_FIXTURE,SYN_B,2026-07-26T00:00:00Z
SYN_C,CCC,合成市场C,合成指数C,cash_index,price,CCC,Etc/UTC,51.0,10.0,2025-07-21,2025-07-21T15:00:00Z,2025-07-21T21:00:00Z,101.00815302,GELA_SYNTHETIC_FIXTURE,SYN_C,2026-07-26T00:00:00Z
SYN_A,AAA,合成市场A,合成指数A,cash_index,price,AAA,Etc/UTC,35.0,-95.0,2025-07-22,2025-07-22T00:00:00Z,2025-07-22T06:00:00Z,137.18218759,GELA_SYNTHETIC_FIXTURE,SYN_A,2026-07-26T00:00:00Z
SYN_B,BBB,合成市场B,合成指数B,cash_index,price,BBB,Etc/UTC,37.0,127.0,2025-07-22,2025-07-22T08:00:00Z,2025-07-22T14:00:00Z,135.78438028,GELA_SYNTHETIC_FIXTURE,SYN_B,2026-07-26T00:00:00Z
SYN_C,CCC,合成市场C,合成指数C,cash_index,price,CCC,Etc/UTC,51.0,10.0,2025-07-22,2025-07-22T15:00:00Z,2025-07-22T21:00:00Z,100.58542727,GELA_SYNTHETIC_FIXTURE,SYN_C,2026-07-26T00:00:00Z
SYN_A,AAA,合成市场A,合成指数A,cash_index,price,AAA,Etc/UTC,35.0,-95.0,2025-07-23,2025-07-23T00:00:00Z,2025-07-23T06:00:00Z,137.91026317,GELA_SYNTHETIC_FIXTURE,SYN_A,2026-07-26T00:00:00Z
SYN_B,BBB,合成市场B,合成指数B,cash_index,price,BBB,Etc/UTC,37.0,127.0,2025-07-23,2025-07-23T08:00:00Z,2025-07-23T14:00:00Z,136.39789383,GELA_SYNTHETIC_FIXTURE,SYN_B,2026-07-26T00:00:00Z
SYN_C,CCC,合成市场C,合成指数C,cash_index,price,CCC,Etc/UTC,51.0,10.0,2025-07-23,2025-07-23T15:00:00Z,2025-07-23T21:00:00Z,101.41811301,GELA_SYNTHETIC_FIXTURE,SYN_C,2026-07-26T00:00:00Z
SYN_A,AAA,合成市场A,合成指数A,cash_index,price,AAA,Etc/UTC,35.0,-95.0,2025-07-24,2025-07-24T00:00:00Z,2025-07-24T06:00:00Z,135.86121458,GELA_SYNTHETIC_FIXTURE,SYN_A,2026-07-26T00:00:00Z
SYN_B,BBB,合成市场B,合成指数B,cash_index,price,BBB,Etc/UTC,37.0,127.0,2025-07-24,2025-07-24T08:00:00Z,2025-07-24T14:00:00Z,134.54460656,GELA_SYNTHETIC_FIXTURE,SYN_B,2026-07-26T00:00:00Z
SYN_C,CCC,合成市场C,合成指数C,cash_index,price,CCC,Etc/UTC,51.0,10.0,2025-07-24,2025-07-24T15:00:00Z,2025-07-24T21:00:00Z,100.06737323,GELA_SYNTHETIC_FIXTURE,SYN_C,2026-07-26T00:00:00Z
SYN_A,AAA,合成市场A,合成指数A,cash_index,price,AAA,Etc/UTC,35.0,-95.0,2025-07-25,2025-07-25T00:00:00Z,2025-07-25T06:00:00Z,136.57303979,GELA_SYNTHETIC_FIXTURE,SYN_A,2026-07-26T00:00:00Z
SYN_B,BBB,合成市场B,合成指数B,cash_index,price,BBB,Etc/UTC,37.0,127.0,2025-07-25,2025-07-25T08:00:00Z,2025-07-25T14:00:00Z,134.96207040,GELA_SYNTHETIC_FIXTURE,SYN_B,2026-07-26T00:00:00Z
SYN_C,CCC,合成市场C,合成指数C,cash_index,price,CCC,Etc/UTC,51.0,10.0,2025-07-25,2025-07-25T15:00:00Z,2025-07-25T21:00:00Z,100.51371660,GELA_SYNTHETIC_FIXTURE,SYN_C,2026-07-26T00:00:00Z
SYN_A,AAA,合成市场A,合成指数A,cash_index,price,AAA,Etc/UTC,35.0,-95.0,2025-07-28,2025-07-28T00:00:00Z,2025-07-28T06:00:00Z,138.83882225,GELA_SYNTHETIC_FIXTURE,SYN_A,2026-07-26T00:00:00Z
SYN_B,BBB,合成市场B,合成指数B,cash_index,price,BBB,Etc/UTC,37.0,127.0,2025-07-28,2025-07-28T08:00:00Z,2025-07-28T14:00:00Z,136.74023314,GELA_SYNTHETIC_FIXTURE,SYN_B,2026-07-26T00:00:00Z
SYN_C,CCC,合成市场C,合成指数C,cash_index,price,CCC,Etc/UTC,51.0,10.0,2025-07-28,2025-07-28T15:00:00Z,2025-07-28T21:00:00Z,99.20648400,GELA_SYNTHETIC_FIXTURE,SYN_C,2026-07-26T00:00:00Z
SYN_A,AAA,合成市场A,合成指数A,cash_index,price,AAA,Etc/UTC,35.0,-95.0,2025-07-29,2025-07-29T00:00:00Z,2025-07-29T06:00:00Z,139.34180825,GELA_SYNTHETIC_FIXTURE,SYN_A,2026-07-26T00:00:00Z
SYN_B,BBB,合成市场B,合成指数B,cash_index,price,BBB,Etc/UTC,37.0,127.0,2025-07-29,2025-07-29T08:00:00Z,2025-07-29T14:00:00Z,136.60904222,GELA_SYNTHETIC_FIXTURE,SYN_B,2026-07-26T00:00:00Z
SYN_C,CCC,合成市场C,合成指数C,cash_index,price,CCC,Etc/UTC,51.0,10.0,2025-07-29,2025-07-29T15:00:00Z,2025-07-29T21:00:00Z,99.53247829,GELA_SYNTHETIC_FIXTURE,SYN_C,2026-07-26T00:00:00Z
SYN_A,AAA,合成市场A,合成指数A,cash_index,price,AAA,Etc/UTC,35.0,-95.0,2025-07-30,2025-07-30T00:00:00Z,2025-07-30T06:00:00Z,137.57618653,GELA_SYNTHETIC_FIXTURE,SYN_A,2026-07-26T00:00:00Z
SYN_B,BBB,合成市场B,合成指数B,cash_index,price,BBB,Etc/UTC,37.0,127.0,2025-07-30,2025-07-30T08:00:00Z,2025-07-30T14:00:00Z,135.13592534,GELA_SYNTHETIC_FIXTURE,SYN_B,2026-07-26T00:00:00Z
SYN_C,CCC,合成市场C,合成指数C,cash_index,price,CCC,Etc/UTC,51.0,10.0,2025-07-30,2025-07-30T15:00:00Z,2025-07-30T21:00:00Z,101.11910192,GELA_SYNTHETIC_FIXTURE,SYN_C,2026-07-26T00:00:00Z
SYN_A,AAA,合成市场A,合成指数A,cash_index,price,AAA,Etc/UTC,35.0,-95.0,2025-07-31,2025-07-31T00:00:00Z,2025-07-31T06:00:00Z,136.15664173,GELA_SYNTHETIC_FIXTURE,SYN_A,2026-07-26T00:00:00Z
SYN_B,BBB,合成市场B,合成指数B,cash_index,price,BBB,Etc/UTC,37.0,127.0,2025-07-31,2025-07-31T08:00:00Z,2025-07-31T14:00:00Z,133.93731310,GELA_SYNTHETIC_FIXTURE,SYN_B,2026-07-26T00:00:00Z
SYN_C,CCC,合成市场C,合成指数C,cash_index,price,CCC,Etc/UTC,51.0,10.0,2025-07-31,2025-07-31T15:00:00Z,2025-07-31T21:00:00Z,101.11751052,GELA_SYNTHETIC_FIXTURE,SYN_C,2026-07-26T00:00:00Z
SYN_A,AAA,合成市场A,合成指数A,cash_index,price,AAA,Etc/UTC,35.0,-95.0,2025-08-01,2025-08-01T00:00:00Z,2025-08-01T06:00:00Z,135.48858010,GELA_SYNTHETIC_FIXTURE,SYN_A,2026-07-26T00:00:00Z
SYN_B,BBB,合成市场B,合成指数B,cash_index,price,BBB,Etc/UTC,37.0,127.0,2025-08-01,2025-08-01T08:00:00Z,2025-08-01T14:00:00Z,133.79142383,GELA_SYNTHETIC_FIXTURE,SYN_B,2026-07-26T00:00:00Z
SYN_C,CCC,合成市场C,合成指数C,cash_index,price,CCC,Etc/UTC,51.0,10.0,2025-08-01,2025-08-01T15:00:00Z,2025-08-01T21:00:00Z,102.22497559,GELA_SYNTHETIC_FIXTURE,SYN_C,2026-07-26T00:00:00Z
SYN_A,AAA,合成市场A,合成指数A,cash_index,price,AAA,Etc/UTC,35.0,-95.0,2025-08-04,2025-08-04T00:00:00Z,2025-08-04T06:00:00Z,135.54106510,GELA_SYNTHETIC_FIXTURE,SYN_A,2026-07-26T00:00:00Z
SYN_B,BBB,合成市场B,合成指数B,cash_index,price,BBB,Etc/UTC,37.0,127.0,2025-08-04,2025-08-04T08:00:00Z,2025-08-04T14:00:00Z,132.93233431,GELA_SYNTHETIC_FIXTURE,SYN_B,2026-07-26T00:00:00Z
SYN_C,CCC,合成市场C,合成指数C,cash_index,price,CCC,Etc/UTC,51.0,10.0,2025-08-04,2025-08-04T15:00:00Z,2025-08-04T21:00:00Z,102.04709677,GELA_SYNTHETIC_FIXTURE,SYN_C,2026-07-26T00:00:00Z
SYN_A,AAA,合成市场A,合成指数A,cash_index,price,AAA,Etc/UTC,35.0,-95.0,2025-08-05,2025-08-05T00:00:00Z,2025-08-05T06:00:00Z,136.17506353,GELA_SYNTHETIC_FIXTURE,SYN_A,2026-07-26T00:00:00Z
SYN_B,BBB,合成市场B,合成指数B,cash_index,price,BBB,Etc/UTC,37.0,127.0,2025-08-05,2025-08-05T08:00:00Z,2025-08-05T14:00:00Z,133.12863209,GELA_SYNTHETIC_FIXTURE,SYN_B,2026-07-26T00:00:00Z
SYN_C,CCC,合成市场C,合成指数C,cash_index,price,CCC,Etc/UTC,51.0,10.0,2025-08-05,2025-08-05T15:00:00Z,2025-08-05T21:00:00Z,101.06592372,GELA_SYNTHETIC_FIXTURE,SYN_C,2026-07-26T00:00:00Z
SYN_A,AAA,合成市场A,合成指数A,cash_index,price,AAA,Etc/UTC,35.0,-95.0,2025-08-06,2025-08-06T00:00:00Z,2025-08-06T06:00:00Z,133.75386996,GELA_SYNTHETIC_FIXTURE,SYN_A,2026-07-26T00:00:00Z
SYN_B,BBB,合成市场B,合成指数B,cash_index,price,BBB,Etc/UTC,37.0,127.0,2025-08-06,2025-08-06T08:00:00Z,2025-08-06T14:00:00Z,130.73737275,GELA_SYNTHETIC_FIXTURE,SYN_B,2026-07-26T00:00:00Z
SYN_C,CCC,合成市场C,合成指数C,cash_index,price,CCC,Etc/UTC,51.0,10.0,2025-08-06,2025-08-06T15:00:00Z,2025-08-06T21:00:00Z,102.52764909,GELA_SYNTHETIC_FIXTURE,SYN_C,2026-07-26T00:00:00Z
SYN_A,AAA,合成市场A,合成指数A,cash_index,price,AAA,Etc/UTC,35.0,-95.0,2025-08-07,2025-08-07T00:00:00Z,2025-08-07T06:00:00Z,134.51648569,GELA_SYNTHETIC_FIXTURE,SYN_A,2026-07-26T00:00:00Z
SYN_B,BBB,合成市场B,合成指数B,cash_index,price,BBB,Etc/UTC,37.0,127.0,2025-08-07,2025-08-07T08:00:00Z,2025-08-07T14:00:00Z,131.13996652,GELA_SYNTHETIC_FIXTURE,SYN_B,2026-07-26T00:00:00Z
SYN_C,CCC,合成市场C,合成指数C,cash_index,price,CCC,Etc/UTC,51.0,10.0,2025-08-07,2025-08-07T15:00:00Z,2025-08-07T21:00:00Z,103.40729644,GELA_SYNTHETIC_FIXTURE,SYN_C,2026-07-26T00:00:00Z
SYN_A,AAA,合成市场A,合成指数A,cash_index,price,AAA,Etc/UTC,35.0,-95.0,2025-08-08,2025-08-08T00:00:00Z,2025-08-08T06:00:00Z,133.06142016,GELA_SYNTHETIC_FIXTURE,SYN_A,2026-07-26T00:00:00Z
SYN_B,BBB,合成市场B,合成指数B,cash_index,price,BBB,Etc/UTC,37.0,127.0,2025-08-08,2025-08-08T08:00:00Z,2025-08-08T14:00:00Z,130.66667234,GELA_SYNTHETIC_FIXTURE,SYN_B,2026-07-26T00:00:00Z
SYN_C,CCC,合成市场C,合成指数C,cash_index,price,CCC,Etc/UTC,51.0,10.0,2025-08-08,2025-08-08T15:00:00Z,2025-08-08T21:00:00Z,103.81722194,GELA_SYNTHETIC_FIXTURE,SYN_C,2026-07-26T00:00:00Z
SYN_A,AAA,合成市场A,合成指数A,cash_index,price,AAA,Etc/UTC,35.0,-95.0,2025-08-11,2025-08-11T00:00:00Z,2025-08-11T06:00:00Z,133.22872238,GELA_SYNTHETIC_FIXTURE,SYN_A,2026-07-26T00:00:00Z
SYN_B,BBB,合成市场B,合成指数B,cash_index,price,BBB,Etc/UTC,37.0,127.0,2025-08-11,2025-08-11T08:00:00Z,2025-08-11T14:00:00Z,131.15075277,GELA_SYNTHETIC_FIXTURE,SYN_B,2026-07-26T00:00:00Z
SYN_C,CCC,合成市场C,合成指数C,cash_index,price,CCC,Etc/UTC,51.0,10.0,2025-08-11,2025-08-11T15:00:00Z,2025-08-11T21:00:00Z,104.50088512,GELA_SYNTHETIC_FIXTURE,SYN_C,2026-07-26T00:00:00Z
SYN_A,AAA,合成市场A,合成指数A,cash_index,price,AAA,Etc/UTC,35.0,-95.0,2025-08-12,2025-08-12T00:00:00Z,2025-08-12T06:00:00Z,133.09037824,GELA_SYNTHETIC_FIXTURE,SYN_A,2026-07-26T00:00:00Z
SYN_B,BBB,合成市场B,合成指数B,cash_index,price,BBB,Etc/UTC,37.0,127.0,2025-08-12,2025-08-12T08:00:00Z,2025-08-12T14:00:00Z,130.85092966,GELA_SYNTHETIC_FIXTURE,SYN_B,2026-07-26T00:00:00Z
SYN_C,CCC,合成市场C,合成指数C,cash_index,price,CCC,Etc/UTC,51.0,10.0,2025-08-12,2025-08-12T15:00:00Z,2025-08-12T21:00:00Z,104.32123214,GELA_SYNTHETIC_FIXTURE,SYN_C,2026-07-26T00:00:00Z
SYN_A,AAA,合成市场A,合成指数A,cash_index,price,AAA,Etc/UTC,35.0,-95.0,2025-08-13,2025-08-13T00:00:00Z,2025-08-13T06:00:00Z,132.25188557,GELA_SYNTHETIC_FIXTURE,SYN_A,2026-07-26T00:00:00Z
SYN_B,BBB,合成市场B,合成指数B,cash_index,price,BBB,Etc/UTC,37.0,127.0,2025-08-13,2025-08-13T08:00:00Z,2025-08-13T14:00:00Z,130.10020708,GELA_SYNTHETIC_FIXTURE,SYN_B,2026-07-26T00:00:00Z
SYN_C,CCC,合成市场C,合成指数C,cash_index,price,CCC,Etc/UTC,51.0,10.0,2025-08-13,2025-08-13T15:00:00Z,2025-08-13T21:00:00Z,103.64196722,GELA_SYNTHETIC_FIXTURE,SYN_C,2026-07-26T00:00:00Z
SYN_A,AAA,合成市场A,合成指数A,cash_index,price,AAA,Etc/UTC,35.0,-95.0,2025-08-14,2025-08-14T00:00:00Z,2025-08-14T06:00:00Z,132.74303988,GELA_SYNTHETIC_FIXTURE,SYN_A,2026-07-26T00:00:00Z
SYN_B,BBB,合成市场B,合成指数B,cash_index,price,BBB,Etc/UTC,37.0,127.0,2025-08-14,2025-08-14T08:00:00Z,2025-08-14T14:00:00Z,130.79642286,GELA_SYNTHETIC_FIXTURE,SYN_B,2026-07-26T00:00:00Z
SYN_C,CCC,合成市场C,合成指数C,cash_index,price,CCC,Etc/UTC,51.0,10.0,2025-08-14,2025-08-14T15:00:00Z,2025-08-14T21:00:00Z,104.43581151,GELA_SYNTHETIC_FIXTURE,SYN_C,2026-07-26T00:00:00Z
SYN_A,AAA,合成市场A,合成指数A,cash_index,price,AAA,Etc/UTC,35.0,-95.0,2025-08-15,2025-08-15T00:00:00Z,2025-08-15T06:00:00Z,131.91110177,GELA_SYNTHETIC_FIXTURE,SYN_A,2026-07-26T00:00:00Z
SYN_B,BBB,合成市场B,合成指数B,cash_index,price,BBB,Etc/UTC,37.0,127.0,2025-08-15,2025-08-15T08:00:00Z,2025-08-15T14:00:00Z,129.96451879,GELA_SYNTHETIC_FIXTURE,SYN_B,2026-07-26T00:00:00Z
SYN_C,CCC,合成市场C,合成指数C,cash_index,price,CCC,Etc/UTC,51.0,10.0,2025-08-15,2025-08-15T15:00:00Z,2025-08-15T21:00:00Z,104.69789528,GELA_SYNTHETIC_FIXTURE,SYN_C,2026-07-26T00:00:00Z
SYN_A,AAA,合成市场A,合成指数A,cash_index,price,AAA,Etc/UTC,35.0,-95.0,2025-08-18,2025-08-18T00:00:00Z,2025-08-18T06:00:00Z,131.50732267,GELA_SYNTHETIC_FIXTURE,SYN_A,2026-07-26T00:00:00Z
SYN_B,BBB,合成市场B,合成指数B,cash_index,price,BBB,Etc/UTC,37.0,127.0,2025-08-18,2025-08-18T08:00:00Z,2025-08-18T14:00:00Z,129.19792545,GELA_SYNTHETIC_FIXTURE,SYN_B,2026-07-26T00:00:00Z
SYN_C,CCC,合成市场C,合成指数C,cash_index,price,CCC,Etc/UTC,51.0,10.0,2025-08-18,2025-08-18T15:00:00Z,2025-08-18T21:00:00Z,105.78081377,GELA_SYNTHETIC_FIXTURE,SYN_C,2026-07-26T00:00:00Z
SYN_A,AAA,合成市场A,合成指数A,cash_index,price,AAA,Etc/UTC,35.0,-95.0,2025-08-19,2025-08-19T00:00:00Z,2025-08-19T06:00:00Z,131.27623350,GELA_SYNTHETIC_FIXTURE,SYN_A,2026-07-26T00:00:00Z
SYN_B,BBB,合成市场B,合成指数B,cash_index,price,BBB,Etc/UTC,37.0,127.0,2025-08-19,2025-08-19T08:00:00Z,2025-08-19T14:00:00Z,128.92031954,GELA_SYNTHETIC_FIXTURE,SYN_B,2026-07-26T00:00:00Z
SYN_C,CCC,合成市场C,合成指数C,cash_index,price,CCC,Etc/UTC,51.0,10.0,2025-08-19,2025-08-19T15:00:00Z,2025-08-19T21:00:00Z,105.99630155,GELA_SYNTHETIC_FIXTURE,SYN_C,2026-07-26T00:00:00Z
SYN_A,AAA,合成市场A,合成指数A,cash_index,price,AAA,Etc/UTC,35.0,-95.0,2025-08-20,2025-08-20T00:00:00Z,2025-08-20T06:00:00Z,131.79775721,GELA_SYNTHETIC_FIXTURE,SYN_A,2026-07-26T00:00:00Z
SYN_B,BBB,合成市场B,合成指数B,cash_index,price,BBB,Etc/UTC,37.0,127.0,2025-08-20,2025-08-20T08:00:00Z,2025-08-20T14:00:00Z,129.65784191,GELA_SYNTHETIC_FIXTURE,SYN_B,2026-07-26T00:00:00Z
SYN_C,CCC,合成市场C,合成指数C,cash_index,price,CCC,Etc/UTC,51.0,10.0,2025-08-20,2025-08-20T15:00:00Z,2025-08-20T21:00:00Z,106.58923513,GELA_SYNTHETIC_FIXTURE,SYN_C,2026-07-26T00:00:00Z
SYN_A,AAA,合成市场A,合成指数A,cash_index,price,AAA,Etc/UTC,35.0,-95.0,2025-08-21,2025-08-21T00:00:00Z,2025-08-21T06:00:00Z,131.63246974,GELA_SYNTHETIC_FIXTURE,SYN_A,2026-07-26T00:00:00Z
SYN_B,BBB,合成市场B,合成指数B,cash_index,price,BBB,Etc/UTC,37.0,127.0,2025-08-21,2025-08-21T08:00:00Z,2025-08-21T14:00:00Z,129.49922616,GELA_SYNTHETIC_FIXTURE,SYN_B,2026-07-26T00:00:00Z
SYN_C,CCC,合成市场C,合成指数C,cash_index,price,CCC,Etc/UTC,51.0,10.0,2025-08-21,2025-08-21T15:00:00Z,2025-08-21T21:00:00Z,109.19756651,GELA_SYNTHETIC_FIXTURE,SYN_C,2026-07-26T00:00:00Z
SYN_A,AAA,合成市场A,合成指数A,cash_index,price,AAA,Etc/UTC,35.0,-95.0,2025-08-22,2025-08-22T00:00:00Z,2025-08-22T06:00:00Z,133.01078202,GELA_SYNTHETIC_FIXTURE,SYN_A,2026-07-26T00:00:00Z
SYN_B,BBB,合成市场B,合成指数B,cash_index,price,BBB,Etc/UTC,37.0,127.0,2025-08-22,2025-08-22T08:00:00Z,2025-08-22T14:00:00Z,130.44678491,GELA_SYNTHETIC_FIXTURE,SYN_B,2026-07-26T00:00:00Z
SYN_C,CCC,合成市场C,合成指数C,cash_index,price,CCC,Etc/UTC,51.0,10.0,2025-08-22,2025-08-22T15:00:00Z,2025-08-22T21:00:00Z,109.17796626,GELA_SYNTHETIC_FIXTURE,SYN_C,2026-07-26T00:00:00Z
SYN_A,AAA,合成市场A,合成指数A,cash_index,price,AAA,Etc/UTC,35.0,-95.0,2025-08-25,2025-08-25T00:00:00Z,2025-08-25T06:00:00Z,133.91863772,GELA_SYNTHETIC_FIXTURE,SYN_A,2026-07-26T00:00:00Z
SYN_B,BBB,合成市场B,合成指数B,cash_index,price,BBB,Etc/UTC,37.0,127.0,2025-08-25,2025-08-25T08:00:00Z,2025-08-25T14:00:00Z,130.39779266,GELA_SYNTHETIC_FIXTURE,SYN_B,2026-07-26T00:00:00Z
SYN_C,CCC,合成市场C,合成指数C,cash_index,price,CCC,Etc/UTC,51.0,10.0,2025-08-25,2025-08-25T15:00:00Z,2025-08-25T21:00:00Z,108.96376025,GELA_SYNTHETIC_FIXTURE,SYN_C,2026-07-26T00:00:00Z
SYN_A,AAA,合成市场A,合成指数A,cash_index,price,AAA,Etc/UTC,35.0,-95.0,2025-08-26,2025-08-26T00:00:00Z,2025-08-26T06:00:00Z,134.14979935,GELA_SYNTHETIC_FIXTURE,SYN_A,2026-07-26T00:00:00Z
SYN_B,BBB,合成市场B,合成指数B,cash_index,price,BBB,Etc/UTC,37.0,127.0,2025-08-26,2025-08-26T08:00:00Z,2025-08-26T14:00:00Z,130.55497225,GELA_SYNTHETIC_FIXTURE,SYN_B,2026-07-26T00:00:00Z
SYN_C,CCC,合成市场C,合成指数C,cash_index,price,CCC,Etc/UTC,51.0,10.0,2025-08-26,2025-08-26T15:00:00Z,2025-08-26T21:00:00Z,108.23001172,GELA_SYNTHETIC_FIXTURE,SYN_C,2026-07-26T00:00:00Z
SYN_A,AAA,合成市场A,合成指数A,cash_index,price,AAA,Etc/UTC,35.0,-95.0,2025-08-27,2025-08-27T00:00:00Z,2025-08-27T06:00:00Z,135.22248295,GELA_SYNTHETIC_FIXTURE,SYN_A,2026-07-26T00:00:00Z
SYN_B,BBB,合成市场B,合成指数B,cash_index,price,BBB,Etc/UTC,37.0,127.0,2025-08-27,2025-08-27T08:00:00Z,2025-08-27T14:00:00Z,130.95558027,GELA_SYNTHETIC_FIXTURE,SYN_B,2026-07-26T00:00:00Z
SYN_C,CCC,合成市场C,合成指数C,cash_index,price,CCC,Etc/UTC,51.0,10.0,2025-08-27,2025-08-27T15:00:00Z,2025-08-27T21:00:00Z,108.09847908,GELA_SYNTHETIC_FIXTURE,SYN_C,2026-07-26T00:00:00Z
SYN_A,AAA,合成市场A,合成指数A,cash_index,price,AAA,Etc/UTC,35.0,-95.0,2025-08-28,2025-08-28T00:00:00Z,2025-08-28T06:00:00Z,136.11748845,GELA_SYNTHETIC_FIXTURE,SYN_A,2026-07-26T00:00:00Z
SYN_B,BBB,合成市场B,合成指数B,cash_index,price,BBB,Etc/UTC,37.0,127.0,2025-08-28,2025-08-28T08:00:00Z,2025-08-28T14:00:00Z,130.73184523,GELA_SYNTHETIC_FIXTURE,SYN_B,2026-07-26T00:00:00Z
SYN_C,CCC,合成市场C,合成指数C,cash_index,price,CCC,Etc/UTC,51.0,10.0,2025-08-28,2025-08-28T15:00:00Z,2025-08-28T21:00:00Z,108.17231674,GELA_SYNTHETIC_FIXTURE,SYN_C,2026-07-26T00:00:00Z
SYN_A,AAA,合成市场A,合成指数A,cash_index,price,AAA,Etc/UTC,35.0,-95.0,2025-08-29,2025-08-29T00:00:00Z,2025-08-29T06:00:00Z,137.42931027,GELA_SYNTHETIC_FIXTURE,SYN_A,2026-07-26T00:00:00Z
SYN_B,BBB,合成市场B,合成指数B,cash_index,price,BBB,Etc/UTC,37.0,127.0,2025-08-29,2025-08-29T08:00:00Z,2025-08-29T14:00:00Z,131.76880392,GELA_SYNTHETIC_FIXTURE,SYN_B,2026-07-26T00:00:00Z
SYN_C,CCC,合成市场C,合成指数C,cash_index,price,CCC,Etc/UTC,51.0,10.0,2025-08-29,2025-08-29T15:00:00Z,2025-08-29T21:00:00Z,107.12063730,GELA_SYNTHETIC_FIXTURE,SYN_C,2026-07-26T00:00:00Z
SYN_A,AAA,合成市场A,合成指数A,cash_index,price,AAA,Etc/UTC,35.0,-95.0,2025-09-01,2025-09-01T00:00:00Z,2025-09-01T06:00:00Z,137.81899930,GELA_SYNTHETIC_FIXTURE,SYN_A,2026-07-26T00:00:00Z
SYN_B,BBB,合成市场B,合成指数B,cash_index,price,BBB,Etc/UTC,37.0,127.0,2025-09-01,2025-09-01T08:00:00Z,2025-09-01T14:00:00Z,132.73724227,GELA_SYNTHETIC_FIXTURE,SYN_B,2026-07-26T00:00:00Z
SYN_C,CCC,合成市场C,合成指数C,cash_index,price,CCC,Etc/UTC,51.0,10.0,2025-09-01,2025-09-01T15:00:00Z,2025-09-01T21:00:00Z,106.88290322,GELA_SYNTHETIC_FIXTURE,SYN_C,2026-07-26T00:00:00Z
SYN_A,AAA,合成市场A,合成指数A,cash_index,price,AAA,Etc/UTC,35.0,-95.0,2025-09-02,2025-09-02T00:00:00Z,2025-09-02T06:00:00Z,139.19924051,GELA_SYNTHETIC_FIXTURE,SYN_A,2026-07-26T00:00:00Z
SYN_B,BBB,合成市场B,合成指数B,cash_index,price,BBB,Etc/UTC,37.0,127.0,2025-09-02,2025-09-02T08:00:00Z,2025-09-02T14:00:00Z,133.99553814,GELA_SYNTHETIC_FIXTURE,SYN_B,2026-07-26T00:00:00Z
SYN_C,CCC,合成市场C,合成指数C,cash_index,price,CCC,Etc/UTC,51.0,10.0,2025-09-02,2025-09-02T15:00:00Z,2025-09-02T21:00:00Z,106.80181971,GELA_SYNTHETIC_FIXTURE,SYN_C,2026-07-26T00:00:00Z
SYN_A,AAA,合成市场A,合成指数A,cash_index,price,AAA,Etc/UTC,35.0,-95.0,2025-09-03,2025-09-03T00:00:00Z,2025-09-03T06:00:00Z,139.87319356,GELA_SYNTHETIC_FIXTURE,SYN_A,2026-07-26T00:00:00Z
SYN_B,BBB,合成市场B,合成指数B,cash_index,price,BBB,Etc/UTC,37.0,127.0,2025-09-03,2025-09-03T08:00:00Z,2025-09-03T14:00:00Z,135.27122026,GELA_SYNTHETIC_FIXTURE,SYN_B,2026-07-26T00:00:00Z
SYN_C,CCC,合成市场C,合成指数C,cash_index,price,CCC,Etc/UTC,51.0,10.0,2025-09-03,2025-09-03T15:00:00Z,2025-09-03T21:00:00Z,105.85548599,GELA_SYNTHETIC_FIXTURE,SYN_C,2026-07-26T00:00:00Z
SYN_A,AAA,合成市场A,合成指数A,cash_index,price,AAA,Etc/UTC,35.0,-95.0,2025-09-04,2025-09-04T00:00:00Z,2025-09-04T06:00:00Z,140.85048279,GELA_SYNTHETIC_FIXTURE,SYN_A,2026-07-26T00:00:00Z
SYN_B,BBB,合成市场B,合成指数B,cash_index,price,BBB,Etc/UTC,37.0,127.0,2025-09-04,2025-09-04T08:00:00Z,2025-09-04T14:00:00Z,136.04624955,GELA_SYNTHETIC_FIXTURE,SYN_B,2026-07-26T00:00:00Z
SYN_C,CCC,合成市场C,合成指数C,cash_index,price,CCC,Etc/UTC,51.0,10.0,2025-09-04,2025-09-04T15:00:00Z,2025-09-04T21:00:00Z,106.49954380,GELA_SYNTHETIC_FIXTURE,SYN_C,2026-07-26T00:00:00Z
SYN_A,AAA,合成市场A,合成指数A,cash_index,price,AAA,Etc/UTC,35.0,-95.0,2025-09-05,2025-09-05T00:00:00Z,2025-09-05T06:00:00Z,139.96040520,GELA_SYNTHETIC_FIXTURE,SYN_A,2026-07-26T00:00:00Z
SYN_B,BBB,合成市场B,合成指数B,cash_index,price,BBB,Etc/UTC,37.0,127.0,2025-09-05,2025-09-05T08:00:00Z,2025-09-05T14:00:00Z,135.85672825,GELA_SYNTHETIC_FIXTURE,SYN_B,2026-07-26T00:00:00Z
SYN_C,CCC,合成市场C,合成指数C,cash_index,price,CCC,Etc/UTC,51.0,10.0,2025-09-05,2025-09-05T15:00:00Z,2025-09-05T21:00:00Z,107.49061964,GELA_SYNTHETIC_FIXTURE,SYN_C,2026-07-26T00:00:00Z
SYN_A,AAA,合成市场A,合成指数A,cash_index,price,AAA,Etc/UTC,35.0,-95.0,2025-09-08,2025-09-08T00:00:00Z,2025-09-08T06:00:00Z,139.66154890,GELA_SYNTHETIC_FIXTURE,SYN_A,2026-07-26T00:00:00Z
SYN_B,BBB,合成市场B,合成指数B,cash_index,price,BBB,Etc/UTC,37.0,127.0,2025-09-08,2025-09-08T08:00:00Z,2025-09-08T14:00:00Z,135.76207168,GELA_SYNTHETIC_FIXTURE,SYN_B,2026-07-26T00:00:00Z
SYN_C,CCC,合成市场C,合成指数C,cash_index,price,CCC,Etc/UTC,51.0,10.0,2025-09-08,2025-09-08T15:00:00Z,2025-09-08T21:00:00Z,108.02790698,GELA_SYNTHETIC_FIXTURE,SYN_C,2026-07-26T00:00:00Z
