strategy_id,samples,pass_rate,avg_total_gap,median_total_gap,avg_annualized_gap,avg_drawdown_improvement,avg_strategy_return,avg_buy_hold_return,avg_var_5,avg_cvar_5,avg_turnover,avg_trades,bundle_warning,engine,approval_state,requires_exact_validation,requires_fund_rule_review,requires_user_approval_before_quantlab_write
bw99_none_none_ma_trend_full_none,600,1.0,-0.0010581490537088,-0.0002202533335339,0.0001281328986913,0.0024961971395914,0.1850991499850815,0.1861572990387903,-0.0280540488427671,-0.0500176660942534,1.1289099031267356,242.58,,exact_backtest,external_evidence_only,False,False,True
bw99_boll_or_rsi_none_ma_trend_full_none,600,1.0,-0.0006372389130336,-0.0001710091618006,0.000106893734431,0.001475665758973,0.1855200601257567,0.1861572990387903,-0.0282575145714452,-0.0503447595095106,1.3183408815790554,215.60666666666663,,exact_backtest,external_evidence_only,False,False,True
bw98_boll_or_rsi_none_ma_trend_full_none,600,0.995,-0.0012763069920506,-0.0003435487709659,0.0002111871864847,0.0027994726023802,0.1848809920467397,0.1861572990387903,-0.0284491792105943,-0.0508652493517296,1.635185605981615,215.6233333333333,,exact_backtest,external_evidence_only,False,False,True
