strategy_id,samples,pass_rate,avg_total_gap,median_total_gap,avg_annualized_gap,avg_drawdown_improvement,avg_strategy_return,avg_buy_hold_return,avg_var_5,avg_cvar_5,avg_turnover,avg_trades,bundle_warning,engine,approval_state,requires_exact_validation,requires_fund_rule_review,requires_user_approval_before_quantlab_write
bw92_none_none_none_drawdown_90,123,1.0,0.0154750982322516,0.0168500203455858,0.0120422057403956,0.0283984226787211,-0.155178242274876,-0.1706533405071277,-0.0157079893549331,-0.0346489944604273,1.233623336904569,420.0487804878049,,exact_backtest,external_evidence_only,False,False,True
bw92_none_none_none_ma60_break_90,159,1.0,0.0112445467385495,0.0116668260851303,0.0095918680260338,0.0295532853094425,-0.1069775952019815,-0.118222141940531,-0.0159270089687032,-0.0335291500673043,1.8306786061157725,495.66037735849056,,exact_backtest,external_evidence_only,False,False,True
bw92_none_none_none_atr_96,159,1.0,0.0112034563068355,0.0125019830574611,0.0091974329079852,0.0257177262157564,-0.1070186856336954,-0.118222141940531,-0.0157852489578694,-0.0335193408038509,1.2077911006124942,495.66037735849056,,exact_backtest,external_evidence_only,False,False,True
bw92_none_none_none_none,159,1.0,0.0112034563068355,0.0125019830574611,0.0091974329079852,0.0257177262157564,-0.1070186856336954,-0.118222141940531,-0.0157852489578694,-0.0335193408038509,1.2077911006124942,495.66037735849056,,exact_backtest,external_evidence_only,False,False,True
