strategy_id,samples,pass_rate,avg_total_gap,median_total_gap,avg_annualized_gap,avg_drawdown_improvement,avg_strategy_return,avg_buy_hold_return,avg_var_5,avg_cvar_5,avg_turnover,avg_trades,avg_subscription_fee,avg_redemption_fee,promotion_state,requires_quantlab_exact_rerun,requires_user_approval_before_strategy_library_write
bw92_none_none_strong_trend_full_none,1,1.0,-0.0027000234168608,-0.0027000234168608,-0.0210588831510152,0.0001198202695956,0.0337074034049442,0.036407426821805,0.0007323522403636,-0.0006889665501747,1.0030574481256822,35.0,150.11558599620858,1.5145649613717975,external_candidate,True,True
bw92_none_none_none_atr_96,1,1.0,-0.0029771163553102,-0.0029771163553102,-0.0232031394248819,0.0001198202695956,0.0334303104664948,0.036407426821805,0.0008416657952515,-0.0006889665501747,0.9213870874249646,39.0,137.7988245080914,1.7352562380675227,external_candidate,True,True
bw92_none_none_none_drawdown_90,1,1.0,-0.0029771163553102,-0.0029771163553102,-0.0232031394248819,0.0001198202695956,0.0334303104664948,0.036407426821805,0.0008416657952515,-0.0006889665501747,0.9213870874249646,39.0,137.7988245080914,1.7352562380675227,external_candidate,True,True
bw92_none_none_none_ma60_break_90,1,1.0,-0.0029771163553102,-0.0029771163553102,-0.0232031394248819,0.0001198202695956,0.0334303104664948,0.036407426821805,0.0008416657952515,-0.0006889665501747,0.9213870874249646,39.0,137.7988245080914,1.7352562380675227,external_candidate,True,True
bw92_none_none_none_none,1,1.0,-0.0029771163553102,-0.0029771163553102,-0.0232031394248819,0.0001198202695956,0.0334303104664948,0.036407426821805,0.0008416657952515,-0.0006889665501747,0.9213870874249646,39.0,137.7988245080914,1.7352562380675227,external_candidate,True,True
