strategy_id,status,samples,pass_rate,avg_total_gap,avg_annualized_gap,avg_drawdown_improvement,avg_var_5,avg_cvar_5,avg_turnover,avg_trades,requires_quantlab_exact_rerun,requires_user_approval,source_bundle_dir
bw92_boll_or_rsi_none_ma_trend_full_atr_96,ReviewOnly,300,0.93,-0.0217695572215818,-0.0077624201447112,0.008905982578798,-0.0243899007348624,-0.0373481568307278,3.621430952952621,273.64666666666665,False,True,handoff/quantlab_bundle_moomoo_batch100_top20_finalist_3windows
bw92_rsi_35_none_ma_trend_full_atr_96,ReviewOnly,300,0.93,-0.0217192413858947,-0.0077862936823474,0.0091080811884249,-0.0243811918691239,-0.0373365419810089,3.5065797964913235,273.9166666666667,False,True,handoff/quantlab_bundle_moomoo_batch100_top20_finalist_3windows
bw92_boll_or_rsi_none_ma_trend_full_none,ReviewOnly,300,0.9266666666666666,-0.0200126775739779,-0.0095994819402326,0.005808369932209,-0.0245809017953838,-0.0379078766432592,3.4298448504920067,215.59333333333333,False,True,handoff/quantlab_bundle_moomoo_batch100_top20_finalist_3windows
bw92_none_none_ma_trend_full_atr_96,ReviewOnly,300,0.9133333333333332,-0.0225000182918418,-0.006655053671922,0.0122442486299087,-0.024209980623485,-0.0368737487617066,2.404273476551433,283.2633333333333,False,True,handoff/quantlab_bundle_moomoo_batch100_top20_finalist_3windows
bw92_none_none_ma_trend_full_none,ReviewOnly,300,0.9133333333333332,-0.0221730541672318,-0.0077624745127479,0.0109272353646435,-0.0243144023959158,-0.037075440591039,2.0100568232637395,238.46666666666667,False,True,handoff/quantlab_bundle_moomoo_batch100_top20_finalist_3windows
