strategy_id,samples,pass_rate,avg_total_gap,median_total_gap,avg_annualized_gap,avg_drawdown_improvement,avg_strategy_return,avg_buy_hold_return,avg_var_5,avg_cvar_5,avg_turnover,avg_trades,bundle_warning,engine,approval_state,requires_exact_validation,requires_user_approval_before_quantlab_write
bw92_none_none_none_atr_96,3,0.3333333333333333,-0.0179277083756471,-0.0205821216031654,-0.039336806736635,0.0064937652512436,0.1938742156266466,0.2118019240022937,-0.0158964730534206,-0.0187533809408815,1.0213495847690262,139.0,no_strategy_met_filters; exported_top_ranked_for_review_only,exact_backtest,external_evidence_only,False,True
bw92_none_none_none_none,3,0.3333333333333333,-0.0179277083756471,-0.0205821216031654,-0.039336806736635,0.0064937652512436,0.1938742156266466,0.2118019240022937,-0.0158964730534206,-0.0187533809408815,1.0213495847690262,139.0,no_strategy_met_filters; exported_top_ranked_for_review_only,exact_backtest,external_evidence_only,False,True
bw92_none_none_none_ma60_break_90,3,0.0,-0.0199286994595114,-0.0225932289472006,-0.0433593643195017,0.0067099055434785,0.1918732245427823,0.2118019240022937,-0.0158964730534206,-0.018716577710906,1.197637066268788,139.0,no_strategy_met_filters; exported_top_ranked_for_review_only,exact_backtest,external_evidence_only,False,True
