strategy_id,samples,pass_rate,avg_total_gap,median_total_gap,avg_annualized_gap,avg_drawdown_improvement,avg_strategy_return,avg_buy_hold_return,avg_var_5,avg_cvar_5,avg_turnover,avg_trades,bundle_warning,engine,approval_state,requires_exact_validation,requires_user_approval_before_quantlab_write
bw92_none_none_ma_trend_full_drawdown_90,1,1.0,-0.0060791415875309,-0.0060791415875309,-0.0072438104948056,0.0073948988281788,0.2578102099292982,0.2638893515168292,-0.0171445156762424,-0.0195587322072618,1.16,4.0,,fast_screen,external_evidence_only,True,True
bw92_none_none_ma_trend_full_none,1,1.0,-0.0060791415875309,-0.0060791415875309,-0.0072438104948056,0.0073948988281788,0.2578102099292982,0.2638893515168292,-0.0171445156762424,-0.0195587322072618,1.16,4.0,,fast_screen,external_evidence_only,True,True
bw92_none_none_ma_trend_full_atr_96,1,1.0,-0.0071198130746696,-0.0071198130746696,-0.008483330382254,0.0073948988281788,0.2567695384421595,0.2638893515168292,-0.0171445156762424,-0.0195587322072618,1.6400000000000003,16.0,,fast_screen,external_evidence_only,True,True
bw92_none_none_strong_trend_full_atr_96,1,1.0,-0.0197934873201295,-0.0197934873201295,-0.0235662097048672,0.0073948988281788,0.2440958641966997,0.2638893515168292,-0.0163479650821703,-0.019110219863195,1.9599999999999995,18.0,,fast_screen,external_evidence_only,True,True
bw92_none_none_ma_trend_full_ma60_break_90,1,1.0,-0.0201935688845456,-0.0201935688845456,-0.0240419692249889,0.0076921211120924,0.2436957826322836,0.2638893515168292,-0.0165425426636275,-0.0194789744664859,2.2,23.0,,fast_screen,external_evidence_only,True,True
